Rk,I,Player,Split,Year,G,PA,PAtot,%,GS,AB,R,H,2B,3B,HR,RBI,SB,CS,BB,SO,BA,OBP,SLG,OPS,TB,GDP,HBP,SH,SF,IBB,ROE,BAbip,tOPS+,sOPS+,Player-additional,PA_next,%_next,H_next,RBI_next,BA_next,OBP_next,SLG_next
167,,Bobby Abreu,Men On,2006,145,343,686,50.0,,265,96,94,23,1,13,105,30,6,66,65,0.355,0.472,0.596,1.068,158,13,1,2,9,6,3,0.413,140,171,abreubo01,363,51.9,86,91,0.275,0.355,0.425
59,,Bobby Abreu,Men On,2007,148,363,699,51.9,,313,113,86,21,4,6,91,25,8,42,60,0.275,0.355,0.425,0.78,133,11,1,0,7,0,0,0.315,92,100,abreubo01,330,48.2,92,93,0.317,0.397,0.541
328,,Bobby Abreu,Men On,2008,144,330,684,48.2,,290,93,92,24,1,13,93,22,11,39,46,0.317,0.397,0.541,0.938,157,14,0,0,1,2,2,0.341,122,142,abreubo01,332,49.8,91,93,0.338,0.437,0.465
188,,Bobby Abreu,Men On,2009,139,332,667,49.8,,269,86,91,19,0,5,93,30,8,53,45,0.338,0.437,0.465,0.901,125,15,1,0,9,7,3,0.377,119,138,abreubo01,271,40.6,59,66,0.26,0.362,0.427
1181,,Bobby Abreu,Men On,2010,132,271,667,40.6,,227,76,59,14,0,8,66,24,10,38,54,0.26,0.362,0.427,0.789,97,13,1,0,5,3,4,0.3,101,110,abreubo01,243,41.5,57,57,0.278,0.376,0.434
807,,José Abreu,Men On,2014,133,277,622,44.5,,234,62,73,8,1,18,89,3,1,32,58,0.312,0.404,0.585,0.99,137,14,7,0,4,15,6,0.34,106,171,abreujo02,286,42.8,84,83,0.332,0.406,0.553
1465,,Jose Altuve,Men On,2012,113,206,630,32.7,,183,75,56,7,1,2,32,33,11,12,15,0.306,0.351,0.388,0.739,71,8,3,4,4,0,5,0.318,101,99,altuvjo01,260,38.7,65,49,0.275,0.301,0.36
1280,,Jose Altuve,Men On,2013,136,260,672,38.7,,236,61,65,12,1,2,49,35,13,12,25,0.275,0.301,0.36,0.661,85,24,0,4,8,5,3,0.29,94,82,altuvjo01,269,38.0,84,55,0.343,0.381,0.453
1295,,Jose Altuve,Men On,2014,137,269,707,38.0,,245,81,84,18,0,3,55,56,9,16,14,0.343,0.381,0.453,0.834,111,20,2,1,5,7,4,0.348,101,131,altuvjo01,245,35.6,66,56,0.304,0.351,0.438
992,,Pedro Álvarez,Men On,2012,128,252,586,43.0,,218,49,55,10,0,15,70,1,0,31,67,0.252,0.341,0.505,0.846,110,10,0,0,3,6,2,0.288,116,124,alvarpe01,300,48.9,64,75,0.242,0.317,0.434
934,,Garret Anderson,Men On,2008,121,258,593,43.5,,235,61,85,12,1,10,79,7,4,17,29,0.362,0.395,0.549,0.944,129,11,0,0,6,6,2,0.371,148,144,anderga01,236,44.2,56,53,0.262,0.292,0.374
1194,,Elvis Andrus,Men On,2009,118,218,541,40.3,,184,67,51,9,4,1,35,33,6,17,28,0.277,0.34,0.386,0.726,71,4,2,12,3,0,2,0.316,107,91,andruel01,236,35.0,65,35,0.339,0.42,0.385
1403,,Elvis Andrus,Men On,2010,122,236,674,35.0,,192,88,65,5,2,0,35,32,15,27,29,0.339,0.42,0.385,0.806,74,6,0,17,0,0,4,0.399,151,117,andruel01,287,43.2,68,56,0.278,0.343,0.355
973,,Elvis Andrus,Men On,2011,136,287,665,43.2,,245,92,68,12,2,1,56,37,12,22,34,0.278,0.343,0.355,0.698,87,17,3,16,1,0,2,0.318,97,91,andruel01,276,38.8,78,59,0.336,0.394,0.448
1274,,Elvis Andrus,Men On,2012,135,276,711,38.8,,232,82,78,16,5,0,59,21,10,22,34,0.336,0.394,0.448,0.842,104,15,2,17,3,0,2,0.388,131,126,andruel01,312,44.7,71,65,0.267,0.321,0.331
781,,Elvis Andrus,Men On,2013,144,312,698,44.7,,266,89,71,5,3,2,65,42,8,21,41,0.267,0.321,0.331,0.652,88,19,3,16,6,1,6,0.301,98,81,andruel01,279,40.7,62,41,0.255,0.301,0.329
1174,,Elvis Andrus,Men On,2014,135,279,685,40.7,,243,72,62,12,0,2,41,27,15,17,34,0.255,0.301,0.329,0.63,80,21,2,9,7,0,5,0.28,95,75,andruel01,289,43.7,63,59,0.252,0.302,0.344
1483,,Nori Aoki,Men On,2012,113,187,588,31.8,,153,73,46,11,0,2,42,30,8,20,19,0.301,0.378,0.412,0.79,63,6,2,7,5,1,5,0.321,102,113,aokino01,193,28.6,41,29,0.253,0.33,0.302
1506,,Nori Aoki,Men On,2013,118,193,674,28.6,,162,72,41,6,1,0,29,20,12,17,8,0.253,0.33,0.302,0.632,49,9,3,8,3,1,5,0.261,74,77,aokino01,213,38.8,59,43,0.33,0.41,0.413
131,,Garrett Atkins,Men On,2006,147,350,695,50.4,,292,102,99,25,1,14,105,4,0,45,30,0.339,0.429,0.575,1.004,168,24,6,0,7,6,1,0.333,108,154,atkinga01,359,52.5,98,101,0.32,0.393,0.526
42,,Garrett Atkins,Men On,2007,145,359,684,52.5,,306,73,98,18,0,15,101,3,1,42,46,0.32,0.393,0.526,0.919,161,16,1,0,10,3,0,0.325,115,135,atkinga01,365,55.0,84,94,0.256,0.304,0.448
659,,Erick Aybar,Men On,2009,118,254,556,45.7,,225,66,66,10,4,2,55,14,7,11,28,0.293,0.322,0.4,0.722,90,9,1,12,5,1,2,0.32,86,89,aybarer01,223,37.9,52,24,0.267,0.316,0.349
1299,,Erick Aybar,Men On,2010,116,223,589,37.9,,195,64,52,8,4,0,24,22,8,12,36,0.267,0.316,0.349,0.665,68,7,3,11,2,1,3,0.323,109,78,aybarer01,226,37.4,55,52,0.274,0.313,0.453
1318,,Erick Aybar,Men On,2011,120,226,605,37.4,,201,64,55,17,5,3,52,30,6,11,21,0.274,0.313,0.453,0.766,91,13,2,9,3,1,1,0.289,105,107,aybarer01,243,43.9,62,38,0.283,0.323,0.388
885,,Erick Aybar,Men On,2012,125,243,554,43.9,,219,60,62,12,4,1,38,20,4,11,25,0.283,0.323,0.388,0.712,85,11,3,7,2,1,5,0.313,93,91,aybarer01,228,38.7,60,50,0.294,0.323,0.392
1281,,Erick Aybar,Men On,2013,120,228,589,38.7,,204,64,60,10,2,2,50,12,7,10,23,0.294,0.323,0.392,0.715,80,14,1,8,5,1,2,0.315,110,97,aybarer01,293,45.6,78,65,0.299,0.341,0.41
675,,Erick Aybar,Men On,2014,134,293,642,45.6,,261,74,78,15,1,4,65,16,9,19,30,0.299,0.341,0.41,0.751,107,10,2,3,8,4,3,0.315,114,108,aybarer01,218,34.2,50,42,0.259,0.299,0.332
987,,Darwin Barney,Men On,2011,120,246,571,43.1,,222,65,62,11,1,1,42,9,2,9,27,0.279,0.314,0.351,0.665,78,14,4,7,4,2,4,0.308,100,82,barneda01,235,40.0,53,42,0.251,0.315,0.393
1215,,Darwin Barney,Men On,2012,127,235,588,40.0,,211,71,53,11,2,5,42,6,1,18,26,0.251,0.315,0.393,0.708,83,11,2,3,1,1,6,0.265,116,89,barneda01,252,45.4,45,36,0.204,0.26,0.281
1309,,Jason Bartlett,Men On,2009,113,213,567,37.6,,181,76,66,14,4,0,52,30,7,22,32,0.365,0.431,0.486,0.917,88,5,2,4,4,2,3,0.431,110,141,bartlja01,213,40.0,56,46,0.303,0.347,0.449
1216,,Jason Bartlett,Men On,2010,116,213,532,40.0,,185,70,56,12,3,3,46,11,6,14,27,0.303,0.347,0.449,0.795,83,6,0,11,3,1,3,0.335,135,111,bartlja01,222,35.9,48,38,0.251,0.313,0.304
1217,,José Bautista,Men On,2010,140,273,683,40.0,,222,84,59,9,2,29,99,9,2,42,49,0.266,0.388,0.716,1.104,159,10,5,0,4,2,3,0.203,119,188,bautijo02,309,47.2,71,76,0.316,0.489,0.596
887,,José Bautista,Men On,2013,114,232,528,43.9,,195,65,53,11,0,11,56,7,2,31,37,0.272,0.371,0.497,0.868,97,13,2,0,4,2,4,0.278,103,138,bautijo02,310,46.1,74,80,0.301,0.424,0.512
600,,José Bautista,Men On,2014,142,310,673,46.1,,246,78,74,16,0,12,80,6,2,54,42,0.301,0.424,0.512,0.936,126,18,3,1,6,11,1,0.313,103,159,bautijo02,305,45.8,74,90,0.302,0.413,0.58
44,,Jason Bay,Men On,2006,145,361,689,52.4,,290,79,80,19,1,13,87,11,2,60,79,0.276,0.393,0.483,0.876,140,15,2,0,9,9,1,0.324,90,123,bayja01,299,48.7,59,71,0.234,0.328,0.381
280,,Jason Bay,Men On,2007,132,299,614,48.7,,252,65,59,13,0,8,71,4,1,34,69,0.234,0.328,0.381,0.709,96,8,5,0,8,3,4,0.279,92,82,bayja01,319,47.6,72,86,0.271,0.367,0.53
387,,Jason Bay,Men On,2008,144,319,670,47.6,,266,96,72,17,2,16,86,10,0,44,61,0.271,0.367,0.53,0.897,141,7,1,0,8,4,6,0.284,100,131,bayja01,315,49.4,71,104,0.278,0.403,0.592
808,,Gordon Beckham,Men On,2011,124,248,557,44.5,,218,54,52,9,0,4,38,5,3,13,50,0.239,0.299,0.335,0.634,73,6,7,7,3,0,4,0.287,100,73,beckhgo01,252,43.3,58,50,0.256,0.299,0.374
388,,Ronnie Belliard,Men On,2006,129,281,590,47.6,,248,57,71,12,1,7,61,2,3,24,35,0.286,0.356,0.427,0.784,106,17,4,3,2,2,1,0.308,117,99,belliro01,259,46.5,72,52,0.313,0.356,0.461
389,,Adrian Beltré,Men On,2006,141,324,681,47.6,,284,73,77,15,1,10,74,11,5,30,61,0.271,0.35,0.437,0.786,124,15,6,1,3,4,6,0.31,101,100,beltrad01,317,49.6,82,83,0.282,0.328,0.464
206,,Adrian Beltré,Men On,2007,138,317,639,49.6,,291,71,82,19,2,10,83,14,2,20,55,0.282,0.328,0.464,0.792,135,18,2,0,4,2,2,0.313,99,102,beltrad01,306,50.0,66,64,0.248,0.333,0.432
311,,Adrian Beltré,Men On,2010,139,310,641,48.4,,277,69,89,25,1,13,87,2,1,23,42,0.321,0.371,0.56,0.931,155,25,3,0,7,10,1,0.332,103,145,beltrad01,266,50.7,68,89,0.281,0.316,0.541
109,,Adrian Beltré,Men On,2011,117,266,525,50.7,,242,66,68,15,0,16,89,1,1,12,23,0.281,0.316,0.541,0.857,131,13,4,0,8,0,4,0.246,92,129,beltrad01,301,46.0,81,83,0.309,0.369,0.542
612,,Adrian Beltré,Men On,2012,145,301,654,46.0,,262,76,81,8,1,17,83,1,0,27,38,0.309,0.369,0.542,0.911,142,8,3,0,9,8,4,0.296,99,141,beltrad01,338,49.0,88,72,0.29,0.358,0.426
258,,Adrian Beltré,Men On,2013,150,338,690,49.0,,303,68,88,11,0,10,72,1,0,29,41,0.29,0.358,0.426,0.784,129,17,4,0,2,12,5,0.307,80,117,beltrad01,280,45.6,77,64,0.32,0.396,0.465
676,,Adrian Beltré,Men On,2014,133,280,614,45.6,,241,66,77,17,0,6,64,1,1,33,38,0.32,0.396,0.465,0.861,112,15,1,0,5,13,3,0.351,97,138,beltrad01,317,51.2,82,75,0.292,0.347,0.466
545,,Carlos Beltrán,Men On,2006,130,287,617,46.5,,230,107,73,16,1,21,96,18,3,46,46,0.317,0.427,0.67,1.096,154,6,3,1,7,6,8,0.306,123,175,beltrca01,326,51.3,76,95,0.273,0.348,0.504
81,,Carlos Beltrán,Men On,2007,140,326,636,51.3,,278,76,76,14,1,16,95,23,2,36,65,0.273,0.348,0.504,0.851,140,8,1,1,10,10,2,0.29,95,117,beltrca01,356,50.4,85,100,0.283,0.377,0.523
189,,Carlos Beltrán,Men On,2011,132,298,598,49.8,,260,69,78,16,1,13,75,4,2,33,43,0.3,0.376,0.519,0.895,135,18,1,0,4,7,3,0.313,97,142,beltrca01,310,50.1,78,79,0.301,0.401,0.521
158,,Carlos Beltrán,Men On,2012,135,310,619,50.1,,259,65,78,13,1,14,79,13,6,45,52,0.301,0.401,0.521,0.923,135,9,1,1,4,15,3,0.325,121,146,beltrca01,271,45.2,73,69,0.296,0.333,0.457
169,,Lance Berkman,Men On,2006,143,323,646,50.0,,252,75,91,15,0,25,116,3,2,61,46,0.361,0.477,0.718,1.195,181,11,2,0,8,21,4,0.349,129,200,berkmla01,304,45.5,79,82,0.322,0.438,0.559
686,,Lance Berkman,Men On,2007,136,304,668,45.5,,245,75,79,12,2,14,82,7,3,50,49,0.322,0.438,0.559,0.997,137,11,4,0,5,11,0,0.348,123,155,berkmla01,334,50.2,91,92,0.343,0.464,0.604
145,,Lance Berkman,Men On,2008,150,334,665,50.2,,265,100,91,20,2,15,92,18,4,60,48,0.343,0.464,0.604,1.068,160,13,4,0,5,18,0,0.367,117,177,berkmla01,268,47.6,65,67,0.302,0.423,0.549
1231,,Yuniesky Betancourt,Men On,2006,133,232,584,39.7,,220,62,61,10,1,2,41,11,8,4,24,0.277,0.289,0.359,0.648,79,10,0,7,1,0,2,0.303,82,65,betanyu01,253,45.3,77,61,0.325,0.344,0.439
709,,Yuniesky Betancourt,Men On,2007,128,253,559,45.3,,237,66,77,16,1,3,61,5,4,8,21,0.325,0.344,0.439,0.783,104,10,1,3,4,3,5,0.341,117,100,betanyu01,270,45.8,66,45,0.263,0.277,0.343
642,,Yuniesky Betancourt,Men On,2008,131,270,590,45.8,,251,60,66,11,3,1,45,4,4,6,20,0.263,0.277,0.343,0.619,86,23,1,6,6,0,1,0.275,80,61,betanyu01,248,48.8,61,47,0.277,0.304,0.414
272,,Yuniesky Betancourt,Men On,2009,120,248,508,48.8,,220,38,61,10,4,4,47,3,3,11,26,0.277,0.304,0.414,0.717,91,17,0,11,6,0,4,0.291,129,87,betanyu01,280,47.6,74,69,0.282,0.304,0.42
391,,Yuniesky Betancourt,Men On,2010,138,280,588,47.6,,262,51,74,15,0,7,69,2,3,10,35,0.282,0.304,0.42,0.724,110,13,0,4,4,1,2,0.299,109,92,betanyu01,267,45.7,52,59,0.211,0.236,0.325
1327,,Craig Biggio,Men On,2006,128,226,607,37.2,,196,63,43,5,0,5,46,3,2,12,26,0.219,0.285,0.321,0.606,63,15,8,5,5,1,1,0.224,69,55,biggicr01,195,35.1,40,43,0.233,0.271,0.355
1406,,Charlie Blackmon,Men On,2014,122,226,648,34.9,,196,67,58,9,1,4,57,28,10,13,24,0.296,0.35,0.413,0.763,81,3,6,6,5,5,0,0.312,98,111,blackch02,196,28.7,53,46,0.308,0.356,0.483
519,,Casey Blake,Men On,2007,143,309,662,46.7,,273,68,62,15,1,5,65,4,5,21,59,0.227,0.289,0.344,0.634,94,14,5,5,5,2,4,0.266,64,63,blakeca01,280,46.6,66,68,0.275,0.362,0.438
529,,Casey Blake,Men On,2008,135,280,601,46.6,,240,58,66,15,0,8,68,3,0,30,51,0.275,0.362,0.438,0.8,105,12,5,1,4,11,1,0.314,100,108,blakeca01,279,49.4,66,71,0.287,0.374,0.474
229,,Casey Blake,Men On,2009,122,279,565,49.4,,230,76,66,9,2,10,71,3,4,34,59,0.287,0.374,0.474,0.848,109,12,4,1,10,8,4,0.327,104,122,blakeca01,261,45.7,61,53,0.277,0.372,0.441
1053,,Xander Bogaerts,Men On,2014,125,252,594,42.4,,223,51,43,11,0,3,37,2,3,16,60,0.193,0.252,0.283,0.535,63,11,4,2,7,1,2,0.24,63,48,bogaexa01,294,45.0,88,75,0.322,0.354,0.41
1416,,Michael Bourn,Men On,2008,98,177,514,34.4,,150,54,30,2,1,2,26,41,10,17,39,0.2,0.288,0.267,0.555,40,3,2,7,1,0,2,0.255,89,46,bournmi01,216,31.9,49,33,0.272,0.37,0.4
1479,,Michael Bourn,Men On,2009,127,216,678,31.9,,180,95,49,8,6,1,33,61,12,28,45,0.272,0.37,0.4,0.77,72,1,1,5,2,1,3,0.353,109,103,bournmi01,186,30.7,38,36,0.244,0.333,0.333
1500,,Michael Bourn,Men On,2010,115,186,605,30.7,,156,82,38,10,2,0,36,52,12,22,33,0.244,0.333,0.333,0.667,52,6,0,6,2,5,2,0.304,94,79,bournmi01,234,32.4,61,48,0.302,0.367,0.371
1469,,Michael Bourn,Men On,2011,128,234,722,32.4,,202,92,61,10,2,0,48,61,14,21,42,0.302,0.367,0.371,0.738,75,6,2,5,4,3,4,0.372,101,103,bournmi01,231,32.9,51,52,0.262,0.354,0.39
1457,,Michael Bourn,Men On,2012,121,231,703,32.9,,195,91,51,7,3,4,52,42,13,28,49,0.262,0.354,0.39,0.743,76,2,2,2,4,1,3,0.322,102,100,bournmi01,186,32.3,43,45,0.267,0.331,0.366
530,,Michael Brantley,Men On,2012,133,284,609,46.6,,244,62,72,17,1,5,59,12,9,36,20,0.295,0.38,0.434,0.815,106,7,0,0,4,12,5,0.3,117,119,brantmi02,272,44.5,74,68,0.311,0.361,0.42
809,,Michael Brantley,Men On,2013,126,272,611,44.5,,238,61,74,7,2,5,68,17,4,21,22,0.311,0.361,0.42,0.781,100,11,2,3,8,1,1,0.315,115,116,brantmi02,280,41.4,85,82,0.346,0.407,0.484
1120,,Michael Brantley,Men On,2014,135,280,676,41.4,,246,79,85,17,1,5,82,23,1,25,22,0.346,0.407,0.484,0.891,119,16,4,0,5,4,3,0.357,101,146,brantmi02,294,49.3,82,77,0.329,0.415,0.506
790,,Ryan Braun,Men On,2008,139,296,663,44.6,,269,70,70,14,3,15,84,14,4,20,57,0.26,0.314,0.502,0.816,135,13,3,0,4,4,1,0.274,85,109,braunry02,348,49.2,107,103,0.342,0.399,0.629
245,,Ryan Braun,Men On,2009,148,348,708,49.2,,313,102,107,23,2,21,103,20,6,24,63,0.342,0.399,0.629,1.029,197,6,8,0,3,1,5,0.371,118,166,braunry02,322,47.0,93,94,0.316,0.364,0.565
475,,Ryan Braun,Men On,2010,141,322,685,47.0,,294,92,93,25,0,16,94,14,3,21,54,0.316,0.364,0.565,0.929,166,17,3,0,3,1,6,0.339,113,145,braunry02,291,46.3,87,93,0.337,0.402,0.609
571,,Ryan Braun,Men On,2011,141,291,629,46.3,,258,91,87,17,4,15,93,33,6,27,41,0.337,0.402,0.609,1.011,157,9,3,0,3,2,0,0.351,103,172,braunry02,306,45.2,85,88,0.331,0.422,0.607
1137,,Ryan Braun,Men On,2014,121,239,580,41.2,,214,59,57,13,6,10,72,11,5,18,41,0.266,0.331,0.523,0.854,112,17,4,0,3,3,4,0.283,118,133,braunry02,252,44.4,72,71,0.317,0.373,0.542
791,,Domonic Brown,Men On,2013,126,241,540,44.6,,211,48,55,8,3,10,66,8,3,25,33,0.261,0.336,0.469,0.805,99,5,1,0,4,5,4,0.262,99,121,browndo01,226,44.1,54,59,0.267,0.327,0.416
160,,Jay Bruce,Men On,2010,131,287,573,50.1,,253,62,69,9,2,7,52,5,4,28,68,0.273,0.341,0.407,0.749,103,12,1,0,5,5,2,0.339,79,99,bruceja01,315,47.4,73,82,0.274,0.379,0.515
415,,Jay Bruce,Men On,2011,143,315,664,47.4,,266,69,73,13,0,17,82,8,7,43,78,0.274,0.379,0.515,0.894,137,8,3,1,2,14,1,0.324,120,142,bruceja01,277,43.8,58,78,0.251,0.35,0.498
907,,Jay Bruce,Men On,2012,138,277,633,43.8,,231,68,58,16,1,13,78,9,3,39,63,0.251,0.35,0.498,0.848,115,5,0,0,7,11,1,0.278,104,125,bruceja01,327,46.9,75,87,0.27,0.362,0.439
493,,Jay Bruce,Men On,2013,142,327,697,46.9,,278,67,75,23,0,8,87,7,3,43,80,0.27,0.362,0.439,0.801,122,9,0,0,5,13,2,0.344,102,121,bruceja01,261,47.9,61,58,0.258,0.308,0.453
359,,Jay Bruce,Men On,2014,125,261,545,47.9,,236,63,61,14,1,10,58,12,3,18,65,0.258,0.308,0.453,0.761,107,8,1,1,5,5,1,0.307,131,108,bruceja01,305,47.0,56,71,0.211,0.285,0.411
10,,Pat Burrell,Men On,2006,134,307,567,54.1,,242,65,65,14,1,14,80,0,0,61,71,0.269,0.41,0.508,0.919,123,11,0,0,4,5,2,0.317,107,133,burrepa01,287,48.0,58,82,0.266,0.415,0.532
349,,Pat Burrell,Men On,2007,140,287,598,48.0,,218,62,58,13,0,15,82,0,0,59,49,0.266,0.415,0.532,0.947,116,10,2,0,8,1,0,0.265,110,142,burrepa01,268,41.6,52,66,0.231,0.332,0.462
908,,Billy Butler,Men On,2009,140,294,672,43.8,,262,67,89,32,0,10,82,1,0,27,38,0.34,0.398,0.576,0.974,151,20,1,0,4,3,3,0.362,127,153,butlebi03,339,50.0,95,69,0.33,0.404,0.458
170,,Billy Butler,Men On,2010,150,339,678,50.0,,288,68,95,19,0,6,69,0,0,38,43,0.33,0.404,0.458,0.862,132,32,4,0,9,8,3,0.359,102,130,butlebi03,326,48.4,80,84,0.293,0.387,0.462
312,,Billy Butler,Men On,2011,145,326,673,48.4,,273,63,80,22,0,8,84,2,1,44,43,0.293,0.387,0.462,0.848,126,16,2,0,7,15,2,0.314,107,131,butlebi03,320,47.1,93,91,0.324,0.381,0.509
467,,Billy Butler,Men On,2012,146,320,679,47.1,,287,56,93,14,0,13,91,2,1,23,43,0.324,0.381,0.509,0.89,146,20,6,0,4,9,2,0.34,102,137,butlebi03,297,44.5,75,70,0.301,0.401,0.398
810,,Billy Butler,Men On,2013,145,297,668,44.5,,249,50,75,15,0,3,70,0,0,44,43,0.301,0.401,0.398,0.798,99,28,0,0,4,11,1,0.348,104,123,butlebi03,259,43.0,66,62,0.288,0.34,0.41
993,,Billy Butler,Men On,2014,132,259,603,43.0,,229,53,66,13,0,5,62,0,0,20,39,0.288,0.34,0.41,0.75,94,21,2,0,8,3,2,0.316,113,107,butlebi03,289,48.1,65,58,0.259,0.343,0.406
700,,Marlon Byrd,Men On,2009,131,272,599,45.4,,237,56,68,19,0,10,79,8,4,18,44,0.287,0.342,0.494,0.836,117,11,7,0,10,2,4,0.301,107,117,byrdma01,285,45.2,81,61,0.309,0.358,0.462
631,,Marlon Byrd,Men On,2013,128,266,579,45.9,,245,63,67,13,0,12,76,2,4,10,70,0.273,0.302,0.473,0.775,116,11,3,1,7,2,5,0.324,82,111,byrdma01,287,45.1,69,66,0.266,0.328,0.394
735,,Marlon Byrd,Men On,2014,140,287,637,45.1,,259,52,69,15,0,6,66,3,2,21,75,0.266,0.328,0.394,0.721,102,6,4,0,3,7,5,0.348,94,100,byrdma01,237,43.6,50,58,0.234,0.287,0.421
1163,,Eric Byrnes,Men On,2006,122,248,606,40.9,,223,66,54,12,1,10,63,25,3,18,35,0.242,0.301,0.439,0.74,98,12,2,2,3,2,2,0.243,87,86,byrneer01,284,40.6,66,69,0.267,0.344,0.405
1082,,Asdrúbal Cabrera,Men On,2011,131,280,667,42.0,,243,77,79,11,1,15,82,17,5,26,47,0.325,0.391,0.564,0.955,137,10,3,4,4,5,3,0.346,140,158,cabreas01,272,44.2,72,56,0.3,0.373,0.429
849,,Asdrúbal Cabrera,Men On,2012,127,272,616,44.2,,240,58,72,17,1,4,56,9,4,26,34,0.3,0.373,0.429,0.802,103,18,3,1,2,3,2,0.333,112,115,cabreas01,244,43.4,50,55,0.233,0.286,0.386
949,,Asdrúbal Cabrera,Men On,2013,122,244,562,43.4,,215,57,50,16,1,5,55,9,3,15,39,0.233,0.286,0.386,0.672,83,10,3,6,5,1,3,0.256,92,84,cabreas01,256,41.6,50,52,0.224,0.298,0.372
1113,,Asdrúbal Cabrera,Men On,2014,125,256,616,41.6,,223,65,50,12,3,5,52,10,2,24,46,0.224,0.298,0.372,0.67,83,15,2,1,6,2,2,0.253,93,85,cabreas01,245,44.5,53,47,0.24,0.287,0.389
837,,Melky Cabrera,Men On,2006,116,232,524,44.3,,196,70,55,14,0,2,45,12,5,28,27,0.281,0.374,0.383,0.757,75,9,2,5,1,3,4,0.315,102,94,cabreme01,282,46.1,69,68,0.28,0.316,0.374
662,,Melky Cabrera,Men On,2009,118,247,540,45.7,,215,59,56,11,0,6,61,10,2,21,21,0.26,0.329,0.395,0.725,85,15,3,4,4,4,4,0.26,93,90,cabreme01,246,48.3,59,38,0.274,0.34,0.344
318,,Melky Cabrera,Men On,2010,124,246,509,48.3,,215,46,59,13,1,0,38,7,1,23,32,0.274,0.34,0.344,0.684,74,8,0,5,3,11,4,0.317,104,84,cabreme01,307,43.5,85,75,0.302,0.33,0.463
935,,Melky Cabrera,Men On,2011,142,307,706,43.5,,281,90,85,23,2,6,75,20,10,13,39,0.302,0.33,0.463,0.793,130,12,1,7,5,3,6,0.328,96,114,cabreme01,220,43.9,64,53,0.325,0.37,0.477
1105,,Melky Cabrera,Men On,2014,126,259,621,41.7,,231,72,78,18,2,7,64,6,2,20,16,0.338,0.385,0.524,0.909,121,19,1,2,5,3,7,0.333,124,150,cabreme01,290,42.5,75,70,0.292,0.333,0.424
531,,Miguel Cabrera,Men On,2006,146,315,676,46.6,,265,99,94,23,0,13,101,9,6,44,49,0.355,0.444,0.589,1.033,156,18,2,0,4,27,4,0.391,107,161,cabremi01,327,48.1,100,100,0.376,0.469,0.639
337,,Miguel Cabrera,Men On,2007,141,327,680,48.1,,266,72,100,23,1,15,100,2,1,52,53,0.376,0.469,0.639,1.108,170,17,1,1,7,22,1,0.415,130,183,cabremi01,332,48.5,85,108,0.286,0.334,0.532
296,,Miguel Cabrera,Men On,2008,151,332,684,48.5,,297,66,85,15,2,18,108,1,0,25,59,0.286,0.334,0.532,0.866,158,16,1,0,9,6,2,0.293,95,122,cabremi01,323,47.2,89,86,0.307,0.375,0.545
455,,Miguel Cabrera,Men On,2009,146,323,685,47.2,,290,79,89,18,0,17,86,6,2,31,49,0.307,0.375,0.545,0.919,158,22,1,0,1,14,4,0.32,94,139,cabremi01,342,52.8,90,103,0.324,0.427,0.565
34,,Miguel Cabrera,Men On,2010,142,342,648,52.8,,278,88,90,22,0,15,103,3,3,55,61,0.324,0.427,0.565,0.992,157,17,1,0,8,32,2,0.357,93,163,cabremi01,344,50.0,105,91,0.379,0.485,0.643
171,,Miguel Cabrera,Men On,2011,152,344,688,50.0,,277,97,105,25,0,16,91,2,1,60,34,0.379,0.485,0.643,1.128,178,24,2,0,5,22,2,0.384,118,206,cabremi01,333,47.8,99,112,0.34,0.405,0.588
366,,Miguel Cabrera,Men On,2012,147,333,697,47.8,,291,81,99,21,0,17,112,4,1,34,43,0.34,0.405,0.588,0.993,171,28,2,0,6,17,2,0.346,100,163,cabremi01,325,49.8,96,121,0.366,0.483,0.733
190,,Miguel Cabrera,Men On,2013,137,325,652,49.8,,262,87,96,10,1,28,121,3,0,59,43,0.366,0.483,0.733,1.216,192,19,2,0,2,19,1,0.352,125,232,cabremi01,287,41.9,82,94,0.337,0.401,0.551
1087,,Miguel Cabrera,Men On,2014,141,287,685,41.9,,243,86,82,20,1,10,94,1,1,31,40,0.337,0.401,0.551,0.952,134,21,2,0,11,10,1,0.353,113,161,cabremi01,244,47.7,74,71,0.392,0.52,0.677
889,,Orlando Cabrera,Men On,2006,140,296,675,43.9,,269,92,77,18,0,6,69,27,3,12,28,0.286,0.307,0.42,0.727,113,12,1,3,11,0,1,0.289,96,84,cabreor01,357,50.9,110,80,0.348,0.387,0.44
94,,Orlando Cabrera,Men On,2007,148,357,701,50.9,,316,95,110,21,1,2,80,20,4,25,25,0.348,0.387,0.44,0.827,139,12,2,3,11,0,5,0.36,123,113,cabreor01,276,37.8,68,53,0.278,0.319,0.388
1303,,Orlando Cabrera,Men On,2008,143,276,730,37.8,,245,89,68,13,1,4,53,19,6,18,25,0.278,0.319,0.388,0.706,95,16,1,3,9,1,4,0.284,100,84,cabreor01,308,43.5,87,70,0.314,0.338,0.415
936,,Orlando Cabrera,Men On,2009,142,308,708,43.5,,277,76,87,18,2,2,70,13,4,15,29,0.314,0.338,0.415,0.753,115,22,0,6,10,1,3,0.332,114,97,cabreor01,197,36.7,41,40,0.233,0.26,0.318
792,,Lorenzo Cain,Men On,2014,112,224,502,44.6,,204,53,63,9,0,3,51,28,5,15,47,0.309,0.357,0.397,0.754,81,9,2,0,3,2,3,0.382,102,109,cainlo01,266,44.0,75,64,0.316,0.376,0.494
1374,,Kole Calhoun,Men On,2014,99,192,537,35.8,,175,79,51,15,0,7,48,5,3,13,36,0.291,0.337,0.497,0.834,87,5,0,2,2,0,0,0.328,114,128,calhoko01,256,37.3,67,64,0.293,0.346,0.432
1097,,Alberto Callaspo,Men On,2009,132,265,634,41.8,,237,72,79,18,7,4,66,2,1,23,21,0.333,0.385,0.519,0.904,123,15,0,0,5,4,1,0.346,122,136,callaal01,260,43.3,59,53,0.25,0.293,0.386
962,,Alberto Callaspo,Men On,2010,128,260,601,43.3,,236,58,59,7,2,7,53,5,3,16,21,0.25,0.293,0.386,0.679,91,22,1,1,6,3,3,0.243,100,80,callaal01,223,41.6,57,41,0.3,0.395,0.368
1114,,Alberto Callaspo,Men On,2011,120,223,536,41.6,,190,49,57,10,0,1,41,8,1,30,13,0.3,0.395,0.368,0.763,70,11,1,0,2,8,2,0.315,106,110,callaal01,228,43.8,56,49,0.284,0.356,0.426
909,,Alberto Callaspo,Men On,2012,120,228,520,43.8,,197,51,56,10,0,6,49,4,3,24,23,0.284,0.356,0.426,0.782,84,6,0,3,4,1,5,0.291,126,110,callaal01,236,45.7,50,53,0.245,0.313,0.358
736,,Mike Cameron,Men On,2006,130,286,634,45.1,,247,79,74,10,5,13,74,25,9,31,65,0.3,0.378,0.538,0.916,133,8,3,0,5,2,1,0.351,118,131,camermi01,286,43.9,61,66,0.252,0.352,0.45
890,,Mike Cameron,Men On,2007,134,286,651,43.9,,242,76,61,15,3,9,66,18,5,35,73,0.252,0.352,0.45,0.803,109,9,4,2,3,1,2,0.319,112,105,camermi01,196,38.6,44,55,0.27,0.374,0.521
1284,,Mike Cameron,Men On,2008,104,196,508,38.6,,163,54,44,11,0,10,55,17,5,26,48,0.27,0.374,0.521,0.896,85,4,3,1,3,1,0,0.315,122,131,camermi01,300,47.8,61,54,0.247,0.363,0.393
38,,Robinson Canó,Men On,2006,108,267,508,52.6,,251,54,79,16,1,7,70,5,2,9,31,0.315,0.335,0.47,0.805,118,19,1,1,5,3,2,0.33,81,103,canoro01,338,50.5,97,86,0.315,0.362,0.487
124,,Robinson Canó,Men On,2007,144,338,669,50.5,,308,82,97,21,4,8,86,4,5,20,43,0.315,0.362,0.487,0.849,150,19,5,1,4,5,2,0.341,102,117,canoro01,287,45.3,67,60,0.248,0.273,0.341
710,,Robinson Canó,Men On,2008,142,287,634,45.3,,270,58,67,15,2,2,60,2,4,10,33,0.248,0.273,0.341,0.613,92,18,1,1,5,3,3,0.271,73,59,canoro01,313,46.4,75,69,0.255,0.288,0.415
559,,Robinson Canó,Men On,2009,142,313,674,46.4,,294,87,75,16,2,9,69,5,7,13,30,0.255,0.288,0.415,0.703,122,22,2,0,4,2,2,0.255,62,83,canoro01,322,46.3,90,91,0.319,0.388,0.521
572,,Robinson Canó,Men On,2010,149,322,696,46.3,,282,85,90,18,3,11,91,3,2,32,30,0.319,0.388,0.521,0.909,147,19,3,0,5,14,6,0.321,99,141,canoro01,310,45.5,84,102,0.303,0.352,0.545
687,,Robinson Canó,Men On,2011,143,310,681,45.5,,277,88,84,25,3,12,102,8,2,21,41,0.303,0.352,0.545,0.897,151,18,4,0,8,11,5,0.31,103,141,canoro01,338,48.5,93,77,0.316,0.399,0.558
297,,Robinson Canó,Men On,2012,149,338,697,48.5,,294,88,93,21,1,16,77,3,2,39,48,0.316,0.399,0.558,0.957,164,22,3,0,2,10,2,0.332,107,154,canoro01,302,44.3,96,92,0.366,0.434,0.569
838,,Robinson Canó,Men On,2013,150,302,681,44.3,,262,66,96,17,0,12,92,7,1,32,30,0.366,0.434,0.569,1.002,149,18,3,0,5,16,3,0.373,124,176,canoro01,273,41.1,71,77,0.314,0.421,0.535
1144,,Robinson Canó,Men On,2014,137,273,665,41.1,,226,72,71,21,1,9,77,10,3,40,21,0.314,0.421,0.535,0.957,121,19,4,0,3,20,3,0.312,128,164,canoro01,298,44.2,89,70,0.327,0.372,0.522
378,,Jorge Cantú,Men On,2008,143,327,685,47.7,,289,76,83,20,0,13,79,6,2,25,43,0.287,0.349,0.491,0.84,142,15,6,0,7,6,3,0.292,109,117,cantujo01,366,56.9,86,94,0.26,0.317,0.396
1,,Jorge Cantú,Men On,2009,140,366,643,56.9,,331,61,86,15,0,10,94,3,1,26,43,0.26,0.317,0.396,0.713,131,15,4,0,5,4,7,0.269,81,87,cantujo01,244,47.4,63,48,0.285,0.321,0.407
1494,,Matt Carpenter,Men On,2013,126,223,717,31.1,,181,117,71,16,4,2,69,3,3,29,29,0.392,0.468,0.558,1.026,101,4,3,3,7,1,1,0.439,135,183,carpema01,236,33.3,52,54,0.269,0.359,0.378
1449,,Matt Carpenter,Men On,2014,125,236,709,33.3,,193,94,52,10,1,3,54,5,3,30,36,0.269,0.359,0.378,0.737,73,3,2,2,9,2,4,0.301,97,105,carpema01,229,34.4,61,69,0.316,0.406,0.58
1310,,Jamey Carroll,Men On,2011,108,192,510,37.6,,159,52,43,3,2,0,17,10,0,22,23,0.27,0.364,0.314,0.679,50,3,2,8,1,3,3,0.314,92,88,carroja01,234,43.6,55,39,0.278,0.352,0.328
772,,Chris Carter,Men On,2013,130,262,585,44.8,,216,46,49,11,0,11,64,2,0,38,92,0.227,0.344,0.431,0.774,93,8,3,0,5,1,1,0.322,103,113,cartech02,244,42.7,54,66,0.254,0.332,0.502
350,,Nick Castellanos,Men On,2014,133,278,579,48.0,,249,44,62,13,3,5,60,2,2,21,71,0.249,0.302,0.386,0.688,96,7,1,0,7,3,2,0.317,97,90,casteni01,254,42.7,66,64,0.287,0.331,0.452
1225,,Luis Castillo,Men On,2006,124,260,652,39.9,,226,82,69,5,2,1,47,25,11,22,23,0.305,0.367,0.358,0.725,81,14,1,9,2,0,1,0.333,99,87,castilu01,204,33.2,50,37,0.296,0.37,0.32
1125,,Starlin Castro,Men On,2010,104,209,506,41.3,,182,52,53,6,2,2,40,10,8,16,22,0.291,0.351,0.379,0.73,69,14,3,4,4,7,3,0.315,94,96,castrst01,286,40.0,86,59,0.323,0.357,0.447
1218,,Starlin Castro,Men On,2011,140,286,715,40.0,,266,84,86,18,3,3,59,22,9,14,32,0.323,0.357,0.447,0.804,119,20,2,0,4,2,6,0.353,108,118,castrst01,324,46.9,96,72,0.318,0.349,0.474
494,,Starlin Castro,Men On,2012,152,324,691,46.9,,302,72,96,13,5,8,72,25,13,15,50,0.318,0.349,0.474,0.822,143,15,2,0,5,5,8,0.353,118,119,castrst01,274,38.9,55,36,0.22,0.282,0.28
1270,,Starlin Castro,Men On,2013,139,274,705,38.9,,250,51,55,9,0,2,36,9,6,16,50,0.22,0.282,0.28,0.562,70,21,6,1,1,0,5,0.266,80,57,castrst01,250,43.9,75,58,0.328,0.376,0.48
891,,Starlin Castro,Men On,2014,122,250,569,43.9,,229,51,75,12,1,7,58,4,4,17,35,0.328,0.376,0.48,0.856,110,18,2,0,2,4,1,0.36,121,136,castrst01,264,45.7,61,62,0.25,0.289,0.352
520,,Yoenis Céspedes,Men On,2012,116,252,540,46.7,,223,58,71,9,3,11,70,16,4,22,43,0.318,0.385,0.534,0.919,119,9,4,0,3,5,4,0.349,114,144,cespeyo01,276,48.1,60,65,0.238,0.293,0.452
338,,Yoenis Céspedes,Men On,2013,124,276,574,48.1,,252,59,60,13,4,11,65,7,7,21,60,0.238,0.293,0.452,0.746,114,8,0,0,3,5,3,0.266,102,103,cespeyo01,314,48.7,85,87,0.296,0.334,0.488
281,,Yoenis Céspedes,Men On,2014,134,314,645,48.7,,287,76,85,24,2,9,87,7,2,18,54,0.296,0.334,0.488,0.822,140,13,2,0,7,3,2,0.329,119,125,cespeyo01,301,44.5,84,87,0.304,0.346,0.562
207,,Shin-Soo Choo,Men On,2009,138,340,685,49.6,,280,76,80,17,2,9,75,21,2,42,71,0.286,0.391,0.457,0.848,128,9,11,0,7,5,4,0.343,93,123,choosh01,287,44.4,74,80,0.31,0.418,0.531
1360,,Shin-Soo Choo,Men On,2012,128,248,686,36.2,,212,76,59,14,0,4,55,21,7,29,64,0.278,0.379,0.401,0.78,85,10,6,0,1,0,1,0.379,93,110,choosh01,229,32.2,46,37,0.267,0.434,0.407
1473,,Shin-Soo Choo,Men On,2013,125,229,712,32.2,,172,90,46,12,0,4,37,20,11,43,45,0.267,0.434,0.407,0.841,70,3,9,3,2,5,2,0.336,91,135,choosh01,169,31.9,29,28,0.21,0.331,0.283
1480,,Shin-Soo Choo,Men On,2014,97,169,529,31.9,,138,46,29,7,0,1,28,3,4,22,40,0.21,0.331,0.283,0.614,39,9,5,0,4,3,1,0.277,73,73,choosh01,263,40.3,62,69,0.297,0.418,0.498
1485,,Zack Cozart,Men On,2012,109,190,600,31.7,,178,59,39,11,0,2,22,4,0,7,39,0.219,0.245,0.315,0.559,56,11,0,2,3,0,5,0.264,64,50,cozarza01,265,42.9,53,57,0.228,0.25,0.353
1001,,Zack Cozart,Men On,2013,131,265,618,42.9,,232,68,53,7,2,6,57,0,0,9,35,0.228,0.25,0.353,0.603,82,18,1,13,10,2,3,0.234,81,65,cozarza01,251,46.2,50,36,0.221,0.285,0.283
291,,Allen Craig,Men On,2012,113,250,514,48.6,,220,66,72,15,0,12,82,2,1,23,36,0.327,0.38,0.559,0.939,123,15,0,0,7,1,2,0.335,114,149,craigal01,264,46.9,88,90,0.378,0.432,0.532
495,,Allen Craig,Men On,2013,120,264,563,46.9,,233,64,88,16,1,6,90,2,0,21,36,0.378,0.432,0.532,0.964,124,12,5,0,5,2,2,0.418,132,166,craigal01,244,48.3,52,41,0.244,0.332,0.352
547,,Brandon Crawford,Men On,2013,123,256,550,46.5,,224,46,57,13,3,3,37,1,2,25,38,0.254,0.333,0.379,0.713,85,10,3,1,3,6,1,0.29,112,97,crawfbr01,257,45.6,63,65,0.294,0.369,0.449
677,,Brandon Crawford,Men On,2014,129,257,564,45.6,,214,50,63,11,2,6,65,5,3,31,51,0.294,0.369,0.449,0.817,96,4,0,2,10,10,1,0.341,129,126,crawfbr01,264,47.1,72,73,0.306,0.367,0.545
1083,,Carl Crawford,Men On,2006,132,274,653,42.0,,244,81,76,11,9,10,69,58,9,16,30,0.311,0.356,0.553,0.909,135,8,2,9,2,3,4,0.32,117,128,crawfca02,272,43.4,90,74,0.359,0.394,0.542
839,,Carl Crawford,Men On,2009,144,298,672,44.3,,261,85,77,16,3,4,57,60,16,24,50,0.295,0.361,0.425,0.787,111,7,6,2,5,1,3,0.344,93,106,crawfca02,300,45.2,92,78,0.35,0.399,0.555
727,,Carl Crawford,Men On,2010,133,300,663,45.2,,263,98,92,13,10,7,78,47,10,23,32,0.35,0.399,0.555,0.954,146,2,2,3,5,3,2,0.371,124,152,crawfca02,248,46.0,54,50,0.236,0.269,0.371
1069,,Coco Crisp,Men On,2011,123,246,583,42.2,,219,63,57,12,1,2,48,49,9,17,23,0.26,0.306,0.352,0.657,77,11,0,4,6,2,4,0.275,90,80,crispco01,162,31.9,44,36,0.317,0.378,0.468
1481,,Coco Crisp,Men On,2012,94,162,508,31.9,,139,58,44,12,3,1,36,39,4,15,11,0.317,0.378,0.468,0.846,65,9,0,6,2,0,1,0.333,128,126,crispco01,207,35.4,38,50,0.226,0.327,0.375
1387,,Coco Crisp,Men On,2013,113,207,584,35.4,,168,77,38,5,1,6,50,21,5,29,20,0.226,0.327,0.375,0.702,63,7,0,2,8,3,2,0.213,82,94,crispco01,191,35.6,44,40,0.284,0.384,0.387
592,,Nelson Cruz,Men On,2011,115,237,513,46.2,,221,48,59,13,1,13,71,9,5,11,58,0.267,0.304,0.511,0.815,113,8,2,0,3,1,2,0.301,98,118,cruzne02,276,43.0,68,78,0.273,0.33,0.51
748,,Nelson Cruz,Men On,2014,141,305,678,45.0,,271,66,78,11,1,19,87,4,5,26,59,0.288,0.351,0.546,0.897,148,17,3,0,5,8,5,0.298,109,145,cruzne02,287,43.8,69,62,0.275,0.362,0.466
14,,Michael Cuddyer,Men On,2006,141,340,635,53.5,,286,90,91,23,5,12,97,6,0,44,66,0.318,0.409,0.559,0.968,160,11,4,0,6,5,1,0.369,124,144,cuddymi01,318,51.0,79,75,0.288,0.371,0.464
147,,Michael Cuddyer,Men On,2009,142,326,650,50.2,,288,71,71,14,3,10,72,6,1,32,59,0.247,0.328,0.42,0.748,121,22,4,0,2,3,6,0.276,77,96,cuddymi01,336,49.8,87,71,0.292,0.36,0.413
191,,Michael Cuddyer,Men On,2010,149,336,675,49.8,,298,83,87,18,3,4,71,7,3,32,44,0.292,0.36,0.413,0.773,123,26,2,0,4,7,6,0.327,106,106,cuddymi01,293,50.2,65,57,0.256,0.345,0.378
440,,Jack Cust,Men On,2007,108,240,507,47.3,,182,50,52,11,0,15,71,0,2,52,72,0.286,0.433,0.593,1.027,108,6,0,0,6,2,0,0.366,124,162,custja01,276,46.2,51,57,0.23,0.366,0.45
593,,Jack Cust,Men On,2008,122,276,598,46.2,,222,57,51,10,0,13,57,0,0,49,94,0.23,0.366,0.45,0.816,100,7,1,0,4,3,2,0.319,92,112,custja01,270,44.1,51,57,0.234,0.367,0.417
1354,,Johnny Damon,Men On,2006,128,245,671,36.5,,214,100,59,10,3,9,65,25,10,23,36,0.276,0.342,0.477,0.818,102,4,1,2,5,1,1,0.287,94,107,damonjo01,239,39.5,58,56,0.282,0.366,0.442
1240,,Johnny Damon,Men On,2007,116,239,605,39.5,,206,86,58,16,1,5,56,27,3,29,29,0.282,0.366,0.442,0.807,91,4,0,1,3,1,4,0.303,116,107,damonjo01,197,31.6,54,64,0.32,0.405,0.544
1486,,Johnny Damon,Men On,2008,110,197,623,31.6,,169,88,54,6,1,10,64,29,8,25,23,0.32,0.405,0.544,0.95,92,5,0,2,1,0,4,0.321,126,145,damonjo01,323,51.6,78,67,0.276,0.358,0.445
71,,Johnny Damon,Men On,2009,134,323,626,51.6,,283,92,78,17,2,9,67,12,0,35,54,0.276,0.358,0.445,0.803,126,9,2,2,1,1,3,0.312,89,110,damonjo01,292,47.6,61,47,0.237,0.321,0.358
392,,Johnny Damon,Men On,2010,131,292,613,47.6,,257,77,61,15,2,4,47,11,1,30,47,0.237,0.321,0.358,0.679,92,5,2,2,1,2,5,0.275,80,82,damonjo01,275,42.5,63,63,0.259,0.322,0.403
1070,,Chris Davis,Men On,2012,123,237,562,42.2,,213,58,67,10,0,16,68,2,3,19,69,0.315,0.371,0.587,0.958,125,8,2,0,3,6,0,0.389,131,153,davisch02,286,42.5,78,108,0.318,0.392,0.694
1044,,Chris Davis,Men On,2013,145,286,673,42.5,,245,73,78,23,0,23,108,4,1,32,79,0.318,0.392,0.694,1.085,170,4,2,0,7,12,3,0.367,115,194,davisch02,238,45.3,41,58,0.21,0.329,0.436
712,,Chris Davis,Men On,2014,111,238,525,45.3,,195,51,41,8,0,12,58,2,1,30,74,0.21,0.329,0.436,0.765,85,2,7,1,5,8,1,0.254,118,110,davisch02,294,43.9,67,93,0.279,0.395,0.617
1484,,Alejandro De Aza,Men On,2012,109,186,585,31.8,,161,75,42,6,2,3,44,26,12,18,28,0.261,0.341,0.379,0.72,61,1,2,4,1,3,1,0.298,90,94,deazaal01,204,30.2,49,51,0.275,0.318,0.449
1503,,Alejandro De Aza,Men On,2013,120,204,675,30.2,,178,73,49,9,2,6,51,20,8,14,49,0.275,0.318,0.449,0.768,80,8,0,6,6,1,1,0.333,109,110,deazaal01,208,39.4,51,36,0.282,0.351,0.436
1426,,David DeJesus,Men On,2006,102,188,552,34.1,,156,76,48,12,3,1,49,6,3,22,22,0.308,0.398,0.442,0.84,69,10,4,2,4,4,2,0.343,108,115,dejesda01,252,35.8,63,54,0.303,0.392,0.423
1375,,David DeJesus,Men On,2007,128,252,703,35.8,,208,97,63,14,1,3,54,10,4,22,23,0.303,0.392,0.423,0.815,88,10,11,7,4,7,2,0.323,125,110,dejesda01,210,36.4,65,65,0.359,0.417,0.492
1357,,David DeJesus,Men On,2008,114,210,577,36.4,,181,62,65,10,1,4,65,11,8,21,27,0.359,0.417,0.492,0.909,89,10,0,4,4,3,1,0.396,123,137,dejesda01,238,38.0,67,62,0.321,0.369,0.493
1264,,David DeJesus,Men On,2011,106,198,506,39.1,,169,53,40,7,2,3,39,4,3,17,29,0.237,0.314,0.355,0.669,60,14,4,4,4,1,3,0.262,92,83,dejesda01,181,31.1,35,44,0.232,0.33,0.358
141,,Carlos Delgado,Men On,2006,138,311,618,50.3,,255,69,74,15,2,18,94,0,0,42,56,0.29,0.386,0.576,0.962,147,12,4,0,10,11,1,0.293,112,142,delgaca01,317,52.2,65,75,0.238,0.325,0.425
52,,Carlos Delgado,Men On,2007,133,317,607,52.2,,273,59,65,15,0,12,75,4,0,31,62,0.238,0.325,0.425,0.75,116,12,7,0,6,8,2,0.259,93,92,delgaca01,347,50.6,83,96,0.285,0.378,0.522
417,,Mark DeRosa,Men On,2006,125,271,572,47.4,,243,74,72,14,1,9,70,4,4,24,49,0.296,0.362,0.473,0.835,115,13,2,0,2,1,3,0.337,105,111,derosma01,275,47.9,75,66,0.319,0.397,0.421
360,,Mark DeRosa,Men On,2007,130,275,574,47.9,,235,58,75,10,1,4,66,1,2,31,42,0.319,0.397,0.421,0.818,99,17,2,3,4,2,2,0.368,107,111,derosma01,302,50.9,71,75,0.286,0.383,0.468
95,,Mark DeRosa,Men On,2008,137,302,593,50.9,,248,91,71,16,1,9,75,6,0,38,60,0.286,0.383,0.468,0.851,116,9,6,2,8,0,4,0.332,99,121,derosma01,253,43.9,59,64,0.271,0.347,0.459
688,,Ian Desmond,Men On,2010,130,261,574,45.5,,232,49,64,15,3,0,55,17,5,12,54,0.276,0.306,0.366,0.672,85,9,1,9,7,3,4,0.346,93,79,desmoia01,230,36.0,53,42,0.266,0.311,0.337
1366,,Ian Desmond,Men On,2011,122,230,639,36.0,,199,58,53,11,0,1,42,25,10,14,55,0.266,0.311,0.337,0.647,67,9,1,11,5,2,2,0.351,99,77,desmoia01,224,41.0,64,56,0.305,0.344,0.49
1156,,Ian Desmond,Men On,2012,115,224,547,41.0,,210,55,64,15,0,8,56,21,6,10,41,0.305,0.344,0.49,0.834,103,17,3,0,1,1,3,0.346,99,121,desmoia01,305,46.6,80,67,0.292,0.343,0.445
533,,Ian Desmond,Men On,2013,142,305,655,46.6,,274,64,80,19,1,7,67,21,6,22,62,0.292,0.343,0.445,0.788,122,16,2,2,5,3,0,0.348,102,117,desmoia01,321,49.5,74,77,0.254,0.315,0.419
217,,Ian Desmond,Men On,2014,145,321,648,49.5,,291,59,74,14,2,10,77,24,5,23,78,0.254,0.315,0.419,0.734,122,17,4,0,3,0,1,0.311,98,102,desmoia01,295,46.0,64,52,0.246,0.308,0.396
995,,Matt Dominguez,Men On,2013,130,253,589,43.0,,228,42,54,9,0,7,63,0,1,13,42,0.237,0.279,0.368,0.647,84,17,3,2,7,1,3,0.253,89,78,dominma01,271,44.6,55,49,0.224,0.264,0.346
702,,Josh Donaldson,Men On,2013,140,303,668,45.4,,250,77,91,14,1,12,81,5,2,44,47,0.364,0.454,0.572,1.026,143,15,2,1,6,2,1,0.401,133,183,donaljo02,309,44.5,75,83,0.291,0.395,0.519
813,,Josh Donaldson,Men On,2014,148,309,695,44.5,,258,78,75,13,2,14,83,8,0,44,53,0.291,0.395,0.519,0.914,134,16,3,0,4,5,1,0.313,129,152,donaljo02,303,42.6,84,95,0.332,0.405,0.593
320,,Ryan Doumit,Men On,2012,124,255,528,48.3,,226,46,58,15,0,8,65,0,0,18,46,0.257,0.31,0.429,0.739,97,17,3,0,8,5,1,0.278,90,97,doumiry01,266,49.4,61,48,0.261,0.335,0.406
1311,,Brian Dozier,Men On,2013,122,234,623,37.6,,203,59,58,15,1,5,53,14,7,23,50,0.286,0.352,0.443,0.796,90,14,0,3,4,0,3,0.349,120,119,doziebr01,296,41.9,58,54,0.246,0.365,0.398
1088,,Brian Dozier,Men On,2014,139,296,707,41.9,,236,95,58,16,1,6,54,21,7,45,58,0.246,0.365,0.398,0.763,94,8,4,3,8,1,2,0.289,102,112,doziebr01,263,37.4,58,59,0.257,0.331,0.451
30,,J.D. Drew,Men On,2006,132,314,594,52.9,,253,72,73,18,4,8,88,2,3,52,55,0.289,0.406,0.486,0.892,123,4,2,1,6,8,5,0.332,101,127,drewj.01,285,51.6,62,58,0.274,0.404,0.438
1107,,J.D. Drew,Men On,2009,118,225,539,41.7,,181,70,46,15,0,10,54,2,6,40,42,0.254,0.393,0.503,0.896,91,6,2,1,1,5,2,0.277,97,134,drewj.01,226,41.4,49,52,0.261,0.367,0.441
1210,,Stephen Drew,Men On,2007,128,248,619,40.1,,206,54,48,8,2,6,54,9,0,29,39,0.233,0.317,0.379,0.696,78,4,0,5,8,5,2,0.249,104,79,drewst01,247,37.3,58,52,0.27,0.328,0.451
1322,,Stephen Drew,Men On,2008,135,247,663,37.3,,215,76,58,17,2,6,52,3,3,22,44,0.27,0.328,0.451,0.779,97,5,0,3,7,6,5,0.302,88,101,drewst01,258,43.4,54,59,0.251,0.336,0.414
951,,Stephen Drew,Men On,2009,121,258,595,43.4,,215,65,54,5,6,6,59,5,1,31,36,0.251,0.336,0.414,0.75,89,4,0,5,7,7,5,0.267,102,96,drewst01,261,41.2,60,51,0.264,0.351,0.432
794,,Lucas Duda,Men On,2014,130,266,596,44.6,,216,62,62,13,0,18,80,3,2,40,49,0.287,0.406,0.597,1.003,129,9,6,0,4,8,2,0.288,140,175,dudalu01,246,44.4,42,54,0.21,0.346,0.4
911,,Adam Dunn,Men On,2006,143,299,683,43.8,,235,76,51,9,0,17,69,7,0,57,87,0.217,0.372,0.472,0.845,111,8,3,1,3,12,1,0.254,98,114,dunnad01,301,47.6,62,87,0.257,0.392,0.552
393,,Adam Dunn,Men On,2007,135,301,632,47.6,,241,82,62,6,1,21,87,9,2,55,81,0.257,0.392,0.552,0.944,133,12,1,0,4,8,2,0.287,101,140,dunnad01,283,43.5,51,75,0.235,0.396,0.484
937,,Adam Dunn,Men On,2008,136,283,651,43.5,,217,54,51,9,0,15,75,2,1,56,67,0.235,0.396,0.484,0.88,105,7,5,0,5,13,2,0.257,97,129,dunnad01,348,52.1,74,86,0.27,0.42,0.529
54,,Adam Dunn,Men On,2009,147,348,668,52.1,,274,62,74,14,0,19,86,0,1,70,94,0.27,0.42,0.529,0.949,145,8,2,0,2,16,0,0.337,106,148,dunnad01,314,48.5,61,80,0.236,0.357,0.467
814,,Adam Dunn,Men On,2012,142,289,649,44.5,,237,66,55,11,0,20,75,2,1,47,87,0.232,0.356,0.532,0.888,126,8,1,0,4,3,0,0.261,121,135,dunnad01,274,45.1,53,67,0.227,0.332,0.446
737,,Adam Dunn,Men On,2013,134,274,607,45.1,,233,41,53,6,0,15,67,1,1,38,91,0.227,0.332,0.446,0.778,104,2,0,0,3,7,3,0.292,105,114,dunnad01,229,44.8,42,52,0.223,0.345,0.404
508,,Ray Durham,Men On,2006,118,260,555,46.8,,230,63,75,12,3,10,77,7,2,25,27,0.326,0.391,0.535,0.926,123,17,1,2,2,6,3,0.333,108,134,durhara01,281,53.2,60,68,0.248,0.32,0.397
161,,Jermaine Dye,Men On,2006,130,306,611,50.1,,267,80,92,14,2,21,97,7,3,30,58,0.345,0.405,0.648,1.053,173,15,2,0,7,4,3,0.364,109,164,dyeje01,272,48.5,58,60,0.241,0.313,0.436
300,,Jermaine Dye,Men On,2007,126,272,561,48.5,,241,50,58,17,0,10,60,2,1,24,61,0.241,0.313,0.436,0.748,105,17,3,0,4,2,1,0.276,89,91,dyeje01,296,45.9,73,72,0.273,0.328,0.472
632,,Jermaine Dye,Men On,2008,144,296,645,45.9,,267,72,73,21,1,10,72,3,2,23,54,0.273,0.328,0.472,0.8,126,18,1,0,5,3,5,0.303,83,106,dyeje01,268,46.7,64,70,0.278,0.373,0.53
1450,,Adam Eaton,Men On,2014,100,179,538,33.3,,154,75,52,13,1,0,34,15,9,19,25,0.338,0.412,0.435,0.847,67,4,2,2,2,0,3,0.397,122,136,eatonad02,233,33.8,65,47,0.319,0.382,0.456
560,,Mark Ellis,Men On,2006,110,232,500,46.4,,193,59,52,17,0,6,47,4,0,23,33,0.269,0.351,0.451,0.802,87,13,5,4,7,1,0,0.286,127,103,ellisma01,318,49.5,76,65,0.265,0.323,0.418
218,,Mark Ellis,Men On,2007,140,318,642,49.5,,287,73,76,16,2,8,65,9,4,20,46,0.265,0.323,0.418,0.741,120,10,6,2,3,1,4,0.288,91,90,ellisma01,210,41.4,46,32,0.256,0.337,0.356
1226,,Jacoby Ellsbury,Men On,2008,121,243,609,39.9,,211,90,57,6,3,1,39,50,11,23,28,0.27,0.343,0.341,0.684,72,9,2,4,3,2,2,0.303,89,80,ellsbja01,269,38.8,72,52,0.313,0.374,0.413
1388,,Jacoby Ellsbury,Men On,2013,116,225,636,35.4,,198,84,64,13,3,1,45,52,4,19,23,0.323,0.385,0.434,0.819,86,12,2,1,2,3,1,0.358,110,127,ellsbja01,276,43.5,67,61,0.283,0.359,0.443
938,,Jacoby Ellsbury,Men On,2014,130,276,635,43.5,,237,62,67,13,2,7,61,39,5,29,34,0.283,0.359,0.443,0.802,105,9,3,0,7,5,0,0.296,115,121,ellsbja01,166,33.1,33,27,0.226,0.297,0.267
509,,Edwin Encarnación,Men On,2007,132,262,560,46.8,,231,56,75,15,1,6,66,8,1,19,40,0.325,0.394,0.476,0.87,110,5,8,0,1,4,5,0.371,119,123,encared01,265,45.5,47,50,0.217,0.34,0.364
665,,Edwin Encarnación,Men On,2011,113,242,530,45.7,,219,59,51,13,0,6,44,8,2,18,42,0.233,0.293,0.374,0.668,82,17,2,0,3,2,3,0.259,70,81,encared01,280,43.5,69,91,0.305,0.414,0.642
939,,Edwin Encarnación,Men On,2012,136,280,644,43.5,,226,74,69,7,0,23,91,13,3,39,38,0.305,0.414,0.642,1.056,145,6,8,0,7,12,6,0.267,123,179,encared01,289,46.5,71,84,0.292,0.388,0.556
548,,Edwin Encarnación,Men On,2013,126,289,621,46.5,,243,70,71,14,1,16,84,7,1,39,32,0.292,0.388,0.556,0.943,135,20,2,0,5,7,4,0.275,109,158,encared01,283,52.2,67,85,0.269,0.353,0.586
53,,Edwin Encarnación,Men On,2014,125,283,542,52.2,,249,62,67,16,0,21,85,2,0,32,43,0.269,0.353,0.586,0.94,146,18,1,0,1,6,3,0.247,107,156,encared01,296,47.4,72,93,0.3,0.399,0.629
561,,Alcides Escobar,Men On,2010,121,256,552,46.4,,227,54,52,10,4,1,38,10,4,21,34,0.229,0.294,0.322,0.615,73,8,1,4,3,7,2,0.262,101,65,escobal02,283,47.3,63,43,0.255,0.294,0.356
441,,Alcides Escobar,Men On,2011,147,283,598,47.3,,247,66,63,12,5,1,43,26,9,13,28,0.255,0.294,0.356,0.651,88,10,2,18,3,1,7,0.281,105,77,escobal02,276,42.6,78,49,0.31,0.351,0.437
1029,,Alcides Escobar,Men On,2012,137,276,648,42.6,,252,65,78,12,7,2,49,35,5,10,44,0.31,0.351,0.437,0.787,110,14,6,8,0,2,4,0.369,118,111,escobal02,269,41.9,71,48,0.291,0.319,0.348
1089,,Alcides Escobar,Men On,2013,142,269,642,41.9,,244,53,71,10,2,0,48,22,0,10,29,0.291,0.319,0.348,0.668,85,12,2,9,4,1,3,0.324,139,85,escobal02,278,44.8,67,49,0.264,0.293,0.362
774,,Alcides Escobar,Men On,2014,146,278,620,44.8,,254,73,67,11,4,2,49,31,6,9,36,0.264,0.293,0.362,0.655,92,12,3,8,4,1,4,0.295,89,81,escobal02,218,32.9,53,44,0.269,0.28,0.33
795,,Yunel Escobar,Men On,2008,120,262,587,44.6,,218,66,58,11,1,5,55,2,5,32,29,0.266,0.365,0.394,0.759,86,24,3,7,2,4,5,0.285,98,98,escobyu01,261,43.2,75,71,0.335,0.406,0.527
974,,Yunel Escobar,Men On,2009,122,261,604,43.2,,224,84,75,12,2,9,71,5,4,21,24,0.335,0.406,0.527,0.932,118,21,7,7,2,3,3,0.342,129,144,escobyu01,244,43.0,53,33,0.262,0.366,0.337
996,,Yunel Escobar,Men On,2010,117,244,567,43.0,,202,58,53,9,0,2,33,6,2,30,22,0.262,0.366,0.337,0.703,68,18,3,9,0,1,3,0.287,115,90,escobyu01,204,34.6,50,41,0.296,0.377,0.426
1411,,Yunel Escobar,Men On,2011,107,204,590,34.6,,169,70,50,10,0,4,41,3,3,21,25,0.296,0.377,0.426,0.803,72,14,4,5,5,1,4,0.317,105,119,escobyu01,259,42.6,54,45,0.237,0.294,0.311
1030,,Yunel Escobar,Men On,2012,127,259,608,42.6,,228,52,54,6,1,3,45,5,1,17,24,0.237,0.294,0.311,0.605,71,21,3,7,4,1,7,0.249,88,63,escobyu01,265,45.8,66,51,0.295,0.375,0.411
643,,Yunel Escobar,Men On,2013,127,265,578,45.8,,224,56,66,14,0,4,51,4,4,29,31,0.295,0.375,0.411,0.785,92,19,2,6,4,2,4,0.321,125,118,escobyu01,231,43.7,45,33,0.227,0.317,0.268
921,,Yunel Escobar,Men On,2014,116,231,529,43.7,,198,27,45,5,0,1,33,1,1,24,27,0.227,0.317,0.268,0.585,53,15,3,4,2,3,2,0.256,77,64,escobyu01,250,42.3,67,51,0.296,0.353,0.376
1245,,Danny Espinosa,Men On,2011,131,259,658,39.4,,220,63,66,8,3,12,57,17,6,21,62,0.3,0.378,0.527,0.905,116,6,9,5,4,4,0,0.36,144,145,espinda01,286,43.5,66,49,0.263,0.339,0.442
283,,Andre Ethier,Men On,2007,128,247,507,48.7,,207,44,60,11,1,7,58,0,4,30,37,0.29,0.37,0.454,0.824,94,10,1,0,8,12,1,0.31,106,111,ethiean01,262,44.0,64,63,0.288,0.368,0.45
877,,Andre Ethier,Men On,2008,125,262,596,44.0,,222,76,64,14,2,6,63,6,3,29,41,0.288,0.368,0.45,0.818,100,6,3,1,7,0,1,0.319,86,112,ethiean01,336,49.1,75,87,0.265,0.369,0.481
253,,Andre Ethier,Men On,2009,144,336,685,49.1,,283,73,75,23,1,12,87,6,4,44,48,0.265,0.369,0.481,0.85,136,19,5,0,4,10,2,0.278,97,122,ethiean01,277,47.4,77,72,0.326,0.404,0.542
420,,Andre Ethier,Men On,2010,128,277,585,47.4,,236,61,77,12,0,13,72,2,1,34,49,0.326,0.404,0.542,0.947,128,11,1,0,6,11,2,0.356,121,151,ethiean01,258,46.8,64,56,0.286,0.368,0.384
510,,Andre Ethier,Men On,2011,124,258,551,46.8,,224,61,64,7,0,5,56,0,1,29,41,0.286,0.368,0.384,0.752,86,8,2,0,3,9,2,0.326,91,106,ethiean01,283,45.8,84,80,0.335,0.399,0.526
644,,Andre Ethier,Men On,2012,133,283,618,45.8,,251,70,84,13,1,11,80,2,2,26,55,0.335,0.399,0.526,0.925,132,13,3,0,3,6,5,0.388,128,147,ethiean01,266,48.1,54,44,0.243,0.357,0.356
575,,Pedro Feliz,Men On,2006,138,298,644,46.3,,272,64,67,14,4,11,87,1,1,18,51,0.246,0.29,0.449,0.738,122,18,1,1,6,4,6,0.259,108,85,felizpe01,254,43.1,63,60,0.264,0.295,0.444
912,,Prince Fielder,Men On,2006,141,284,648,43.8,,239,61,65,12,0,7,60,7,2,31,65,0.272,0.359,0.41,0.769,98,17,6,0,8,5,3,0.331,88,96,fieldpr01,307,45.1,68,90,0.28,0.417,0.597
738,,Prince Fielder,Men On,2007,141,307,681,45.1,,243,80,68,12,1,21,90,2,2,52,54,0.28,0.417,0.597,1.014,145,9,8,0,4,21,1,0.273,102,158,fieldpr01,334,48.1,76,84,0.289,0.41,0.521
340,,Prince Fielder,Men On,2008,148,334,694,48.1,,263,68,76,11,1,16,84,3,2,54,60,0.289,0.41,0.521,0.931,137,12,7,0,10,18,0,0.305,113,141,fieldpr01,357,49.7,83,119,0.292,0.412,0.602
198,,Prince Fielder,Men On,2009,149,357,719,49.7,,284,81,83,14,1,24,119,2,3,59,58,0.292,0.412,0.602,1.014,171,14,5,0,9,21,3,0.28,100,163,fieldpr01,357,50.0,65,57,0.237,0.412,0.343
172,,Prince Fielder,Men On,2010,149,357,714,50.0,,274,68,65,11,0,6,57,1,0,71,67,0.237,0.412,0.343,0.755,94,12,11,0,1,17,2,0.292,76,105,fieldpr01,364,52.6,86,99,0.301,0.434,0.552
39,,Prince Fielder,Men On,2011,154,364,692,52.6,,286,74,86,19,1,17,99,1,1,68,58,0.301,0.434,0.552,0.987,158,17,4,0,6,32,5,0.318,102,168,fieldpr01,340,49.3,91,90,0.336,0.45,0.528
237,,Prince Fielder,Men On,2012,149,340,690,49.3,,271,65,91,14,1,12,90,1,0,53,32,0.336,0.45,0.528,0.978,143,19,9,0,7,18,1,0.338,109,162,fieldpr01,368,51.7,92,94,0.288,0.372,0.467
1401,,Chone Figgins,Men On,2006,131,240,683,35.1,,212,87,60,5,4,3,56,52,16,15,33,0.283,0.323,0.387,0.71,82,6,1,5,7,1,4,0.311,99,81,figgich01,201,40.0,60,58,0.347,0.392,0.509
1219,,Chone Figgins,Men On,2007,104,201,503,40.0,,173,81,60,11,4,3,58,41,12,18,38,0.347,0.392,0.509,0.901,88,7,0,2,8,0,0,0.407,118,130,figgich01,171,32.9,40,21,0.278,0.385,0.319
1459,,Chone Figgins,Men On,2008,96,171,520,32.9,,144,71,40,4,1,0,21,34,13,24,24,0.278,0.385,0.319,0.704,46,7,1,2,0,3,1,0.333,105,86,figgich01,273,37.4,72,49,0.327,0.426,0.418
1320,,Chone Figgins,Men On,2009,141,273,729,37.4,,220,109,72,14,3,0,49,42,17,40,36,0.327,0.426,0.418,0.845,92,8,1,8,4,0,4,0.383,114,124,figgich01,316,45.0,71,35,0.28,0.368,0.335
1323,,Dexter Fowler,Men On,2009,106,193,518,37.3,,146,69,38,8,3,1,31,27,10,30,35,0.26,0.38,0.377,0.757,55,4,0,14,3,1,2,0.327,98,100,fowlede01,170,33.7,48,33,0.336,0.417,0.517
1440,,Dexter Fowler,Men On,2010,88,170,505,33.7,,143,70,48,9,4,3,33,13,8,18,32,0.336,0.417,0.517,0.935,74,5,2,7,0,0,0,0.417,146,149,fowlede01,209,37.1,52,41,0.301,0.396,0.451
1331,,Dexter Fowler,Men On,2011,114,209,563,37.1,,173,80,52,11,6,1,41,12,9,26,32,0.301,0.396,0.451,0.847,78,6,2,7,1,3,4,0.362,114,131,fowlede01,194,36.6,55,44,0.342,0.426,0.509
1233,,Dexter Fowler,Men On,2014,96,200,505,39.6,,168,53,37,5,0,0,27,11,4,28,47,0.22,0.337,0.25,0.587,42,6,2,1,1,2,3,0.303,53,66,fowlede01,220,31.9,42,32,0.228,0.335,0.353
952,,Jeff Francoeur,Men On,2006,143,298,686,43.4,,278,68,80,7,2,14,88,1,6,14,51,0.288,0.326,0.478,0.804,133,15,3,0,3,6,5,0.306,118,102,francje02,319,45.8,86,95,0.303,0.357,0.468
645,,Jeff Francoeur,Men On,2007,144,319,696,45.8,,284,74,86,20,0,9,95,5,2,25,51,0.303,0.357,0.468,0.826,133,14,3,0,7,5,2,0.333,111,111,francje02,326,49.9,60,67,0.203,0.267,0.336
183,,Jeff Francoeur,Men On,2008,146,326,653,49.9,,295,66,60,14,2,7,67,0,1,21,57,0.203,0.267,0.336,0.602,99,18,6,0,4,5,3,0.226,84,56,francje02,335,53.0,79,67,0.256,0.287,0.383
27,,Jeff Francoeur,Men On,2009,150,335,632,53.0,,308,63,79,17,2,6,67,6,4,14,49,0.256,0.287,0.383,0.671,118,13,3,1,9,5,3,0.279,83,75,francje02,250,49.7,50,56,0.235,0.304,0.338
199,,Jeff Francoeur,Men On,2010,124,250,503,49.7,,213,43,50,8,1,4,56,8,3,22,35,0.235,0.304,0.338,0.642,72,9,4,0,11,8,3,0.249,90,72,francje02,323,49.2,87,75,0.295,0.325,0.468
246,,Jeff Francoeur,Men On,2011,142,323,656,49.2,,295,65,87,23,2,8,75,22,10,16,56,0.295,0.325,0.468,0.793,138,17,2,0,10,3,1,0.328,97,114,francje02,266,44.1,57,39,0.237,0.305,0.357
941,,Todd Frazier,Men On,2013,129,261,600,43.5,,223,48,51,12,2,4,58,6,5,25,52,0.229,0.324,0.354,0.679,79,14,8,2,3,1,2,0.276,90,88,frazito01,282,42.7,63,64,0.253,0.326,0.454
1020,,Todd Frazier,Men On,2014,132,282,660,42.7,,249,72,63,9,1,13,64,20,8,25,54,0.253,0.326,0.454,0.78,113,9,4,0,4,2,5,0.269,96,114,frazito01,337,49.7,74,66,0.247,0.307,0.45
797,,Freddie Freeman,Men On,2011,136,283,635,44.6,,248,53,76,15,0,7,62,4,4,27,64,0.306,0.375,0.452,0.826,112,15,3,0,5,3,1,0.379,109,125,freemfr01,311,50.2,70,84,0.267,0.354,0.485
148,,Freddie Freeman,Men On,2012,137,311,620,50.2,,262,81,70,18,0,13,84,2,0,35,59,0.267,0.354,0.485,0.838,127,10,5,0,9,4,3,0.286,111,123,freemfr01,299,47.5,94,100,0.37,0.448,0.591
403,,Freddie Freeman,Men On,2013,130,299,629,47.5,,254,80,94,12,1,14,100,1,0,37,57,0.37,0.448,0.591,1.039,150,10,3,0,5,10,4,0.426,131,186,freemfr01,306,43.2,81,68,0.315,0.415,0.506
894,,David Freese,Men On,2012,127,249,567,43.9,,215,62,57,13,0,12,71,3,3,27,54,0.265,0.357,0.493,0.85,106,19,5,0,2,2,2,0.298,102,126,freesda01,261,50.1,61,55,0.275,0.372,0.405
162,,David Freese,Men On,2013,121,261,521,50.1,,222,48,61,17,0,4,55,1,2,29,49,0.275,0.372,0.405,0.777,90,25,7,0,3,1,1,0.331,116,115,freesda01,235,46.0,55,49,0.267,0.336,0.369
259,,Kosuke Fukudome,Men On,2008,134,289,590,49.0,,236,76,65,17,1,7,55,12,4,46,41,0.275,0.387,0.445,0.832,105,7,0,2,5,9,2,0.301,125,117,fukudko01,252,41.8,51,46,0.258,0.39,0.404
1474,,Rafael Furcal,Men On,2006,132,237,736,32.2,,201,102,62,6,5,4,52,37,13,27,28,0.308,0.388,0.448,0.836,90,7,1,5,3,3,1,0.337,106,113,furcara02,234,36.4,57,42,0.275,0.341,0.372
522,,Brett Gardner,Men On,2010,126,266,569,46.7,,216,94,55,7,3,2,44,47,9,41,54,0.255,0.372,0.343,0.714,74,6,1,5,3,1,3,0.325,88,93,gardnbr01,225,38.3,47,31,0.25,0.341,0.335
1471,,Brett Gardner,Men On,2013,109,197,609,32.3,,167,76,52,5,6,3,47,24,8,16,36,0.311,0.379,0.467,0.846,78,8,4,7,3,1,2,0.374,122,133,gardnbr01,209,32.9,49,45,0.292,0.362,0.423
1460,,Brett Gardner,Men On,2014,117,209,636,32.9,,168,73,49,6,2,4,45,21,5,20,34,0.292,0.362,0.423,0.785,71,3,2,13,6,0,2,0.331,111,117,gardnbr01,258,39.3,69,61,0.312,0.38,0.511
477,,Ryan Garko,Men On,2007,125,254,541,47.0,,222,48,56,8,1,7,47,0,1,16,49,0.252,0.335,0.392,0.727,87,12,13,0,3,1,5,0.29,75,87,garkory01,277,49.2,75,85,0.318,0.39,0.496
562,,Brian Giles,Men On,2006,148,333,717,46.4,,276,79,81,19,0,6,75,9,4,50,25,0.293,0.402,0.428,0.83,118,18,3,0,4,6,2,0.301,115,113,gilesbr02,205,37.1,52,43,0.297,0.395,0.429
1332,,Brian Giles,Men On,2007,97,205,552,37.1,,175,64,52,8,0,5,43,4,6,29,25,0.297,0.395,0.429,0.824,75,8,0,0,1,5,0,0.322,113,113,gilesbr02,264,40.4,67,56,0.303,0.398,0.457
618,,Paul Goldschmidt,Men On,2012,128,270,587,46.0,,223,68,68,24,1,6,68,18,3,35,51,0.305,0.393,0.502,0.895,112,9,3,0,9,4,4,0.354,112,139,goldspa01,334,47.0,95,113,0.348,0.45,0.692
678,,Carlos Gómez,Men On,2013,132,269,590,45.6,,238,61,68,17,3,5,54,40,7,19,67,0.286,0.343,0.445,0.789,106,11,5,1,6,2,1,0.366,89,117,gomezca01,238,37.0,65,56,0.313,0.384,0.466
646,,Adrián González,Men On,2006,145,289,631,45.8,,251,67,74,18,1,8,66,0,1,30,50,0.295,0.368,0.47,0.838,118,24,2,1,5,9,2,0.333,96,112,gonzaad01,333,46.3,79,82,0.27,0.339,0.471
576,,Adrián González,Men On,2007,154,333,720,46.3,,293,83,79,21,1,12,82,0,0,33,64,0.27,0.339,0.471,0.81,138,6,1,0,6,9,4,0.3,92,106,gonzaad01,354,50.6,91,105,0.302,0.398,0.575
118,,Adrián González,Men On,2008,150,354,700,50.6,,301,89,91,16,0,22,105,0,0,48,66,0.302,0.398,0.575,0.973,173,24,2,0,3,18,1,0.319,123,151,gonzaad01,320,47.0,67,76,0.277,0.439,0.537
479,,Adrián González,Men On,2009,151,320,681,47.0,,242,67,67,10,1,17,76,1,1,71,50,0.277,0.439,0.537,0.976,130,23,2,1,4,21,1,0.279,105,156,gonzaad01,319,46.0,82,83,0.327,0.454,0.562
619,,Adrián González,Men On,2010,141,319,693,46.0,,251,69,82,20,0,13,83,0,0,61,52,0.327,0.454,0.562,1.016,141,15,1,2,4,34,3,0.363,126,170,gonzaad01,364,50.9,113,100,0.36,0.434,0.541
97,,Adrián González,Men On,2011,149,364,715,50.9,,314,91,113,23,2,10,100,1,0,42,57,0.36,0.434,0.541,0.975,170,28,3,0,5,20,3,0.409,105,165,gonzaad01,314,45.9,94,100,0.339,0.392,0.549
634,,Adrián González,Men On,2012,145,314,684,45.9,,277,67,94,28,0,10,100,2,0,26,48,0.339,0.392,0.549,0.94,152,10,3,0,8,5,3,0.37,133,150,gonzaad01,312,48.7,84,89,0.308,0.362,0.491
284,,Adrián González,Men On,2013,140,312,641,48.7,,273,58,84,17,0,11,89,1,0,28,44,0.308,0.362,0.491,0.853,134,12,1,0,10,6,3,0.32,112,134,gonzaad01,336,50.9,90,105,0.31,0.372,0.531
96,,Adrián González,Men On,2014,147,336,660,50.9,,290,72,90,16,0,16,105,1,1,34,54,0.31,0.372,0.531,0.903,154,13,1,0,11,9,2,0.32,121,148,gonzaad01,295,45.9,75,74,0.291,0.367,0.488
964,,Álex González,Men On,2010,139,277,640,43.3,,251,60,66,19,2,9,74,1,2,14,50,0.263,0.31,0.462,0.772,116,16,5,3,4,2,1,0.291,109,104,gonzaal02,256,43.2,55,47,0.226,0.246,0.346
1002,,Carlos González,Men On,2010,123,273,636,42.9,,246,91,84,14,6,14,97,26,8,20,60,0.341,0.381,0.618,0.999,152,9,0,0,7,8,1,0.391,105,162,gonzaca01,236,43.5,63,78,0.312,0.386,0.55
942,,Carlos González,Men On,2011,111,236,542,43.5,,202,78,63,10,1,12,78,20,5,27,40,0.312,0.386,0.55,0.935,111,11,1,0,6,8,3,0.327,111,153,gonzaca01,260,44.9,66,74,0.288,0.362,0.502
458,,Luis Gonzalez,Men On,2006,137,315,668,47.2,,270,84,70,20,1,6,64,0,1,35,24,0.259,0.346,0.407,0.753,110,14,4,0,6,10,4,0.26,90,92,gonzalu01,266,50.6,59,60,0.257,0.35,0.396
534,,Alex Gordon,Men On,2007,133,280,601,46.6,,243,52,55,14,0,7,52,14,4,28,63,0.226,0.317,0.37,0.687,90,12,5,1,2,4,1,0.274,91,77,gordoal01,265,46.4,57,52,0.261,0.371,0.459
1232,,Alex Gordon,Men On,2011,136,274,690,39.7,,237,86,70,18,3,8,72,17,8,30,55,0.295,0.377,0.498,0.875,118,9,3,0,3,2,1,0.35,100,137,gordoal01,290,40.2,71,62,0.276,0.348,0.42
1208,,Alex Gordon,Men On,2012,146,290,721,40.2,,257,83,71,19,3,4,62,10,5,29,59,0.276,0.348,0.42,0.769,108,14,1,0,3,3,0,0.34,87,106,gordoal01,274,39.1,69,69,0.297,0.383,0.474
1265,,Alex Gordon,Men On,2013,140,274,700,39.1,,232,78,69,11,3,8,69,11,3,31,50,0.297,0.383,0.474,0.857,110,4,5,0,6,7,3,0.339,129,136,gordoal01,278,43.2,72,66,0.308,0.403,0.513
1399,,Dee Strange-Gordon,Men On,2014,121,229,650,35.2,,210,89,66,10,4,1,33,64,19,11,35,0.314,0.35,0.414,0.764,87,3,2,3,3,0,2,0.367,117,111,gordode01,212,32.5,64,44,0.335,0.359,0.435
1312,,Curtis Granderson,Men On,2006,131,255,679,37.6,,221,76,56,13,3,5,54,8,5,19,69,0.253,0.31,0.407,0.718,90,4,2,7,6,0,1,0.333,86,82,grandcu01,227,33.6,54,53,0.276,0.351,0.48
1442,,Curtis Granderson,Men On,2007,124,227,676,33.6,,196,101,54,12,11,2,53,26,1,21,53,0.276,0.351,0.48,0.831,94,3,3,5,2,3,1,0.364,84,112,grandcu01,222,35.3,58,50,0.301,0.385,0.497
1395,,Curtis Granderson,Men On,2008,116,222,629,35.3,,193,96,58,8,6,6,50,12,4,24,33,0.301,0.385,0.497,0.882,96,7,3,1,1,1,2,0.335,106,128,grandcu01,274,38.6,61,50,0.256,0.339,0.433
1286,,Curtis Granderson,Men On,2009,136,274,710,38.6,,238,70,61,9,3,9,50,20,6,29,52,0.256,0.339,0.433,0.772,103,1,2,3,2,4,1,0.291,99,102,grandcu01,266,50.4,59,54,0.257,0.336,0.491
133,,Curtis Granderson,Men On,2010,119,266,528,50.4,,230,63,59,9,6,11,54,12,2,28,58,0.257,0.336,0.491,0.827,113,3,1,4,3,3,3,0.293,109,118,grandcu01,322,46.6,72,98,0.261,0.336,0.569
535,,Curtis Granderson,Men On,2011,144,322,691,46.6,,276,115,72,9,8,20,98,25,10,34,86,0.261,0.336,0.569,0.905,157,12,1,4,7,0,0,0.294,95,142,grandcu01,298,43.6,61,77,0.237,0.316,0.436
1192,,Curtis Granderson,Men On,2014,136,264,654,40.4,,219,61,53,12,2,8,54,8,2,38,57,0.242,0.352,0.425,0.777,93,1,2,0,5,1,1,0.283,118,115,grandcu01,205,30.1,50,52,0.296,0.4,0.503
232,,Ken Griffey Jr.,Men On,2007,135,308,623,49.4,,245,60,68,14,0,12,75,6,1,54,49,0.278,0.396,0.482,0.878,118,14,0,0,9,14,1,0.29,104,125,griffke02,254,44.2,57,67,0.271,0.382,0.529
220,,Vladimir Guerrero,Men On,2006,145,329,665,49.5,,284,74,94,17,1,15,98,15,5,40,37,0.331,0.41,0.556,0.967,158,16,1,0,4,25,1,0.335,108,144,guerrvl01,345,52.3,103,113,0.364,0.461,0.608
46,,Vladimir Guerrero,Men On,2007,140,345,660,52.3,,283,77,103,24,0,15,113,2,3,51,33,0.364,0.461,0.608,1.069,172,19,5,0,6,27,3,0.365,126,173,guerrvl01,289,48.2,78,80,0.31,0.384,0.563
31,,Vladimir Guerrero,Men On,2010,144,340,643,52.9,,309,70,96,16,1,16,102,4,5,21,31,0.311,0.356,0.524,0.88,162,19,4,0,6,5,2,0.299,109,132,guerrvl01,282,47.8,72,53,0.274,0.309,0.373
823,,Carlos Guillén,Men On,2006,133,276,622,44.4,,237,89,76,16,3,8,74,20,9,35,40,0.321,0.402,0.515,0.917,122,16,0,0,4,10,4,0.352,100,132,guillca01,310,49.2,83,94,0.31,0.377,0.537
104,,José Guillén,Men On,2007,141,335,659,50.8,,296,70,83,12,1,9,85,5,1,23,54,0.28,0.347,0.419,0.766,124,17,10,0,5,2,6,0.311,89,97,guilljo01,303,47.9,69,85,0.245,0.287,0.387
1108,,Franklin Gutiérrez,Men On,2009,132,262,629,41.7,,221,77,65,10,0,10,62,16,5,25,43,0.294,0.365,0.475,0.841,105,14,1,13,2,3,5,0.324,119,119,gutiefr01,291,46.3,67,56,0.267,0.336,0.378
1324,,Cristian Guzmán,Men On,2008,122,228,612,37.3,,211,72,68,13,2,4,50,6,5,8,19,0.322,0.352,0.46,0.812,97,10,4,1,4,1,2,0.333,107,110,guzmacr01,227,40.9,61,48,0.29,0.321,0.41
208,,Travis Hafner,Men On,2006,124,280,564,49.6,,219,78,71,17,1,20,95,0,0,56,50,0.324,0.464,0.685,1.149,150,10,3,0,2,16,0,0.338,110,189,hafnetr01,334,50.5,73,91,0.271,0.395,0.506
421,,Bill Hall,Men On,2006,132,288,608,47.4,,248,82,68,15,2,16,66,8,9,32,68,0.274,0.354,0.544,0.899,135,12,1,3,4,6,5,0.31,101,125,hallbi03,230,45.7,51,56,0.258,0.328,0.439
729,,Josh Hamilton,Men On,2010,125,258,571,45.2,,233,77,89,16,1,14,82,8,1,20,35,0.382,0.424,0.639,1.064,149,11,0,1,4,5,3,0.399,104,180,hamiljo03,257,47.8,67,78,0.298,0.346,0.507
370,,Josh Hamilton,Men On,2011,117,257,538,47.8,,225,64,67,12,4,9,78,8,1,22,41,0.298,0.346,0.507,0.853,114,8,0,0,10,13,3,0.314,95,130,hamiljo03,293,46.1,76,104,0.308,0.386,0.628
604,,Josh Hamilton,Men On,2012,131,293,636,46.1,,247,79,76,18,2,19,104,7,4,34,65,0.308,0.386,0.628,1.013,155,9,3,0,9,13,0,0.331,118,167,hamiljo03,306,48.1,60,66,0.224,0.291,0.366
1249,,J.J. Hardy,Men On,2007,128,251,638,39.3,,227,73,68,10,1,10,64,2,3,19,35,0.3,0.352,0.485,0.837,110,13,0,4,1,1,0,0.317,114,113,hardyjj01,282,44.8,66,61,0.268,0.343,0.463
1220,,J.J. Hardy,Men On,2011,115,227,567,40.0,,202,55,61,14,0,9,59,0,0,16,26,0.302,0.351,0.505,0.856,102,10,2,2,5,3,0,0.302,116,131,hardyjj01,287,40.3,60,55,0.235,0.296,0.392
1196,,J.J. Hardy,Men On,2012,144,287,713,40.3,,255,72,60,13,0,9,55,0,0,20,45,0.235,0.296,0.392,0.689,100,21,3,7,2,4,4,0.251,106,83,hardyjj01,278,43.2,65,62,0.255,0.302,0.439
978,,J.J. Hardy,Men On,2013,137,278,644,43.2,,255,52,65,14,0,11,62,2,1,18,29,0.255,0.302,0.439,0.741,112,14,0,3,2,3,4,0.249,100,103,hardyjj01,214,37.6,46,45,0.24,0.289,0.302
1292,,Corey Hart,Men On,2007,116,216,566,38.2,,177,68,59,10,6,6,63,23,7,18,30,0.333,0.408,0.559,0.967,99,6,9,5,7,3,3,0.358,119,147,hartco01,300,45.7,74,81,0.274,0.307,0.481
260,,Corey Hart,Men On,2010,127,301,614,49.0,,263,73,72,19,1,13,84,7,6,29,65,0.274,0.349,0.502,0.851,132,14,4,0,5,2,5,0.311,98,125,hartco01,217,39.4,54,46,0.287,0.369,0.479
1246,,Corey Hart,Men On,2011,118,217,551,39.4,,188,63,54,7,1,9,46,7,6,22,46,0.287,0.369,0.479,0.848,90,12,3,3,1,1,1,0.336,98,130,hartco01,267,42.9,64,64,0.282,0.374,0.493
89,,Brad Hawpe,Men On,2006,135,294,575,51.1,,254,52,71,16,4,7,69,5,5,38,64,0.28,0.371,0.457,0.827,116,8,0,0,2,11,3,0.346,86,110,hawpebr01,311,51.3,77,102,0.304,0.416,0.573
83,,Brad Hawpe,Men On,2007,134,311,606,51.3,,253,66,77,17,3,15,102,0,2,51,63,0.304,0.416,0.573,0.989,145,13,1,1,5,11,2,0.344,114,152,hawpebr01,273,48.0,70,73,0.308,0.418,0.537
352,,Brad Hawpe,Men On,2008,126,273,569,48.0,,227,57,70,11,1,13,73,2,2,42,67,0.308,0.418,0.537,0.955,122,7,2,0,2,6,1,0.383,118,147,hawpebr01,297,50.5,67,75,0.268,0.37,0.512
404,,Chase Headley,Men On,2009,140,291,612,47.5,,250,55,73,14,1,5,57,10,2,36,51,0.292,0.385,0.416,0.801,104,19,3,0,2,3,3,0.347,119,111,headlch01,296,43.9,65,52,0.252,0.332,0.353
635,,Chase Headley,Men On,2012,149,321,699,45.9,,277,81,82,14,2,17,101,17,6,37,73,0.296,0.377,0.545,0.922,151,7,2,0,5,2,3,0.339,110,145,headlch01,255,42.5,53,39,0.244,0.349,0.346
1046,,Chase Headley,Men On,2013,120,255,600,42.5,,217,48,53,14,1,2,39,8,4,32,67,0.244,0.349,0.346,0.695,75,9,4,0,2,7,1,0.34,87,94,headlch01,225,42.4,48,38,0.25,0.356,0.339
1055,,Chase Headley,Men On,2014,117,225,531,42.4,,192,44,48,9,1,2,38,7,3,26,51,0.25,0.356,0.339,0.694,65,17,6,0,1,1,2,0.329,100,94,headlch01,279,43.5,69,56,0.272,0.323,0.402
1090,,Adeiny Hechavarría,Men On,2013,127,242,578,41.9,,219,30,57,6,3,3,42,11,10,18,37,0.26,0.315,0.356,0.671,78,19,0,4,1,1,1,0.3,137,86,hechaad01,243,42.3,57,33,0.26,0.294,0.324
750,,Todd Helton,Men On,2006,128,292,649,45.0,,233,90,79,17,2,12,78,3,2,50,24,0.339,0.452,0.584,1.036,136,10,3,0,6,15,4,0.33,135,162,heltoto01,342,50.1,86,82,0.333,0.477,0.492
1451,,Jason Heyward,Men On,2014,119,216,649,33.3,,191,66,54,4,2,3,50,20,4,21,30,0.283,0.352,0.372,0.724,71,2,1,0,3,3,1,0.317,97,101,heywaja01,290,47.5,72,52,0.28,0.347,0.416
931,,Aaron Hill,Men On,2006,138,264,606,43.6,,225,67,75,15,2,3,47,5,2,25,29,0.333,0.404,0.458,0.862,103,15,5,4,5,5,1,0.364,134,120,hillaa01,315,47.9,85,69,0.295,0.333,0.462
496,,Aaron Hill,Men On,2009,144,344,734,46.9,,319,86,98,19,0,19,91,6,2,18,39,0.307,0.344,0.545,0.889,174,17,2,1,4,1,3,0.298,114,130,hillaa01,251,43.3,47,53,0.206,0.268,0.39
965,,Aaron Hill,Men On,2010,123,251,580,43.3,,228,55,47,9,0,11,53,2,2,16,33,0.206,0.268,0.39,0.658,89,8,4,1,2,2,5,0.194,98,74,hillaa01,230,40.3,47,56,0.232,0.285,0.325
1197,,Aaron Hill,Men On,2011,118,230,571,40.3,,203,56,47,10,0,3,56,21,7,16,30,0.232,0.285,0.325,0.61,66,10,2,2,7,1,1,0.249,87,67,hillaa01,284,42.5,78,69,0.308,0.375,0.514
17,,Matt Holliday,Men On,2006,147,356,667,53.4,,315,100,100,21,2,15,95,10,5,29,65,0.317,0.388,0.54,0.927,170,22,9,0,3,3,2,0.357,92,134,hollima01,349,48.9,102,119,0.332,0.401,0.583
266,,Matt Holliday,Men On,2007,147,349,713,48.9,,307,102,102,17,3,18,119,11,4,37,59,0.332,0.401,0.583,0.984,179,23,1,0,4,7,1,0.359,95,150,hollima01,292,46.9,75,70,0.301,0.397,0.466
497,,Matt Holliday,Men On,2008,130,292,623,46.9,,249,89,75,16,2,7,70,28,2,36,51,0.301,0.397,0.466,0.863,116,9,5,0,2,6,2,0.352,84,125,hollima01,337,50.3,91,98,0.326,0.421,0.534
142,,Matt Holliday,Men On,2009,148,337,670,50.3,,279,83,91,17,1,13,98,14,7,47,49,0.326,0.421,0.534,0.955,149,13,4,0,7,8,6,0.348,111,150,hollima01,334,49.5,88,89,0.307,0.398,0.537
221,,Matt Holliday,Men On,2010,148,334,675,49.5,,287,81,88,22,1,14,89,9,5,40,43,0.307,0.398,0.537,0.935,154,13,5,0,2,10,3,0.319,103,148,hollima01,216,41.9,55,63,0.291,0.37,0.508
1091,,Matt Holliday,Men On,2011,112,216,516,41.9,,189,71,55,11,0,10,63,2,1,21,43,0.291,0.37,0.508,0.878,96,21,4,0,2,4,0,0.326,92,138,hollima01,339,49.3,81,89,0.284,0.383,0.509
239,,Matt Holliday,Men On,2012,148,339,688,49.3,,285,82,81,20,1,14,89,4,4,42,64,0.284,0.383,0.509,0.892,145,16,7,0,5,3,3,0.316,104,138,hollima01,283,47.0,87,85,0.357,0.431,0.582
480,,Matt Holliday,Men On,2013,127,283,602,47.0,,244,94,87,14,1,13,85,6,1,31,34,0.357,0.431,0.582,1.013,142,31,4,0,4,5,3,0.368,130,178,hollima01,316,47.4,82,74,0.305,0.402,0.42
713,,Eric Hosmer,Men On,2011,110,255,563,45.3,,231,53,65,15,2,6,65,11,5,18,38,0.281,0.329,0.442,0.771,102,13,1,0,5,7,2,0.307,94,109,hosmeer01,241,40.3,53,52,0.255,0.336,0.38
1198,,Eric Hosmer,Men On,2012,127,241,598,40.3,,208,57,53,8,0,6,52,16,1,27,32,0.255,0.336,0.38,0.716,79,10,1,0,5,4,3,0.269,116,93,hosmeer01,303,44.6,84,71,0.307,0.358,0.474
798,,Eric Hosmer,Men On,2013,143,303,680,44.6,,274,78,84,17,1,9,71,11,4,24,39,0.307,0.358,0.474,0.832,130,15,0,1,4,4,3,0.326,107,129,hosmeer01,249,45.5,70,54,0.314,0.361,0.453
690,,Eric Hosmer,Men On,2014,119,249,547,45.5,,223,50,70,16,0,5,54,4,2,18,34,0.314,0.361,0.453,0.814,101,12,2,0,6,4,0,0.342,127,125,hosmeer01,343,51.4,92,85,0.305,0.377,0.474
99,,Ryan Howard,Men On,2006,149,358,704,50.9,,275,75,79,9,1,29,120,0,0,71,95,0.287,0.436,0.644,1.079,177,7,6,0,6,34,3,0.318,100,172,howarry01,367,56.6,82,119,0.295,0.447,0.676
2,,Ryan Howard,Men On,2007,139,367,648,56.6,,278,77,82,16,0,30,119,1,0,79,104,0.295,0.447,0.676,1.123,188,13,3,0,7,35,2,0.344,130,185,howarry01,351,50.1,92,124,0.309,0.396,0.648
164,,Ryan Howard,Men On,2008,153,351,700,50.1,,298,83,92,17,3,26,124,1,1,45,88,0.309,0.396,0.648,1.044,193,11,2,0,6,16,2,0.347,136,167,howarry01,354,50.4,85,120,0.282,0.373,0.595
134,,Ryan Howard,Men On,2009,149,354,703,50.4,,301,84,85,16,3,24,120,8,1,43,99,0.282,0.373,0.595,0.968,179,11,4,0,6,8,3,0.332,108,151,howarry01,324,52.3,75,96,0.269,0.361,0.516
47,,Ryan Howard,Men On,2010,135,324,620,52.3,,279,75,75,6,3,19,96,1,1,37,85,0.269,0.361,0.516,0.877,144,14,5,0,3,11,2,0.315,104,132,howarry01,328,50.9,79,97,0.288,0.39,0.507
22,,Ryan Howard,Men On,2014,138,345,648,53.2,,292,56,76,13,0,14,86,0,0,44,101,0.26,0.359,0.449,0.808,131,10,4,0,5,7,3,0.341,134,123,howarry01,242,48.1,57,66,0.258,0.307,0.498
1048,,Orlando Hudson,Men On,2006,141,276,650,42.5,,232,79,75,14,5,7,59,9,6,35,35,0.323,0.408,0.517,0.925,120,17,1,4,4,5,3,0.351,129,135,hudsoor01,250,41.6,60,56,0.296,0.388,0.409
620,,Orlando Hudson,Men On,2009,132,290,631,46.0,,236,67,70,17,1,2,55,8,1,39,42,0.297,0.391,0.403,0.794,95,16,1,9,5,4,3,0.345,106,110,hudsoor01,243,43.5,46,34,0.225,0.324,0.319
201,,Aubrey Huff,Men On,2006,117,257,517,49.7,,222,42,58,9,2,6,51,0,0,26,28,0.261,0.339,0.401,0.739,89,11,3,0,6,6,2,0.268,84,88,huffau01,276,45.8,71,66,0.287,0.348,0.474
647,,Aubrey Huff,Men On,2007,134,276,603,45.8,,247,62,71,17,1,9,66,1,1,25,38,0.287,0.348,0.474,0.822,117,13,0,0,4,2,2,0.304,111,110,huffau01,312,47.2,88,91,0.33,0.404,0.577
459,,Aubrey Huff,Men On,2008,147,312,661,47.2,,267,79,88,21,0,15,91,4,0,37,43,0.33,0.404,0.577,0.981,154,9,1,0,7,7,2,0.338,117,153,huffau01,292,48.9,74,80,0.29,0.363,0.482
267,,Aubrey Huff,Men On,2009,139,292,597,48.9,,255,54,74,17,1,10,80,0,6,31,36,0.29,0.363,0.482,0.845,123,15,1,0,5,7,2,0.299,143,121,huffau01,308,46.1,78,70,0.306,0.403,0.486
606,,Aubrey Huff,Men On,2010,140,308,668,46.1,,255,84,78,12,2,10,70,7,0,43,36,0.306,0.403,0.486,0.889,124,17,3,0,7,5,3,0.315,101,137,huffau01,263,45.4,53,50,0.229,0.289,0.299
36,,Torii Hunter,Men On,2006,142,322,611,52.7,,290,69,82,11,1,14,81,12,6,25,53,0.283,0.342,0.472,0.814,137,19,3,0,4,2,3,0.3,98,105,hunteto01,306,47.1,78,92,0.28,0.327,0.502
469,,Torii Hunter,Men On,2007,142,306,650,47.1,,279,79,78,23,0,13,92,18,9,21,43,0.28,0.327,0.502,0.829,140,17,1,0,5,10,4,0.285,97,110,hunteto01,286,47.0,66,64,0.257,0.329,0.424
481,,Torii Hunter,Men On,2008,132,286,608,47.0,,257,71,66,18,2,7,64,19,5,26,51,0.257,0.329,0.424,0.753,109,15,2,0,1,6,5,0.295,87,95,hunteto01,254,50.2,68,78,0.316,0.402,0.521
149,,Torii Hunter,Men On,2009,108,254,506,50.2,,215,62,68,12,1,10,78,18,4,32,42,0.316,0.402,0.521,0.923,112,9,2,0,5,4,0,0.345,112,141,hunteto01,309,47.8,77,79,0.294,0.385,0.492
371,,Torii Hunter,Men On,2010,142,309,646,47.8,,262,65,77,16,0,12,79,9,12,35,44,0.294,0.385,0.492,0.877,129,22,7,0,5,6,6,0.308,115,133,hunteto01,299,46.1,69,71,0.261,0.338,0.432
607,,Torii Hunter,Men On,2011,141,299,649,46.1,,264,69,69,7,1,12,71,5,7,31,52,0.261,0.338,0.432,0.77,114,24,1,0,3,2,4,0.281,101,109,hunteto01,277,47.4,85,81,0.337,0.384,0.448
424,,Torii Hunter,Men On,2012,125,277,584,47.4,,252,70,85,13,0,5,81,9,1,18,54,0.337,0.384,0.448,0.832,113,15,3,1,3,1,0,0.408,105,123,hunteto01,297,45.6,86,73,0.32,0.344,0.446
679,,Torii Hunter,Men On,2013,131,297,652,45.6,,269,79,86,16,0,6,73,3,2,11,45,0.32,0.344,0.446,0.79,120,11,4,3,10,0,3,0.351,99,117,hunteto01,259,44.2,62,70,0.264,0.305,0.37
855,,Torii Hunter,Men On,2014,125,259,586,44.2,,235,58,62,11,1,4,70,4,3,13,37,0.264,0.305,0.37,0.675,87,18,4,0,7,0,0,0.289,79,87,hunteto01,233,41.1,56,68,0.271,0.33,0.464
511,,Raúl Ibañez,Men On,2006,153,327,699,46.8,,284,85,89,15,2,15,105,2,4,35,53,0.313,0.382,0.539,0.921,153,13,1,0,7,15,2,0.332,113,132,ibanera01,310,48.7,86,96,0.319,0.384,0.552
286,,Raúl Ibañez,Men On,2007,139,310,636,48.7,,270,71,86,23,2,12,96,0,0,32,40,0.319,0.384,0.552,0.936,149,14,1,0,7,4,3,0.329,124,138,ibanera01,363,51.3,105,98,0.331,0.402,0.505
84,,Raúl Ibañez,Men On,2008,153,363,707,51.3,,317,73,105,20,1,11,98,2,4,40,46,0.331,0.402,0.505,0.907,160,13,1,0,5,11,2,0.355,118,135,ibanera01,261,46.2,58,73,0.266,0.368,0.523
594,,Raúl Ibañez,Men On,2009,119,261,565,46.2,,218,73,58,14,0,14,73,4,0,35,43,0.266,0.368,0.523,0.891,114,16,3,0,5,8,4,0.265,101,132,ibanera01,318,50.0,81,74,0.296,0.371,0.471
173,,Raúl Ibañez,Men On,2010,138,318,636,50.0,,274,66,81,19,4,7,74,4,3,37,55,0.296,0.371,0.471,0.842,129,15,0,0,7,11,3,0.338,112,124,ibanera01,246,42.8,61,73,0.269,0.305,0.458
1099,,Tadahito Iguchi,Men On,2006,124,262,627,41.8,,226,88,66,11,0,9,58,11,5,24,42,0.292,0.362,0.46,0.822,104,7,2,8,2,0,3,0.322,112,108,iguchta01,206,38.6,47,37,0.269,0.343,0.394
1211,,Omar Infante,Men On,2010,105,203,506,40.1,,182,60,61,5,1,3,42,7,6,15,25,0.335,0.382,0.423,0.805,77,14,0,4,2,1,1,0.372,108,115,infanom01,299,46.7,70,45,0.276,0.319,0.366
523,,Omar Infante,Men On,2011,138,299,640,46.7,,254,51,70,8,3,3,45,4,2,18,26,0.276,0.319,0.366,0.685,93,12,2,17,8,1,6,0.288,97,87,infanom01,248,42.2,58,44,0.253,0.271,0.341
1009,,Brandon Inge,Men On,2006,139,257,601,42.8,,229,71,60,10,2,15,71,7,4,16,55,0.262,0.312,0.52,0.832,119,12,3,4,5,2,5,0.274,112,108,ingebr01,257,44.5,61,62,0.277,0.348,0.414
254,,Brandon Inge,Men On,2009,146,313,637,49.1,,268,57,65,6,0,13,70,2,5,28,71,0.243,0.34,0.41,0.75,110,12,13,1,3,1,5,0.278,109,97,ingebr01,274,47.2,58,62,0.243,0.314,0.381
1466,,Akinori Iwamura,Men On,2007,101,183,559,32.7,,157,78,43,8,2,3,30,12,8,17,32,0.274,0.335,0.408,0.743,64,2,0,4,5,0,1,0.315,93,91,iwamuak01,237,33.5,51,44,0.259,0.363,0.376
1427,,Austin Jackson,Men On,2010,118,230,675,34.1,,200,100,52,10,2,1,38,27,6,24,65,0.26,0.335,0.345,0.68,69,5,0,3,3,4,4,0.372,83,83,jacksau01,247,37.0,48,40,0.238,0.326,0.371
1336,,Austin Jackson,Men On,2011,126,247,668,37.0,,202,85,48,6,3,5,40,22,5,26,65,0.238,0.326,0.371,0.697,75,11,2,14,3,3,4,0.319,102,90,jacksau01,222,36.0,51,55,0.264,0.341,0.415
1367,,Austin Jackson,Men On,2012,119,222,617,36.0,,193,92,51,14,0,5,55,12,9,22,48,0.264,0.341,0.415,0.755,80,9,2,2,3,0,1,0.322,77,102,jacksau01,223,36.3,54,43,0.278,0.35,0.433
1359,,Austin Jackson,Men On,2013,113,223,614,36.3,,194,93,54,8,2,6,43,8,4,19,45,0.278,0.35,0.433,0.783,84,12,4,3,3,0,4,0.329,108,116,jacksau01,255,38.9,60,45,0.271,0.331,0.353
1271,,Austin Jackson,Men On,2014,133,255,656,38.9,,221,69,60,10,1,2,45,20,6,23,60,0.271,0.331,0.353,0.684,78,15,1,1,9,0,2,0.345,109,90,jacksau01,195,37.0,56,45,0.318,0.37,0.46
1304,,Jon Jay,Men On,2011,113,190,503,37.8,,167,49,47,6,0,3,30,6,7,6,30,0.281,0.315,0.371,0.686,62,11,4,9,4,1,1,0.319,79,87,jayjo02,204,40.6,56,37,0.331,0.415,0.408
1183,,Jon Jay,Men On,2012,100,204,502,40.6,,169,67,56,8,1,1,37,19,7,16,21,0.331,0.415,0.408,0.824,69,9,9,9,1,3,3,0.372,113,123,jayjo02,298,47.5,80,65,0.32,0.394,0.46
1341,,Desmond Jennings,Men On,2012,110,208,563,36.9,,180,73,46,7,3,1,35,31,2,20,38,0.256,0.332,0.344,0.676,62,7,1,6,1,1,0,0.317,94,83,jennide01,214,35.5,52,45,0.287,0.365,0.475
1385,,Desmond Jennings,Men On,2013,112,214,602,35.5,,181,73,52,11,4,5,45,20,8,23,40,0.287,0.365,0.475,0.84,86,6,2,3,5,0,1,0.333,124,131,jennide01,198,36.5,45,29,0.271,0.354,0.398
669,,Derek Jeter,Men On,2006,144,327,715,45.7,,268,111,98,19,1,7,90,34,5,38,52,0.366,0.456,0.522,0.979,140,13,10,7,4,4,3,0.427,117,149,jeterde01,317,44.4,89,65,0.319,0.389,0.412
824,,Derek Jeter,Men On,2007,139,317,714,44.4,,279,94,89,12,1,4,65,15,8,27,41,0.319,0.389,0.412,0.801,115,21,6,3,2,3,4,0.36,91,107,jeterde01,286,42.8,74,61,0.301,0.369,0.39
1010,,Derek Jeter,Men On,2008,138,286,668,42.8,,246,80,74,11,1,3,61,11,5,25,36,0.301,0.369,0.39,0.759,96,24,4,7,4,0,4,0.336,97,99,jeterde01,266,37.2,66,53,0.291,0.382,0.383
1328,,Derek Jeter,Men On,2009,136,266,716,37.2,,227,94,66,6,0,5,53,30,5,33,38,0.291,0.382,0.383,0.765,87,18,1,4,1,4,4,0.33,77,102,jeterde01,287,38.8,60,61,0.237,0.315,0.36
1277,,Derek Jeter,Men On,2010,137,287,739,38.8,,253,105,60,15,2,4,61,18,5,27,47,0.237,0.315,0.36,0.674,91,22,3,1,3,4,3,0.273,90,80,jeterde01,232,38.2,61,57,0.305,0.368,0.395
1293,,Derek Jeter,Men On,2011,113,232,607,38.2,,200,80,61,6,3,2,57,16,6,21,26,0.305,0.368,0.395,0.763,79,10,2,4,5,0,2,0.333,106,109,jeterde01,255,34.5,71,46,0.324,0.402,0.406
896,,Kenji Johjima,Men On,2006,123,238,542,43.9,,216,52,64,12,0,9,67,3,1,13,21,0.296,0.349,0.477,0.826,103,15,6,0,3,1,12,0.291,111,109,johjike01,250,48.7,63,54,0.27,0.312,0.425
321,,Chris Johnson,Men On,2012,122,255,528,48.3,,234,44,73,12,2,11,72,5,1,14,48,0.312,0.35,0.521,0.872,122,18,2,1,4,2,0,0.346,123,131,johnsch05,235,43.0,67,62,0.303,0.336,0.452
997,,Chris Johnson,Men On,2013,124,235,547,43.0,,221,48,67,15,0,6,62,0,0,10,56,0.303,0.336,0.452,0.789,100,20,2,0,2,5,2,0.379,93,116,johnsch05,277,45.3,75,55,0.29,0.324,0.425
1289,,Kelly Johnson,Men On,2007,124,234,608,38.5,,197,81,55,11,4,6,58,9,5,32,49,0.279,0.379,0.467,0.846,92,8,1,2,2,3,4,0.34,103,117,johnske05,269,43.8,70,63,0.3,0.358,0.464
1251,,Kelly Johnson,Men On,2010,131,264,671,39.3,,225,78,58,15,3,11,56,13,7,34,52,0.258,0.352,0.498,0.85,112,12,0,3,2,1,3,0.287,96,125,johnske05,239,39.0,45,45,0.216,0.306,0.413
1266,,Kelly Johnson,Men On,2011,126,239,613,39.0,,208,62,45,11,3,8,45,16,6,25,63,0.216,0.306,0.413,0.72,86,3,2,4,0,2,3,0.27,101,95,johnske05,234,40.3,46,46,0.227,0.306,0.389
799,,Adam Jones,Men On,2008,111,229,514,44.6,,206,58,48,8,3,6,54,10,3,11,47,0.233,0.282,0.388,0.67,80,12,5,2,5,0,2,0.266,88,73,jonesad01,219,42.2,59,62,0.301,0.361,0.526
1073,,Adam Jones,Men On,2009,103,219,519,42.2,,196,75,59,9,1,11,62,10,4,17,34,0.301,0.361,0.526,0.886,103,13,3,0,3,3,1,0.312,123,131,jonesad01,266,42.8,68,59,0.281,0.333,0.463
1011,,Adam Jones,Men On,2010,125,266,621,42.8,,242,66,68,11,3,9,59,7,7,13,47,0.281,0.333,0.463,0.796,112,17,7,2,2,1,5,0.314,107,111,jonesad01,275,44.5,64,67,0.266,0.31,0.415
816,,Adam Jones,Men On,2011,131,275,618,44.5,,241,51,64,7,1,9,67,12,4,16,49,0.266,0.31,0.415,0.725,100,16,5,1,12,2,4,0.282,86,96,jonesad01,283,40.6,71,64,0.272,0.322,0.49
1184,,Adam Jones,Men On,2012,140,283,697,40.6,,261,85,71,15,0,14,64,16,7,15,48,0.272,0.322,0.49,0.812,128,15,5,0,2,0,2,0.284,93,115,jonesad01,342,49.6,107,88,0.333,0.365,0.536
209,,Adam Jones,Men On,2013,151,342,689,49.6,,321,80,107,24,1,13,88,14,3,15,71,0.333,0.365,0.536,0.901,172,15,3,0,3,4,2,0.392,124,146,jonesad01,312,45.7,91,79,0.318,0.353,0.503
670,,Adam Jones,Men On,2014,148,312,682,45.7,,286,71,91,13,2,12,79,7,1,10,56,0.318,0.353,0.503,0.856,144,11,9,0,7,1,5,0.351,121,135,jonesad01,265,45.6,66,67,0.273,0.325,0.475
18,,Andruw Jones,Men On,2006,150,357,669,53.4,,289,85,79,15,0,19,107,4,1,53,64,0.273,0.387,0.522,0.909,151,13,6,0,9,9,1,0.279,105,130,jonesan01,342,51.9,60,82,0.216,0.336,0.424
48,,Chipper Jones,Men On,2007,123,314,600,52.3,,260,95,83,18,1,16,89,5,1,49,39,0.319,0.42,0.581,1.001,151,21,0,0,5,10,8,0.319,95,155,jonesch06,271,50.7,82,61,0.387,0.506,0.575
112,,Chipper Jones,Men On,2008,116,271,534,50.7,,212,68,82,14,1,8,61,4,0,54,26,0.387,0.506,0.575,1.081,122,13,1,0,4,16,1,0.407,108,182,jonesch06,275,46.1,59,60,0.282,0.433,0.455
408,,Austin Kearns,Men On,2006,136,299,629,47.5,,244,69,62,16,1,7,69,9,4,42,62,0.254,0.372,0.414,0.786,101,18,7,1,5,4,4,0.306,91,101,kearnau01,337,50.0,77,67,0.275,0.386,0.443
739,,Matt Kemp,Men On,2008,135,296,657,45.1,,266,81,75,16,1,6,64,35,11,25,63,0.282,0.342,0.417,0.76,111,11,1,1,3,6,1,0.345,91,97,kempma01,321,48.1,80,88,0.279,0.336,0.463
343,,Matt Kemp,Men On,2009,144,321,667,48.1,,287,84,80,10,2,13,88,34,8,26,61,0.279,0.336,0.463,0.8,133,14,2,0,6,6,4,0.306,90,108,kempma01,324,48.5,68,76,0.238,0.299,0.462
301,,Matt Kemp,Men On,2010,146,324,668,48.5,,286,69,68,13,3,15,76,19,15,28,90,0.238,0.299,0.462,0.761,132,14,1,0,9,4,3,0.279,99,100,kempma01,347,50.4,101,108,0.344,0.424,0.626
498,,Matt Kemp,Men On,2014,134,281,599,46.9,,248,65,71,17,2,13,77,8,5,27,63,0.286,0.349,0.528,0.877,131,21,0,0,6,3,2,0.326,105,140,kempma01,302,46.6,87,89,0.322,0.368,0.533
1139,,Jason Kendall,Men On,2006,124,258,626,41.2,,219,76,76,9,0,1,50,11,5,22,24,0.347,0.417,0.402,0.819,88,19,8,4,5,2,5,0.377,131,111,kendaja01,211,41.1,51,39,0.28,0.35,0.357
1147,,Jason Kendall,Men On,2007,112,211,514,41.1,,182,43,51,9,1,1,39,3,4,15,13,0.28,0.35,0.357,0.707,65,8,6,5,3,2,5,0.292,132,83,kendaja01,265,45.1,54,49,0.242,0.34,0.345
740,,Jason Kendall,Men On,2008,133,265,587,45.1,,223,46,54,15,1,2,49,8,3,25,19,0.242,0.34,0.345,0.685,77,5,9,6,2,7,5,0.255,111,80,kendaja01,246,46.8,48,43,0.24,0.346,0.33
979,,Howie Kendrick,Men On,2010,141,284,658,43.2,,258,62,82,22,1,5,70,14,4,12,30,0.318,0.354,0.469,0.823,121,16,5,4,5,2,3,0.338,128,118,kendrho01,248,42.5,60,50,0.262,0.31,0.376
1049,,Howie Kendrick,Men On,2011,118,248,583,42.5,,229,72,60,9,1,5,50,14,6,14,57,0.262,0.31,0.376,0.686,86,18,2,3,0,3,2,0.329,73,87,kendrho01,260,43.8,65,63,0.278,0.315,0.385
914,,Howie Kendrick,Men On,2012,128,260,594,43.8,,234,53,65,13,0,4,63,14,6,13,59,0.278,0.315,0.385,0.7,90,26,2,6,5,1,1,0.347,93,87,kendrho01,231,45.0,53,44,0.256,0.311,0.372
753,,Howie Kendrick,Men On,2013,107,231,513,45.0,,207,45,53,13,1,3,44,6,3,14,44,0.256,0.311,0.372,0.683,77,16,4,3,3,5,5,0.307,78,89,kendrho01,300,44.5,84,71,0.315,0.377,0.427
705,,Ian Kinsler,Men On,2007,115,257,566,45.4,,204,86,54,6,1,10,51,23,2,39,31,0.265,0.382,0.451,0.833,92,14,2,8,4,2,2,0.263,110,114,kinslia01,213,36.5,61,60,0.347,0.408,0.528
1356,,Ian Kinsler,Men On,2008,101,213,583,36.5,,176,91,61,9,1,7,60,26,2,20,28,0.347,0.408,0.528,0.936,93,12,3,7,7,1,2,0.365,111,142,kinslia01,230,35.9,59,67,0.303,0.374,0.59
1252,,Ian Kinsler,Men On,2011,137,284,723,39.3,,237,95,60,11,3,6,51,30,4,37,26,0.253,0.361,0.401,0.762,95,17,4,4,2,2,4,0.261,86,108,kinslia01,249,34.1,57,58,0.261,0.331,0.44
1428,,Ian Kinsler,Men On,2012,131,249,731,34.1,,218,91,57,18,3,5,58,21,9,22,25,0.261,0.331,0.44,0.771,96,14,3,1,5,0,1,0.269,106,105,kinslia01,255,41.5,66,61,0.301,0.365,0.388
1118,,Ian Kinsler,Men On,2013,125,255,614,41.5,,219,74,66,13,0,2,61,15,11,21,23,0.301,0.365,0.388,0.753,85,5,5,3,7,0,6,0.318,100,109,kinslia01,287,39.5,81,81,0.303,0.327,0.442
1241,,Ian Kinsler,Men On,2014,143,287,726,39.5,,267,89,81,15,2,6,81,15,4,11,30,0.303,0.327,0.442,0.769,118,20,1,3,5,1,1,0.318,112,111,kinslia01,276,40.9,64,67,0.259,0.319,0.389
856,,Jason Kipnis,Men On,2012,140,297,672,44.2,,251,80,72,8,3,8,70,31,7,37,39,0.287,0.371,0.438,0.809,110,12,0,3,6,2,2,0.305,126,117,kipnija01,285,43.3,71,77,0.3,0.371,0.489
966,,Jason Kipnis,Men On,2013,137,285,658,43.3,,237,79,71,11,2,10,77,30,7,32,59,0.3,0.371,0.489,0.861,116,10,1,5,10,3,4,0.343,110,136,kipnija01,249,44.9,48,39,0.221,0.31,0.327
762,,Jason Kipnis,Men On,2014,116,249,555,44.9,,217,59,48,11,0,4,39,22,3,27,41,0.221,0.31,0.327,0.638,71,15,2,1,2,2,2,0.253,99,77,kipnija01,218,34.0,54,45,0.3,0.383,0.417
151,,Paul Konerko,Men On,2006,142,323,643,50.2,,276,79,96,17,0,17,95,1,0,34,46,0.348,0.415,0.594,1.009,164,25,4,0,9,3,2,0.356,117,154,konerpa01,298,46.9,63,71,0.258,0.372,0.48
499,,Paul Konerko,Men On,2007,136,298,636,46.9,,244,52,63,18,0,12,71,0,1,48,52,0.258,0.372,0.48,0.852,117,21,0,0,6,9,1,0.274,104,118,konerpa01,222,43.2,47,46,0.246,0.333,0.403
980,,Paul Konerko,Men On,2008,114,222,514,43.2,,191,43,47,12,0,6,46,2,0,21,32,0.246,0.333,0.403,0.736,77,17,6,0,4,4,0,0.261,89,91,konerpa01,277,44.6,67,70,0.283,0.361,0.477
801,,Paul Konerko,Men On,2009,143,277,621,44.6,,237,57,67,14,1,10,70,1,0,27,38,0.283,0.361,0.477,0.838,113,15,6,0,7,4,2,0.291,100,119,konerpa01,294,46.6,82,88,0.333,0.422,0.593
537,,Paul Konerko,Men On,2010,136,294,631,46.6,,246,66,82,16,0,16,88,0,1,41,49,0.333,0.422,0.593,1.015,146,9,1,0,6,7,3,0.353,109,168,konerpa01,321,50.2,79,85,0.309,0.414,0.48
150,,Paul Konerko,Men On,2011,140,321,639,50.2,,256,49,79,11,0,11,85,1,1,49,41,0.309,0.414,0.48,0.895,123,14,5,0,11,17,1,0.316,100,144,konerpa01,267,44.6,68,58,0.291,0.371,0.449
800,,Paul Konerko,Men On,2012,130,267,598,44.6,,234,49,68,10,0,9,58,0,0,29,42,0.291,0.371,0.449,0.82,105,16,2,0,2,4,1,0.319,92,120,konerpa01,226,43.5,57,47,0.297,0.385,0.406
524,,Casey Kotchman,Men On,2007,113,237,508,46.7,,202,57,67,15,2,4,61,2,4,24,18,0.332,0.402,0.485,0.887,98,17,3,3,5,1,2,0.341,112,128,kotchca01,258,45.0,58,67,0.253,0.326,0.389
825,,Casey Kotchman,Men On,2011,124,250,563,44.4,,215,37,66,9,1,3,41,2,2,25,29,0.307,0.392,0.4,0.792,86,13,7,0,3,5,4,0.339,99,117,kotchca01,228,45.6,47,52,0.23,0.298,0.387
692,,Kevin Kouzmanoff,Men On,2007,127,243,534,45.5,,213,47,69,16,1,8,64,1,0,16,41,0.324,0.378,0.521,0.899,111,9,6,2,6,2,0,0.359,129,129,kouzmke01,304,45.5,75,71,0.27,0.313,0.442
691,,Kevin Kouzmanoff,Men On,2008,141,304,668,45.5,,278,58,75,14,2,10,71,0,0,11,57,0.27,0.313,0.442,0.755,123,15,9,0,6,3,4,0.3,107,95,kouzmke01,285,49.7,69,79,0.272,0.33,0.429
202,,Kevin Kouzmanoff,Men On,2009,128,285,573,49.7,,254,41,69,13,0,9,79,1,0,17,45,0.272,0.33,0.429,0.759,109,25,8,0,6,3,0,0.291,111,98,kouzmke01,290,49.5,58,61,0.218,0.266,0.335
165,,Jason Kubel,Men On,2008,124,259,517,50.1,,222,63,59,14,2,9,67,0,1,30,43,0.266,0.344,0.468,0.812,104,12,0,0,7,2,2,0.282,102,110,kubelja01,293,50.7,69,91,0.266,0.334,0.521
113,,Jason Kubel,Men On,2009,135,293,578,50.7,,259,61,69,16,1,16,91,1,1,27,56,0.266,0.334,0.521,0.856,135,13,2,0,5,9,2,0.276,87,122,kubelja01,305,52.4,64,81,0.247,0.344,0.425
967,,Adam LaRoche,Men On,2006,122,241,557,43.3,,199,65,55,18,1,8,66,0,2,32,52,0.276,0.371,0.497,0.868,99,9,2,1,7,5,2,0.322,93,119,larocad01,300,47.5,75,74,0.288,0.37,0.454
409,,Adam LaRoche,Men On,2007,137,300,632,47.5,,260,57,75,22,0,7,74,1,1,34,60,0.288,0.37,0.454,0.824,118,18,2,0,4,5,3,0.345,106,111,larocad01,293,52.9,75,73,0.291,0.355,0.512
32,,Adam LaRoche,Men On,2008,127,293,554,52.9,,258,54,75,16,1,13,73,1,1,27,87,0.291,0.355,0.512,0.867,132,9,2,0,6,7,2,0.378,107,123,larocad01,286,45.5,68,65,0.291,0.402,0.444
693,,Adam LaRoche,Men On,2009,139,286,629,45.5,,234,60,68,13,1,7,65,2,2,47,60,0.291,0.402,0.444,0.847,104,11,0,0,5,12,1,0.355,104,123,larocad01,285,46.3,75,89,0.288,0.337,0.523
302,,Adam LaRoche,Men On,2012,143,314,647,48.5,,268,59,75,14,1,16,83,1,1,37,67,0.28,0.357,0.519,0.875,139,10,0,0,9,7,3,0.304,106,132,larocad01,279,47.3,52,49,0.231,0.366,0.387
443,,Adam LaRoche,Men On,2013,125,279,590,47.3,,225,57,52,8,3,7,49,4,1,48,57,0.231,0.366,0.387,0.752,87,13,2,0,4,10,2,0.273,106,109,larocad01,320,54.6,66,81,0.258,0.381,0.453
621,,Carlos Lee,Men On,2006,154,320,695,46.0,,275,79,80,16,1,14,93,19,2,32,22,0.291,0.356,0.509,0.865,140,22,2,0,11,6,5,0.264,95,118,leeca01,347,49.8,88,103,0.295,0.357,0.517
101,,Carlos Lee,Men On,2009,150,337,662,50.9,,301,52,85,14,0,13,89,5,3,27,30,0.282,0.335,0.458,0.794,138,21,1,0,8,5,2,0.271,91,107,leeca01,307,47.3,74,78,0.261,0.303,0.454
444,,Carlos Lee,Men On,2010,147,307,649,47.3,,284,56,74,14,1,13,78,3,3,18,34,0.261,0.303,0.454,0.757,129,20,1,0,4,1,1,0.253,113,100,leeca01,332,50.8,71,87,0.247,0.331,0.449
105,,Carlos Lee,Men On,2011,141,332,653,50.8,,287,59,71,19,3,11,87,4,3,37,31,0.247,0.331,0.449,0.781,129,9,2,0,6,8,8,0.239,98,111,leeca01,290,47.2,77,72,0.304,0.372,0.403
649,,Derrek Lee,Men On,2007,138,298,650,45.8,,253,77,85,18,0,8,68,6,5,36,49,0.336,0.426,0.502,0.928,127,15,6,0,3,8,1,0.387,104,139,leede02,320,45.8,89,75,0.314,0.381,0.442
648,,Derrek Lee,Men On,2008,140,320,698,45.8,,283,78,89,21,0,5,75,8,2,33,44,0.314,0.381,0.442,0.823,125,27,0,0,4,3,2,0.353,101,114,leede02,311,50.6,80,90,0.302,0.392,0.551
120,,Derrek Lee,Men On,2009,132,311,615,50.6,,265,70,80,22,1,14,90,1,0,40,55,0.302,0.392,0.551,0.943,146,12,2,0,4,6,4,0.33,95,145,leede02,291,46.5,60,69,0.234,0.313,0.391
1012,,DJ LeMahieu,Men On,2014,122,230,538,42.8,,208,55,54,8,3,1,38,10,10,13,37,0.26,0.3,0.341,0.642,71,13,0,7,2,7,4,0.308,93,78,lemahdj01,275,44.4,79,58,0.313,0.357,0.417
471,,Adam Lind,Men On,2009,135,308,654,47.1,,263,76,78,17,0,18,97,1,1,40,48,0.297,0.386,0.567,0.953,149,15,1,0,4,7,4,0.299,105,148,lindad01,268,43.7,59,58,0.246,0.313,0.425
922,,Adam Lind,Men On,2010,129,268,613,43.7,,240,43,59,14,1,9,58,0,0,22,65,0.246,0.313,0.425,0.738,102,10,3,0,3,3,1,0.296,109,96,lindad01,280,51.7,60,74,0.243,0.304,0.441
1062,,Kenny Lofton,Men On,2006,112,221,522,42.3,,192,76,57,7,7,0,38,32,5,21,15,0.297,0.363,0.406,0.769,78,16,0,6,2,1,4,0.318,102,96,loftoke01,198,35.4,45,34,0.276,0.359,0.368
210,,James Loney,Men On,2008,148,323,651,49.6,,287,55,86,17,2,2,79,7,4,26,44,0.3,0.354,0.394,0.748,113,25,2,1,7,6,3,0.339,96,95,loneyja01,327,50.2,88,82,0.319,0.409,0.438
152,,James Loney,Men On,2009,137,327,652,50.2,,276,65,88,16,1,5,82,7,3,45,30,0.319,0.409,0.438,0.848,121,16,0,1,4,10,7,0.339,124,123,loneyja01,318,49.1,89,82,0.316,0.381,0.429
255,,James Loney,Men On,2010,140,318,648,49.1,,282,61,89,20,0,4,82,10,5,28,43,0.316,0.381,0.429,0.81,121,14,4,0,4,9,0,0.356,124,117,loneyja01,277,47.6,68,59,0.286,0.361,0.408
381,,James Loney,Men On,2013,136,285,598,47.7,,256,45,80,20,0,4,66,3,1,24,37,0.313,0.366,0.438,0.804,112,16,0,1,4,6,0,0.347,107,122,loneyja01,279,42.9,68,61,0.271,0.323,0.323
372,,Evan Longoria,Men On,2008,114,243,508,47.8,,210,51,55,14,1,11,69,7,0,23,62,0.262,0.329,0.495,0.824,104,8,2,0,8,4,1,0.303,89,112,longoev01,332,49.5,89,93,0.317,0.401,0.541
224,,Evan Longoria,Men On,2009,145,332,671,49.5,,281,80,89,24,0,13,93,9,0,39,63,0.317,0.401,0.541,0.942,152,27,5,0,7,11,4,0.358,113,146,longoev01,330,49.9,85,88,0.308,0.391,0.489
185,,Evan Longoria,Men On,2010,143,330,661,49.9,,276,80,85,26,3,6,88,15,5,42,58,0.308,0.391,0.489,0.88,135,15,2,0,10,12,2,0.356,102,134,longoev01,284,49.5,63,85,0.27,0.384,0.567
445,,Evan Longoria,Men On,2013,146,328,693,47.3,,278,69,79,17,0,10,66,1,0,43,80,0.284,0.375,0.453,0.828,126,16,1,0,6,10,3,0.356,100,128,longoev01,332,47.4,83,79,0.295,0.375,0.434
425,,Evan Longoria,Men On,2014,149,332,700,47.4,,281,71,83,9,0,10,79,5,0,36,52,0.295,0.375,0.434,0.809,122,15,5,1,9,11,6,0.32,125,124,longoev01,292,43.6,70,58,0.278,0.346,0.413
1258,,Felipe López,Men On,2006,140,280,714,39.2,,229,89,67,9,0,2,43,44,12,36,54,0.293,0.387,0.358,0.745,82,9,1,11,3,1,3,0.369,102,92,lopezfe01,236,35.2,44,43,0.218,0.29,0.317
1396,,Felipe López,Men On,2007,127,236,671,35.2,,202,63,44,8,3,2,43,24,9,23,38,0.218,0.29,0.317,0.607,64,11,0,5,6,1,5,0.25,84,57,lopezfe01,234,44.0,55,42,0.275,0.362,0.36
881,,Felipe López,Men On,2008,121,234,532,44.0,,200,60,55,11,0,2,42,8,8,29,35,0.275,0.362,0.36,0.722,72,13,0,2,3,2,2,0.319,99,89,lopezfe01,229,33.7,58,51,0.304,0.408,0.408
410,,José López,Men On,2006,140,311,655,47.5,,271,74,84,15,6,6,75,5,2,17,39,0.31,0.358,0.476,0.834,129,17,6,12,5,1,3,0.338,130,111,lopezjo01,258,46.0,65,58,0.275,0.301,0.407
622,,José López,Men On,2007,128,258,561,46.0,,236,54,65,10,0,7,58,2,3,8,30,0.275,0.301,0.407,0.708,96,16,2,9,3,0,5,0.287,121,81,lopezjo01,311,45.3,84,79,0.305,0.344,0.458
717,,José López,Men On,2008,142,311,687,45.3,,275,70,84,21,0,7,79,6,3,20,27,0.305,0.344,0.458,0.802,126,14,1,6,9,5,5,0.308,110,107,lopezjo01,306,46.9,79,82,0.282,0.314,0.479
500,,José López,Men On,2009,138,306,653,46.9,,280,55,79,22,0,11,82,3,3,13,38,0.282,0.314,0.479,0.792,134,25,3,3,7,5,5,0.286,107,106,lopezjo01,285,45.8,68,54,0.25,0.274,0.368
694,,Mark Loretta,Men On,2006,143,320,703,45.5,,285,72,81,12,0,2,56,4,1,22,29,0.284,0.343,0.347,0.69,99,16,6,2,5,1,1,0.305,96,77,loretma01,211,41.3,58,38,0.309,0.37,0.372
322,,Mike Lowell,Men On,2006,135,305,631,48.3,,268,65,78,21,1,6,66,2,2,28,31,0.291,0.354,0.444,0.798,119,22,2,0,7,5,5,0.303,98,103,lowelmi01,339,51.9,106,108,0.355,0.407,0.532
865,,Jed Lowrie,Men On,2013,134,292,662,44.1,,261,72,80,21,0,7,67,1,0,22,44,0.307,0.36,0.467,0.827,122,17,2,3,4,3,0,0.341,109,127,lowrije01,248,43.8,49,44,0.23,0.309,0.286
462,,Jonathan Lucroy,Men On,2013,134,274,580,47.2,,239,48,74,13,4,7,71,9,1,25,31,0.31,0.369,0.485,0.854,116,16,2,0,8,2,1,0.321,115,135,lucrojo01,269,41.1,71,61,0.302,0.383,0.438
256,,Ryan Ludwick,Men On,2008,134,303,617,49.1,,258,80,78,22,2,13,89,4,4,33,72,0.302,0.377,0.554,0.932,143,8,3,1,8,3,2,0.359,94,140,ludwiry01,257,47.4,68,88,0.3,0.358,0.507
426,,Ryan Ludwick,Men On,2009,120,257,542,47.4,,227,54,68,8,0,13,88,4,2,20,45,0.3,0.358,0.507,0.865,115,5,3,1,4,3,5,0.318,122,125,ludwiry01,239,43.2,67,61,0.328,0.403,0.534
981,,Ryan Ludwick,Men On,2010,122,239,553,43.2,,204,55,67,11,2,9,61,0,4,23,42,0.328,0.403,0.534,0.938,109,13,6,0,5,0,2,0.367,152,149,ludwiry01,286,51.3,62,70,0.249,0.318,0.39
525,,Nick Markakis,Men On,2006,118,253,542,46.7,,222,60,66,14,2,4,50,2,0,24,28,0.297,0.368,0.432,0.8,96,15,2,3,2,3,2,0.323,101,104,markani01,343,48.3,91,102,0.303,0.371,0.507
323,,Nick Markakis,Men On,2007,150,343,710,48.3,,300,87,91,20,1,13,102,18,6,35,46,0.303,0.371,0.507,0.878,152,22,1,1,6,5,5,0.316,107,124,markani01,319,45.8,83,77,0.311,0.42,0.513
651,,Nick Markakis,Men On,2008,147,319,697,45.8,,267,96,83,22,1,10,77,10,7,50,53,0.311,0.42,0.513,0.933,137,10,1,0,1,7,2,0.356,108,142,markani01,340,47.8,94,94,0.311,0.359,0.523
373,,Nick Markakis,Men On,2009,152,340,711,47.8,,302,87,94,27,2,11,94,6,2,27,40,0.311,0.359,0.523,0.882,158,12,1,0,10,0,4,0.318,119,129,markani01,299,42.2,82,51,0.317,0.391,0.421
1074,,Nick Markakis,Men On,2010,147,299,709,42.2,,259,70,82,16,1,3,51,7,2,35,29,0.317,0.391,0.421,0.812,109,18,0,0,5,9,1,0.341,102,118,markani01,290,40.5,67,64,0.267,0.345,0.402
1033,,Nick Markakis,Men On,2013,142,298,700,42.6,,261,80,71,13,0,1,50,1,2,29,27,0.272,0.336,0.333,0.669,87,17,0,0,8,3,3,0.29,96,86,markani01,236,33.2,50,42,0.24,0.322,0.37
1454,,Nick Markakis,Men On,2014,126,236,710,33.2,,208,73,50,9,0,6,42,4,2,24,31,0.24,0.322,0.37,0.692,77,10,2,0,2,4,1,0.254,90,92,markani01,269,39.2,64,51,0.277,0.375,0.368
1508,,Starling Marte,Men On,2013,96,157,566,27.7,,135,75,35,8,1,4,27,41,15,7,37,0.259,0.331,0.422,0.753,57,6,8,6,1,2,3,0.326,92,107,martest01,228,41.8,62,49,0.295,0.351,0.471
1101,,Starling Marte,Men On,2014,117,228,545,41.8,,210,65,62,13,3,6,49,30,11,10,56,0.295,0.351,0.471,0.822,99,5,8,0,0,0,5,0.378,103,126,martest01,309,48.8,81,71,0.292,0.343,0.44
989,,Leonys Martín,Men On,2013,123,219,508,43.1,,191,60,49,11,2,2,43,36,9,9,35,0.257,0.3,0.366,0.666,70,6,4,12,3,0,3,0.299,91,84,martile01,239,41.0,53,36,0.254,0.319,0.325
882,,Russell Martin,Men On,2007,133,273,620,44.0,,238,76,69,15,2,8,76,21,9,24,33,0.29,0.359,0.471,0.83,112,16,5,0,6,1,2,0.3,96,112,martiru01,301,46.3,78,62,0.317,0.435,0.439
579,,Russell Martin,Men On,2008,141,301,650,46.3,,246,80,78,12,0,6,62,18,6,51,32,0.317,0.435,0.439,0.874,108,16,2,0,2,8,2,0.343,124,129,martiru01,276,46.9,59,50,0.254,0.365,0.353
73,,Víctor Martínez,Men On,2006,147,336,652,51.5,,286,72,90,18,0,6,83,0,0,42,41,0.315,0.399,0.441,0.839,126,27,2,0,6,8,3,0.343,97,115,martivi01,320,49.6,82,99,0.313,0.403,0.485
121,,Víctor Martínez,Men On,2009,138,340,672,50.6,,289,73,92,20,1,8,93,1,0,43,31,0.318,0.403,0.478,0.88,138,17,2,0,6,3,4,0.328,105,131,martivi01,259,48.1,66,69,0.286,0.344,0.494
344,,Víctor Martínez,Men On,2010,116,259,538,48.1,,231,54,66,18,0,10,69,1,0,23,26,0.286,0.344,0.494,0.837,114,17,0,0,5,5,3,0.28,98,121,martivi01,300,50.4,109,101,0.404,0.44,0.596
374,,Víctor Martínez,Men On,2013,143,319,668,47.8,,280,59,78,20,0,5,74,0,2,30,32,0.279,0.342,0.404,0.745,113,23,1,0,8,10,1,0.291,90,106,martivi01,308,48.0,87,86,0.343,0.438,0.587
193,,Hideki Matsui,Men On,2009,119,263,528,49.8,,223,47,69,12,0,13,75,0,1,35,35,0.309,0.405,0.538,0.943,120,4,2,0,2,1,4,0.316,116,146,matsuhi01,266,47.7,65,77,0.293,0.385,0.545
382,,Hideki Matsui,Men On,2010,136,266,558,47.7,,222,48,65,12,1,14,77,0,1,36,42,0.293,0.385,0.545,0.931,121,10,0,0,4,6,1,0.3,125,146,matsuhi01,265,45.3,61,64,0.264,0.319,0.372
1445,,Gary Matthews,Men On,2006,122,231,690,33.5,,200,90,63,16,4,7,67,10,7,22,21,0.315,0.372,0.54,0.912,108,8,1,0,8,5,2,0.311,109,130,matthga02,270,46.6,59,61,0.25,0.322,0.415
241,,Joe Mauer,Men On,2008,134,312,633,49.3,,252,91,89,16,2,2,78,1,1,48,22,0.353,0.441,0.456,0.897,115,21,0,1,11,8,1,0.364,108,135,mauerjo01,272,44.9,87,76,0.385,0.471,0.562
763,,Joe Mauer,Men On,2009,127,272,606,44.9,,226,74,87,16,0,8,76,4,1,40,25,0.385,0.471,0.562,1.033,127,13,1,0,5,14,1,0.399,102,171,mauerjo01,282,48.3,81,72,0.345,0.433,0.519
240,,Joe Mauer,Men On,2012,135,316,641,49.3,,254,75,88,15,3,4,79,8,4,56,43,0.346,0.463,0.476,0.94,121,23,2,1,3,10,2,0.4,118,154,mauerjo01,206,40.6,44,39,0.262,0.388,0.375
1185,,Joe Mauer,Men On,2013,103,206,508,40.6,,168,54,44,10,0,3,39,0,1,36,42,0.262,0.388,0.375,0.763,63,7,0,0,2,7,1,0.328,75,113,mauerjo01,241,46.5,55,53,0.285,0.419,0.404
550,,Joe Mauer,Men On,2014,109,241,518,46.5,,193,58,55,13,2,2,53,3,0,46,47,0.285,0.419,0.404,0.823,78,12,0,0,2,12,0,0.363,125,130,mauerjo01,272,40.8,72,59,0.32,0.417,0.431
1234,,Cameron Maybin,Men On,2011,115,225,568,39.6,,197,76,57,11,4,3,34,40,8,20,40,0.289,0.357,0.431,0.789,85,6,2,4,2,2,1,0.346,120,115,maybica01,239,42.6,51,41,0.241,0.305,0.349
396,,Brian McCann,Men On,2007,123,263,552,47.6,,232,45,67,18,0,12,86,0,1,22,36,0.289,0.345,0.522,0.866,121,19,1,2,6,7,2,0.289,123,120,mccanbr01,304,53.1,83,74,0.318,0.405,0.517
25,,Brian McCann,Men On,2008,133,304,573,53.1,,261,55,83,22,0,10,74,5,0,38,32,0.318,0.405,0.517,0.922,135,17,2,0,3,4,2,0.329,107,139,mccanbr01,284,51.5,76,88,0.309,0.374,0.561
74,,Brian McCann,Men On,2009,129,284,551,51.5,,246,57,76,17,0,15,88,4,1,27,40,0.309,0.374,0.561,0.935,138,17,2,3,6,3,3,0.31,123,143,mccanbr01,316,55.8,68,65,0.265,0.389,0.432
4,,Brian McCann,Men On,2010,136,316,566,55.8,,257,51,68,16,0,9,65,5,2,50,55,0.265,0.389,0.432,0.821,111,12,5,0,4,10,3,0.299,99,120,mccanbr01,230,43.6,56,58,0.292,0.4,0.516
513,,Brian McCann,Men On,2014,120,252,538,46.8,,225,47,55,6,1,13,65,0,0,18,35,0.244,0.31,0.453,0.763,102,16,5,0,4,1,4,0.232,120,109,mccanbr01,251,46.9,57,82,0.265,0.343,0.507
1499,,Andrew McCutchen,Men On,2010,125,202,653,30.9,,168,79,53,11,1,1,41,33,10,25,31,0.315,0.393,0.411,0.804,69,6,1,1,7,1,4,0.364,99,116,mccutan01,273,40.3,58,78,0.267,0.391,0.521
1200,,Andrew McCutchen,Men On,2011,137,273,678,40.3,,217,76,58,13,3,12,78,23,10,41,48,0.267,0.391,0.521,0.912,113,7,7,2,6,3,3,0.282,122,147,mccutan01,285,42.3,76,79,0.318,0.411,0.582
1063,,Andrew McCutchen,Men On,2012,139,285,673,42.3,,239,90,76,17,2,14,79,20,12,39,51,0.318,0.411,0.582,0.992,139,9,2,0,5,13,3,0.346,108,164,mccutan01,303,45.0,76,69,0.29,0.373,0.443
755,,Andrew McCutchen,Men On,2013,144,303,674,45.0,,262,82,76,20,1,6,69,27,10,34,48,0.29,0.373,0.443,0.816,116,13,3,0,4,12,3,0.33,80,125,mccutan01,288,44.4,71,66,0.311,0.434,0.504
827,,Andrew McCutchen,Men On,2014,132,288,648,44.4,,228,72,71,16,2,8,66,18,3,48,53,0.311,0.434,0.504,0.938,115,9,6,0,6,8,1,0.364,99,160,mccutan01,296,43.2,71,88,0.307,0.429,0.584
411,,Casey McGehee,Men On,2010,141,318,670,47.5,,286,59,85,17,1,12,93,1,1,22,49,0.297,0.343,0.49,0.832,140,18,2,0,8,5,5,0.313,107,120,mcgehca01,305,50.8,61,62,0.226,0.289,0.363
1267,,Nate McLouth,Men On,2008,129,267,685,39.0,,217,97,66,17,2,10,78,23,3,35,37,0.304,0.401,0.539,0.94,117,5,4,5,6,11,3,0.318,121,143,mclouna01,234,39.6,54,59,0.278,0.377,0.49
383,,Kevin Millar,Men On,2006,114,240,503,47.7,,200,55,51,10,0,6,55,1,1,32,35,0.255,0.371,0.395,0.766,79,14,6,0,2,3,1,0.28,90,96,millake01,272,48.4,64,53,0.286,0.404,0.46
314,,Kevin Millar,Men On,2007,125,272,562,48.4,,224,53,64,16,1,7,53,1,1,41,45,0.286,0.404,0.46,0.864,103,8,5,0,2,2,4,0.328,120,122,millake01,296,48.5,60,57,0.235,0.321,0.325
354,,Bengie Molina,Men On,2007,123,248,517,48.0,,237,28,68,7,1,9,71,0,0,8,27,0.287,0.308,0.439,0.747,104,13,0,1,2,2,3,0.291,105,90,molinbe01,303,53.3,84,87,0.307,0.337,0.471
19,,Bengie Molina,Men On,2008,134,303,569,53.3,,274,39,84,21,0,8,87,0,0,13,22,0.307,0.337,0.471,0.807,129,23,5,0,11,5,3,0.298,111,109,molinbe01,261,50.2,66,68,0.275,0.291,0.442
551,,Yadier Molina,Men On,2009,124,253,544,46.5,,214,40,62,11,0,1,49,9,3,28,13,0.29,0.381,0.355,0.736,76,27,4,6,1,2,1,0.303,97,95,molinya01,254,48.8,62,60,0.279,0.345,0.383
275,,Yadier Molina,Men On,2010,118,254,521,48.8,,222,32,62,11,0,4,60,8,4,20,25,0.279,0.345,0.383,0.728,85,19,5,2,5,6,2,0.293,117,95,molinya01,244,47.1,73,55,0.34,0.389,0.46
472,,Yadier Molina,Men On,2011,122,244,518,47.1,,215,45,73,12,1,4,55,4,5,20,13,0.34,0.389,0.46,0.85,99,21,0,5,4,4,1,0.342,110,131,molinya01,230,40.9,66,64,0.33,0.388,0.53
1166,,Yadier Molina,Men On,2012,125,230,563,40.9,,200,53,66,10,0,10,64,12,3,20,20,0.33,0.388,0.53,0.918,106,10,2,3,5,4,3,0.32,110,144,molinya01,250,46.2,82,75,0.36,0.404,0.548
276,,Miguel Montero,Men On,2011,126,270,553,48.8,,234,59,74,20,0,12,80,1,1,27,38,0.316,0.39,0.556,0.946,130,14,4,1,4,10,2,0.33,130,155,montemi01,263,45.9,69,84,0.314,0.418,0.55
1022,,Kendrys Morales,Men On,2012,116,223,522,42.7,,205,48,58,11,0,9,60,0,1,12,48,0.283,0.327,0.468,0.796,96,11,3,0,3,1,4,0.325,102,111,moralke01,302,46.0,78,64,0.287,0.354,0.43
866,,Melvin Mora,Men On,2006,142,311,705,44.1,,267,88,79,11,0,8,75,11,1,25,33,0.296,0.361,0.427,0.788,114,9,6,6,7,1,3,0.305,115,101,morame01,250,47.4,54,51,0.257,0.343,0.405
428,,Melvin Mora,Men On,2007,117,250,527,47.4,,210,60,54,10,0,7,51,9,3,28,35,0.257,0.343,0.405,0.748,85,22,2,5,5,3,1,0.272,98,92,morame01,285,50.0,86,94,0.34,0.387,0.565
1376,,Nyjer Morgan,Men On,2009,96,191,533,35.8,,164,73,51,3,4,2,38,42,17,10,29,0.311,0.348,0.415,0.763,68,9,2,10,5,2,0,0.355,101,100,morgany01,190,32.9,41,24,0.259,0.314,0.316
526,,Justin Morneau,Men On,2006,141,309,661,46.7,,264,82,84,15,1,19,115,3,3,30,36,0.318,0.382,0.598,0.98,158,10,4,0,11,9,3,0.295,109,146,morneju01,327,49.0,81,93,0.292,0.373,0.498
261,,Justin Morneau,Men On,2007,146,327,668,49.0,,277,66,81,14,2,13,93,1,1,39,44,0.292,0.373,0.498,0.871,138,17,2,0,9,11,1,0.297,110,122,morneju01,400,56.2,110,122,0.33,0.418,0.574
3,,Justin Morneau,Men On,2008,156,400,712,56.2,,333,89,110,27,3,16,122,0,1,54,47,0.33,0.418,0.574,0.991,191,20,3,0,10,16,4,0.336,127,156,morneju01,305,51.7,73,83,0.283,0.37,0.512
277,,Justin Morneau,Men On,2012,122,278,570,48.8,,232,55,62,10,1,11,69,1,0,34,50,0.267,0.353,0.461,0.814,107,19,2,0,10,8,2,0.282,111,117,morneju01,327,51.5,78,68,0.273,0.346,0.427
75,,Justin Morneau,Men On,2013,134,327,635,51.5,,286,53,78,20,0,8,68,0,0,33,54,0.273,0.346,0.427,0.772,122,12,2,0,6,4,4,0.304,111,113,morneju01,247,44.9,78,77,0.363,0.413,0.605
742,,Brandon Moss,Men On,2013,119,228,505,45.1,,203,58,57,13,2,15,72,4,2,20,71,0.281,0.346,0.586,0.933,119,4,2,0,3,3,2,0.35,115,153,mossbr01,287,49.5,65,69,0.267,0.369,0.494
227,,Brandon Moss,Men On,2014,126,287,580,49.5,,243,58,65,14,1,13,69,1,0,35,74,0.267,0.369,0.494,0.863,120,6,6,0,3,7,0,0.327,123,137,mossbr01,266,50.6,47,48,0.196,0.263,0.358
968,,Mike Moustakas,Men On,2012,134,266,614,43.3,,240,54,61,15,1,5,58,5,2,19,54,0.254,0.308,0.388,0.696,93,4,2,0,5,4,1,0.301,98,86,moustmi01,247,48.1,46,34,0.213,0.293,0.315
345,,Mike Moustakas,Men On,2013,121,247,514,48.1,,216,34,46,10,0,4,34,2,4,23,37,0.213,0.293,0.315,0.607,68,13,3,1,4,1,1,0.235,89,69,moustmi01,233,46.6,49,47,0.233,0.289,0.39
539,,Mike Moustakas,Men On,2014,121,233,500,46.6,,210,37,49,9,0,8,47,1,0,16,25,0.233,0.289,0.39,0.679,82,12,2,1,4,1,4,0.227,115,87,moustmi01,271,44.1,66,69,0.278,0.341,0.464
637,,Daniel Murphy,Men On,2012,134,281,612,45.9,,260,60,82,17,2,4,63,10,2,16,35,0.315,0.352,0.442,0.795,115,12,1,0,4,5,3,0.347,116,112,murphda08,299,42.9,77,69,0.277,0.311,0.403
1005,,Daniel Murphy,Men On,2013,144,299,697,42.9,,278,83,77,19,2,4,69,23,3,16,38,0.277,0.311,0.403,0.714,112,13,0,0,5,2,1,0.303,95,96,murphda08,269,41.9,64,56,0.27,0.338,0.435
1092,,Daniel Murphy,Men On,2014,130,269,642,41.9,,237,78,64,15,0,8,56,13,5,25,38,0.27,0.338,0.435,0.773,103,15,2,0,5,3,2,0.286,110,113,murphda08,244,45.4,70,66,0.327,0.385,0.523
68,,Mike Napoli,Men On,2013,130,299,578,51.7,,254,68,63,23,0,12,81,1,1,43,94,0.248,0.358,0.48,0.838,122,15,1,0,1,3,0,0.342,99,130,napolmi01,225,45.0,34,43,0.185,0.32,0.315
625,,Magglio Ordóñez,Men On,2006,141,297,646,46.0,,267,68,79,18,0,10,90,1,4,25,35,0.296,0.354,0.476,0.829,127,13,1,0,4,3,4,0.305,101,110,ordonma01,351,51.7,117,126,0.391,0.466,0.625
69,,Magglio Ordóñez,Men On,2007,149,351,679,51.7,,299,104,117,25,0,15,126,4,1,46,41,0.391,0.466,0.625,1.091,187,20,0,0,5,8,2,0.411,112,179,ordonma01,333,53.5,94,93,0.321,0.384,0.498
15,,Magglio Ordóñez,Men On,2008,139,333,623,53.5,,293,62,94,17,1,11,93,1,5,31,36,0.321,0.384,0.498,0.883,146,27,3,0,6,2,0,0.329,103,128,ordonma01,241,46.5,72,45,0.341,0.415,0.46
76,,David Ortiz,Men On,2006,139,353,686,51.5,,284,82,84,13,2,21,104,1,0,63,54,0.296,0.419,0.577,0.997,164,12,1,0,5,23,3,0.294,92,151,ortizda01,349,52.3,104,99,0.367,0.479,0.664
87,,David Ortiz,Men On,2009,139,321,627,51.2,,272,62,67,20,1,13,84,0,2,39,68,0.246,0.34,0.471,0.81,128,9,3,0,7,5,2,0.273,104,111,ortizda01,324,53.5,76,84,0.285,0.398,0.536
16,,David Ortiz,Men On,2010,137,324,606,53.5,,267,68,76,25,0,14,84,0,1,51,72,0.285,0.398,0.536,0.934,143,12,2,0,4,14,0,0.335,109,148,ortizda01,304,50.2,87,80,0.337,0.434,0.574
7,,David Ortiz,Men On,2013,132,328,600,54.7,,264,69,87,16,1,15,88,4,0,58,49,0.33,0.445,0.568,1.013,150,21,1,0,5,27,2,0.351,113,179,ortizda01,290,48.2,75,87,0.314,0.414,0.598
333,,David Ortiz,Men On,2014,127,290,602,48.2,,239,42,75,14,0,18,87,0,0,44,38,0.314,0.414,0.598,1.012,143,18,1,0,6,22,1,0.302,132,177,ortizda01,305,49.7,67,89,0.271,0.38,0.567
828,,Lyle Overbay,Men On,2008,137,280,630,44.4,,228,65,54,15,0,6,60,1,2,42,48,0.237,0.351,0.382,0.733,87,24,1,1,5,3,3,0.268,89,92,overbly01,253,50.6,57,54,0.278,0.403,0.468
123,,Lyle Overbay,Men On,2009,115,253,500,50.6,,205,47,57,21,0,6,54,0,0,45,49,0.278,0.403,0.468,0.871,96,8,0,0,3,6,1,0.333,109,129,overbly01,258,42.4,58,55,0.265,0.362,0.47
1254,,Ángel Pagán,Men On,2010,125,249,633,39.3,,220,74,72,12,4,5,63,37,9,20,35,0.327,0.379,0.486,0.865,107,9,0,6,3,5,2,0.366,126,130,paganan01,238,44.7,53,53,0.257,0.325,0.364
784,,Ángel Pagán,Men On,2011,111,238,532,44.7,,206,65,53,10,0,4,53,32,7,22,31,0.257,0.325,0.364,0.689,75,4,1,4,5,4,5,0.278,99,88,paganan01,249,37.8,63,50,0.292,0.364,0.44
1222,,Gerardo Parra,Men On,2013,137,265,663,40.0,,227,72,60,17,1,3,41,10,10,26,31,0.264,0.337,0.388,0.725,88,12,1,7,4,3,0,0.289,101,101,parrage01,225,39.2,42,35,0.207,0.256,0.3
1260,,Gerardo Parra,Men On,2014,122,225,574,39.2,,203,59,42,7,0,4,35,9,7,10,45,0.207,0.256,0.3,0.556,61,10,4,6,2,5,2,0.244,64,54,parrage01,239,40.6,64,39,0.299,0.34,0.435
1202,,Dustin Pedroia,Men On,2007,118,234,581,40.3,,201,80,64,16,0,2,44,7,1,24,19,0.318,0.393,0.428,0.821,86,8,2,5,2,1,1,0.341,100,112,pedrodu01,320,44.1,85,71,0.31,0.367,0.453
870,,Dustin Pedroia,Men On,2008,149,320,726,44.1,,274,106,85,24,0,5,71,20,1,26,23,0.31,0.367,0.453,0.82,124,17,4,7,9,1,4,0.314,90,113,pedrodu01,303,42.4,80,62,0.311,0.39,0.44
840,,Dustin Pedroia,Men On,2011,142,324,731,44.3,,271,87,82,17,1,6,76,26,8,44,41,0.303,0.391,0.439,0.83,119,12,0,2,7,6,3,0.329,94,127,pedrodu01,258,41.4,64,55,0.281,0.339,0.425
1123,,Dustin Pedroia,Men On,2012,126,258,623,41.4,,228,71,64,18,0,5,55,20,6,21,16,0.281,0.339,0.425,0.764,97,9,2,1,6,3,1,0.277,92,104,pedrodu01,354,48.9,97,81,0.306,0.359,0.435
268,,Dustin Pedroia,Men On,2013,146,354,724,48.9,,317,88,97,23,0,6,81,17,5,28,44,0.306,0.359,0.435,0.794,138,24,2,0,7,4,6,0.332,101,119,pedrodu01,260,42.7,65,51,0.283,0.342,0.413
356,,Carlos Peña,Men On,2007,131,294,612,48.0,,225,70,66,17,0,17,92,1,0,54,62,0.293,0.43,0.596,1.026,134,7,6,1,8,10,2,0.318,100,162,penaca01,308,50.7,55,84,0.229,0.37,0.442
114,,Carlos Peña,Men On,2008,131,308,607,50.7,,240,58,55,10,1,13,84,1,1,55,84,0.229,0.37,0.442,0.812,106,6,4,0,9,7,4,0.276,88,111,penaca01,273,47.9,55,77,0.257,0.407,0.556
363,,Carlos Peña,Men On,2009,120,273,570,47.9,,214,68,55,12,2,16,77,3,3,50,72,0.257,0.407,0.556,0.963,119,5,6,0,3,11,2,0.302,118,151,penaca01,291,50.0,45,65,0.197,0.357,0.36
177,,Carlos Peña,Men On,2010,128,291,582,50.0,,228,45,45,10,0,9,65,5,1,53,74,0.197,0.357,0.36,0.717,82,2,6,0,4,4,4,0.242,98,93,penaca01,303,50.0,50,68,0.216,0.377,0.489
176,,Carlos Peña,Men On,2011,137,303,606,50.0,,231,60,50,13,1,16,68,2,2,62,79,0.216,0.377,0.489,0.867,113,6,2,1,7,6,1,0.238,111,135,penaca01,256,42.7,42,52,0.203,0.344,0.411
898,,Hunter Pence,Men On,2008,141,282,642,43.9,,259,65,76,18,2,12,70,11,10,20,46,0.293,0.34,0.517,0.858,134,14,0,0,3,2,4,0.314,118,120,pencehu01,284,43.9,69,60,0.275,0.349,0.474
897,,Hunter Pence,Men On,2009,139,284,647,43.9,,251,64,69,9,1,13,60,14,11,29,48,0.275,0.349,0.474,0.823,119,25,1,0,3,1,2,0.29,101,115,pencehu01,292,44.4,78,75,0.29,0.336,0.476
829,,Hunter Pence,Men On,2010,137,292,658,44.4,,269,76,78,19,2,9,75,18,9,20,40,0.29,0.336,0.476,0.811,128,11,0,0,3,2,1,0.309,107,115,pencehu01,318,47.6,103,82,0.356,0.399,0.526
397,,Hunter Pence,Men On,2011,143,318,668,47.6,,289,69,103,24,2,7,82,8,2,24,53,0.356,0.399,0.526,0.925,152,15,0,0,5,3,7,0.41,113,151,pencehu01,360,52.3,86,94,0.273,0.343,0.47
50,,Hunter Pence,Men On,2012,153,360,688,52.3,,315,77,86,14,3,14,94,5,2,33,66,0.273,0.343,0.47,0.812,148,14,4,1,7,2,2,0.298,118,116,pencehu01,333,48.5,87,82,0.284,0.333,0.464
306,,Hunter Pence,Men On,2013,149,333,687,48.5,,306,74,87,17,4,10,82,22,3,21,55,0.284,0.333,0.464,0.797,142,17,3,0,3,3,3,0.316,94,118,pencehu01,279,39.4,78,59,0.308,0.362,0.435
1159,,Cliff Pennington,Men On,2010,131,236,576,41.0,,200,62,53,13,3,4,44,29,5,20,42,0.265,0.33,0.42,0.75,84,7,1,12,3,0,6,0.312,118,99,pennicl01,235,41.2,65,56,0.32,0.374,0.483
566,,Jhonny Peralta,Men On,2006,138,293,632,46.4,,258,79,70,11,3,8,63,0,1,28,67,0.271,0.341,0.43,0.772,111,19,1,3,3,0,7,0.333,117,96,peraljh01,302,46.7,75,60,0.293,0.375,0.457
527,,Jhonny Peralta,Men On,2007,137,302,647,46.7,,256,75,75,13,1,9,60,4,4,35,62,0.293,0.375,0.457,0.832,117,12,3,1,7,2,2,0.344,116,113,peraljh01,319,48.0,77,75,0.272,0.334,0.449
357,,Jhonny Peralta,Men On,2008,143,319,664,48.0,,283,90,77,21,1,9,75,3,1,27,71,0.272,0.334,0.449,0.783,127,26,2,2,5,2,2,0.327,96,102,peraljh01,313,48.5,68,74,0.243,0.299,0.329
307,,Jhonny Peralta,Men On,2009,141,313,645,48.5,,280,48,68,18,0,2,74,0,2,23,67,0.243,0.299,0.329,0.628,92,20,2,2,6,0,4,0.304,82,65,peraljh01,306,49.8,74,74,0.275,0.33,0.431
194,,Jhonny Peralta,Men On,2010,136,306,615,49.8,,269,53,74,18,0,8,74,1,0,27,44,0.275,0.33,0.431,0.761,116,11,0,0,10,2,3,0.291,116,102,peraljh01,280,48.6,73,70,0.289,0.325,0.423
293,,Jhonny Peralta,Men On,2011,131,280,576,48.6,,253,52,73,13,3,5,70,0,2,18,46,0.289,0.325,0.423,0.748,107,17,0,0,9,2,1,0.322,83,103,peraljh01,265,45.3,58,56,0.25,0.333,0.401
554,,Jhonny Peralta,Men On,2014,144,292,628,46.5,,253,51,60,19,0,11,65,3,2,31,43,0.237,0.325,0.443,0.768,112,19,4,0,4,2,4,0.241,97,111,peraljh01,315,49.2,77,60,0.273,0.33,0.379
682,,Salvador Perez,Men On,2013,119,240,526,45.6,,223,44,78,15,2,9,75,0,0,10,24,0.35,0.375,0.556,0.931,124,13,2,0,5,2,1,0.354,145,154,perezsa02,285,47.0,68,60,0.251,0.277,0.376
483,,Salvador Perez,Men On,2014,135,285,606,47.0,,271,47,68,11,1,7,60,1,0,10,41,0.251,0.277,0.376,0.654,102,22,1,0,3,2,4,0.27,89,79,perezsa02,260,47.0,63,58,0.258,0.285,0.418
334,,Brandon Phillips,Men On,2006,126,283,587,48.2,,247,57,75,10,1,9,67,25,2,20,35,0.304,0.362,0.462,0.824,114,19,6,4,6,3,1,0.316,120,109,phillbr01,337,48.0,85,75,0.278,0.325,0.451
358,,Brandon Phillips,Men On,2007,151,337,702,48.0,,306,88,85,12,4,11,75,32,8,18,56,0.278,0.325,0.451,0.776,138,26,6,2,5,4,3,0.303,91,98,phillbr01,284,46.6,69,67,0.272,0.327,0.441
540,,Brandon Phillips,Men On,2008,133,284,609,46.6,,254,69,69,9,2,10,67,23,10,21,35,0.272,0.327,0.441,0.768,112,13,3,0,6,6,5,0.274,105,99,phillbr01,325,50.5,85,86,0.288,0.325,0.441
127,,Brandon Phillips,Men On,2009,143,325,644,50.5,,295,66,85,17,2,8,86,25,9,20,37,0.288,0.325,0.441,0.766,130,21,0,2,8,3,2,0.298,97,100,phillbr01,267,38.9,60,46,0.259,0.337,0.384
1272,,Brandon Phillips,Men On,2010,137,267,687,38.9,,232,87,60,10,2,5,46,16,12,24,35,0.259,0.337,0.384,0.721,89,14,4,6,1,1,3,0.285,91,93,phillbr01,283,41.9,72,70,0.291,0.349,0.433
1093,,Brandon Phillips,Men On,2011,135,283,675,41.9,,247,82,72,15,1,6,70,14,9,22,42,0.291,0.349,0.433,0.782,107,15,3,5,6,3,2,0.322,94,113,phillbr01,295,47.4,78,68,0.297,0.353,0.456
430,,Brandon Phillips,Men On,2012,134,295,623,47.4,,263,77,78,13,1,9,68,15,2,22,36,0.297,0.353,0.456,0.809,120,19,3,3,4,2,4,0.311,116,116,phillbr01,350,52.6,94,93,0.307,0.361,0.441
1507,,Juan Pierre,Men On,2006,123,214,750,28.5,,191,84,49,9,3,0,37,58,20,9,12,0.257,0.299,0.335,0.634,64,6,3,10,1,0,2,0.272,77,62,pierrju01,294,40.3,77,41,0.301,0.339,0.352
1421,,Juan Pierre,Men On,2010,138,252,734,34.3,,218,95,60,6,3,0,46,68,18,11,16,0.275,0.325,0.33,0.655,72,8,6,15,2,0,2,0.294,100,76,pierrju01,265,37.3,66,48,0.295,0.346,0.326
484,,A.J. Pierzynski,Men On,2006,119,255,543,47.0,,236,57,70,10,0,8,56,1,0,13,26,0.297,0.337,0.441,0.778,104,10,2,3,1,6,3,0.305,102,97,pierza.01,226,44.4,46,40,0.225,0.284,0.309
830,,A.J. Pierzynski,Men On,2007,114,226,509,44.4,,204,44,46,5,0,4,40,1,1,15,27,0.225,0.284,0.309,0.593,63,21,3,1,3,5,2,0.239,69,53,pierza.01,244,42.8,57,52,0.259,0.299,0.377
1014,,A.J. Pierzynski,Men On,2008,119,244,570,42.8,,220,58,57,11,0,5,52,1,0,11,30,0.259,0.299,0.377,0.676,83,14,4,3,6,5,2,0.272,87,75,pierza.01,230,43.0,63,41,0.293,0.317,0.4
998,,A.J. Pierzynski,Men On,2009,110,230,535,43.0,,215,49,63,8,0,5,41,1,1,9,23,0.293,0.317,0.4,0.717,86,18,0,3,3,6,2,0.305,90,88,pierza.01,218,43.3,59,49,0.303,0.349,0.421
969,,A.J. Pierzynski,Men On,2010,107,218,503,43.3,,195,36,59,17,0,2,49,3,4,13,15,0.303,0.349,0.421,0.77,82,17,2,6,2,2,1,0.317,125,105,pierza.01,214,42.8,59,43,0.312,0.358,0.434
1013,,A.J. Pierzynski,Men On,2011,108,214,500,42.8,,189,33,59,12,1,3,43,0,0,14,16,0.312,0.358,0.434,0.792,82,19,3,2,6,6,1,0.318,118,116,pierza.01,220,42.3,58,62,0.293,0.342,0.545
1064,,A.J. Pierzynski,Men On,2012,116,220,520,42.3,,198,53,58,10,2,12,62,0,0,12,33,0.293,0.342,0.545,0.888,108,8,5,1,4,5,1,0.293,114,134,pierza.01,232,43.9,62,57,0.29,0.319,0.407
541,,Trevor Plouffe,Men On,2013,113,243,522,46.6,,220,36,52,7,0,6,44,2,1,17,50,0.236,0.289,0.35,0.639,77,11,1,1,4,1,3,0.274,83,76,plouftr01,276,47.4,69,72,0.285,0.355,0.446
431,,Trevor Plouffe,Men On,2014,125,276,582,47.4,,242,60,69,21,0,6,72,2,1,27,45,0.285,0.355,0.446,0.801,108,12,2,0,5,2,3,0.321,114,121,plouftr01,275,43.5,69,74,0.284,0.35,0.49
1412,,Scott Podsednik,Men On,2009,110,203,587,34.6,,180,68,54,4,2,0,41,30,13,14,23,0.3,0.35,0.344,0.695,62,8,1,6,2,1,0,0.34,83,84,podsesc01,226,38.0,64,49,0.333,0.38,0.427
954,,Plácido Polanco,Men On,2007,133,278,641,43.4,,249,96,89,12,1,0,58,7,3,17,16,0.357,0.406,0.414,0.819,103,9,6,2,4,3,7,0.376,95,112,polanpl01,281,44.7,79,54,0.309,0.347,0.398
785,,Plácido Polanco,Men On,2008,124,281,629,44.7,,256,86,79,9,1,4,54,7,1,14,22,0.309,0.347,0.398,0.745,102,14,3,4,4,2,2,0.321,95,94,polanpl01,266,39.3,78,67,0.331,0.368,0.47
1255,,Plácido Polanco,Men On,2009,128,266,676,39.3,,236,77,78,14,2,5,67,7,2,14,14,0.331,0.368,0.47,0.839,111,15,3,7,5,2,4,0.329,130,119,polanpl01,247,41.0,69,48,0.311,0.346,0.392
1160,,Plácido Polanco,Men On,2010,114,247,602,41.0,,222,72,69,12,0,2,48,5,0,13,22,0.311,0.346,0.392,0.737,87,14,3,1,8,1,7,0.325,104,97,polanpl01,223,42.6,52,48,0.274,0.342,0.347
128,,Jorge Posada,Men On,2006,125,275,545,50.5,,221,55,60,9,1,13,83,3,0,40,48,0.271,0.396,0.498,0.894,110,10,9,0,5,1,3,0.285,107,127,posadjo01,306,52.0,79,78,0.302,0.392,0.473
51,,Buster Posey,Men On,2012,140,319,610,52.3,,269,69,95,19,0,15,94,1,1,39,47,0.353,0.426,0.591,1.017,159,19,2,0,9,7,4,0.37,112,170,poseybu01,295,49.6,73,65,0.294,0.383,0.464
213,,Buster Posey,Men On,2013,132,295,595,49.6,,248,54,73,16,1,8,65,2,1,36,32,0.294,0.383,0.464,0.847,115,15,4,0,7,8,2,0.302,106,134,poseybu01,281,46.4,83,76,0.336,0.388,0.51
567,,Buster Posey,Men On,2014,135,281,605,46.4,,247,59,83,14,1,9,76,0,1,25,26,0.336,0.388,0.51,0.898,126,16,1,0,8,5,4,0.336,111,147,poseybu01,314,50.4,89,86,0.331,0.404,0.506
528,,Martín Prado,Men On,2009,106,235,503,46.7,,204,55,68,14,0,2,40,1,3,14,20,0.333,0.375,0.431,0.806,88,17,2,11,4,1,4,0.355,98,112,pradoma01,257,39.5,73,54,0.32,0.366,0.417
1242,,Martín Prado,Men On,2010,122,257,651,39.5,,228,88,73,11,1,3,54,5,3,20,34,0.32,0.366,0.417,0.783,95,13,0,3,6,2,3,0.355,95,109,pradoma01,223,37.8,52,46,0.251,0.288,0.319
1306,,Martín Prado,Men On,2011,115,223,590,37.8,,207,55,52,8,0,2,46,4,8,12,17,0.251,0.288,0.319,0.607,66,16,0,1,3,1,8,0.262,78,66,pradoma01,288,41.7,66,64,0.274,0.352,0.402
1111,,Martín Prado,Men On,2012,129,288,690,41.7,,241,75,66,13,3,4,64,17,4,32,28,0.274,0.352,0.402,0.755,97,19,2,4,9,2,6,0.284,90,103,pradoma01,315,47.4,79,75,0.285,0.352,0.433
432,,Martín Prado,Men On,2013,141,315,664,47.4,,277,63,79,18,1,7,75,3,5,31,25,0.285,0.352,0.433,0.786,120,29,1,0,6,2,1,0.287,110,116,pradoma01,253,44.2,64,50,0.274,0.312,0.393
857,,Martín Prado,Men On,2014,130,253,573,44.2,,234,54,64,14,1,4,50,3,1,12,37,0.274,0.312,0.393,0.705,92,20,3,0,4,0,4,0.305,93,94,pradoma01,242,43.9,67,58,0.318,0.369,0.436
413,,Albert Pujols,Men On,2006,133,301,634,47.5,,236,97,81,10,0,27,115,7,2,60,16,0.343,0.475,0.729,1.204,172,20,2,0,3,27,3,0.276,119,202,pujolal01,325,47.9,82,83,0.312,0.418,0.51
364,,Albert Pujols,Men On,2007,142,325,679,47.9,,263,79,82,14,1,12,83,2,6,52,34,0.312,0.418,0.51,0.928,134,27,2,0,8,21,5,0.311,87,138,pujolal01,322,50.2,85,96,0.354,0.494,0.638
155,,Albert Pujols,Men On,2008,136,322,641,50.2,,240,80,85,17,0,17,96,7,3,69,26,0.354,0.494,0.638,1.131,153,16,5,0,8,34,1,0.332,105,193,pujolal01,346,49.4,82,105,0.328,0.491,0.616
233,,Albert Pujols,Men On,2009,151,346,700,49.4,,250,94,82,19,1,17,105,16,4,82,28,0.328,0.491,0.616,1.107,154,23,6,0,8,43,1,0.305,105,190,pujolal01,337,48.1,85,93,0.323,0.454,0.589
347,,Albert Pujols,Men On,2010,149,337,700,48.1,,263,90,85,19,0,17,93,14,4,65,26,0.323,0.454,0.589,1.043,155,23,3,0,6,37,4,0.301,109,177,pujolal01,297,45.6,79,78,0.316,0.401,0.552
683,,Albert Pujols,Men On,2011,138,297,651,45.6,,250,84,79,11,0,16,78,9,1,37,25,0.316,0.401,0.552,0.953,138,29,3,0,7,15,2,0.292,112,158,pujolal01,318,47.5,83,90,0.304,0.384,0.531
346,,Albert Pujols,Men On,2014,145,334,695,48.1,,293,72,82,18,1,11,88,5,1,28,35,0.28,0.341,0.461,0.802,135,28,4,0,9,11,7,0.277,104,120,pujolal01,308,46.6,60,70,0.225,0.318,0.438
871,,Nick Punto,Men On,2006,109,231,524,44.1,,191,72,49,12,3,0,44,17,5,23,29,0.257,0.326,0.351,0.677,67,8,0,10,7,0,3,0.29,87,73,puntoni01,232,43.3,44,25,0.219,0.292,0.294
707,,Alexei Ramírez,Men On,2008,117,231,509,45.4,,213,56,64,11,0,12,68,13,9,8,33,0.3,0.326,0.521,0.847,111,14,2,4,4,3,6,0.302,113,117,ramiral03,276,45.5,66,61,0.273,0.319,0.405
697,,Alexei Ramírez,Men On,2009,130,276,606,45.5,,242,64,66,6,1,8,61,14,5,20,30,0.273,0.319,0.405,0.723,98,15,0,6,8,3,4,0.274,100,89,ramiral03,293,46.8,78,58,0.294,0.329,0.426
514,,Alexei Ramírez,Men On,2010,140,293,626,46.8,,265,71,78,15,1,6,58,13,8,15,44,0.294,0.329,0.426,0.755,113,12,1,7,5,2,3,0.327,104,100,ramiral03,293,42.8,72,62,0.282,0.34,0.439
1015,,Alexei Ramírez,Men On,2011,138,293,684,42.8,,255,73,72,15,2,7,62,7,5,22,40,0.282,0.34,0.439,0.78,112,19,3,8,5,1,0,0.305,114,111,ramiral03,262,42.2,82,70,0.337,0.36,0.49
1075,,Alexei Ramírez,Men On,2012,143,262,621,42.2,,243,56,82,15,2,6,70,20,7,10,24,0.337,0.36,0.49,0.85,119,15,1,4,4,2,3,0.35,160,126,ramiral03,277,41.1,74,43,0.295,0.337,0.39
1150,,Alexei Ramírez,Men On,2013,140,277,674,41.1,,251,63,74,19,1,1,43,30,9,16,23,0.295,0.337,0.39,0.727,98,17,2,4,4,2,4,0.316,110,101,ramiral03,299,45.5,83,68,0.295,0.322,0.48
696,,Alexei Ramírez,Men On,2014,146,299,657,45.5,,281,76,83,23,1,9,68,21,4,9,34,0.295,0.322,0.48,0.803,135,21,4,1,4,0,1,0.306,123,119,ramiral03,263,42.3,62,55,0.258,0.298,0.358
384,,Aramis Ramírez,Men On,2006,147,315,660,47.7,,271,74,79,16,3,19,100,2,1,32,35,0.292,0.368,0.583,0.951,158,15,5,0,7,4,5,0.268,109,138,ramirar01,297,53.2,80,90,0.31,0.384,0.581
23,,Aramis Ramírez,Men On,2007,123,297,558,53.2,,258,61,80,19,3,15,90,0,0,30,41,0.31,0.384,0.581,0.965,150,13,4,0,5,8,6,0.314,111,145,ramirar01,322,49.9,82,100,0.301,0.391,0.559
186,,Aramis Ramírez,Men On,2010,115,253,507,49.9,,228,51,56,13,1,15,73,0,0,19,45,0.246,0.3,0.509,0.809,116,10,1,0,5,3,2,0.237,115,112,ramirar01,296,47.3,75,81,0.293,0.361,0.508
446,,Aramis Ramírez,Men On,2011,140,296,626,47.3,,256,68,75,13,0,14,81,1,1,29,32,0.293,0.361,0.508,0.869,130,12,3,0,8,5,1,0.28,100,135,ramirar01,304,48.3,82,90,0.3,0.359,0.52
1037,,Aramis Ramírez,Men On,2014,114,226,531,42.6,,205,36,62,13,0,4,55,3,0,11,28,0.302,0.354,0.424,0.778,87,18,7,0,3,2,0,0.33,107,115,ramirar01,257,49.8,55,62,0.238,0.296,0.372
1501,,Hanley Ramírez,Men On,2006,127,215,700,30.7,,191,105,55,11,2,3,45,51,15,16,41,0.288,0.343,0.414,0.756,79,7,1,5,2,0,3,0.349,83,93,ramirha01,268,38.0,67,58,0.284,0.345,0.424
1298,,Hanley Ramírez,Men On,2007,134,268,706,38.0,,236,101,67,15,0,6,58,51,14,21,42,0.284,0.345,0.424,0.768,100,10,3,4,4,3,2,0.318,65,97,ramirha01,228,32.9,49,45,0.275,0.417,0.511
1462,,Hanley Ramírez,Men On,2008,127,228,693,32.9,,178,103,49,7,1,11,45,35,12,42,40,0.275,0.417,0.511,0.928,91,5,4,0,4,9,1,0.29,99,141,ramirha01,315,48.3,94,94,0.351,0.43,0.567
326,,Hanley Ramírez,Men On,2009,142,315,652,48.3,,268,89,94,20,1,12,94,27,8,36,47,0.351,0.43,0.567,0.997,152,9,5,1,5,14,2,0.383,109,160,ramirha01,278,44.9,69,65,0.295,0.388,0.487
115,,Manny Ramirez,Men On,2006,123,283,558,50.7,,217,62,71,9,0,18,85,0,1,57,53,0.327,0.456,0.618,1.073,134,13,1,0,8,16,3,0.344,104,171,ramirma02,305,53.6,72,75,0.286,0.384,0.452
12,,Manny Ramirez,Men On,2007,129,305,569,53.6,,252,71,72,19,1,7,75,0,0,39,50,0.286,0.384,0.452,0.836,114,21,6,0,8,13,2,0.32,91,115,ramirma02,337,51.5,92,105,0.337,0.451,0.648
684,,Colby Rasmus,Men On,2009,115,237,520,45.6,,211,64,60,10,2,8,44,3,1,18,42,0.284,0.341,0.464,0.805,98,5,1,5,2,3,3,0.319,125,110,rasmuco01,253,47.4,54,53,0.255,0.355,0.439
434,,Colby Rasmus,Men On,2010,117,253,534,47.4,,212,72,54,7,1,10,53,12,8,35,74,0.255,0.355,0.439,0.793,93,5,0,2,4,9,4,0.333,87,111,rasmuco01,230,43.7,46,44,0.228,0.303,0.401
925,,Colby Rasmus,Men On,2011,109,230,526,43.7,,202,66,46,12,4,5,44,5,2,23,46,0.228,0.303,0.401,0.704,81,10,0,2,3,2,0,0.266,104,91,rasmuco01,255,40.8,55,64,0.244,0.312,0.444
872,,Édgar Rentería,Men On,2006,135,297,673,44.1,,252,88,78,22,1,2,58,17,6,32,36,0.31,0.391,0.429,0.82,108,17,3,8,2,0,5,0.352,107,110,renteed01,255,47.0,76,49,0.339,0.415,0.46
485,,Édgar Rentería,Men On,2007,116,255,543,47.0,,224,79,76,13,1,4,49,11,2,29,26,0.339,0.415,0.46,0.875,103,14,0,2,0,0,0,0.371,104,126,renteed01,244,44.6,65,49,0.291,0.326,0.399
802,,Édgar Rentería,Men On,2008,115,244,547,44.6,,223,63,65,10,1,4,49,6,3,14,22,0.291,0.326,0.399,0.726,89,19,0,2,5,1,4,0.302,107,88,renteed01,226,44.3,60,46,0.306,0.362,0.413
1472,,Ben Revere,Men On,2014,118,202,626,32.3,,184,69,58,5,1,0,26,49,8,8,12,0.315,0.349,0.353,0.702,65,11,2,7,1,1,2,0.335,105,96,reverbe01,214,33.8,55,43,0.288,0.335,0.366
1452,,José Reyes,Men On,2006,127,234,703,33.3,,210,113,66,5,8,10,72,64,17,22,32,0.314,0.379,0.557,0.936,117,6,0,2,0,6,2,0.333,121,135,reyesjo01,269,35.2,63,48,0.273,0.36,0.398
1398,,José Reyes,Men On,2007,143,269,765,35.2,,231,109,63,10,5,3,48,78,21,31,20,0.273,0.36,0.398,0.758,92,6,1,5,1,13,3,0.287,96,95,reyesjo01,244,32.0,55,57,0.274,0.377,0.438
1430,,José Reyes,Men On,2010,112,205,603,34.0,,185,74,51,12,5,2,45,30,10,12,23,0.276,0.318,0.427,0.745,79,8,1,4,3,4,2,0.301,99,97,reyesjo01,180,30.7,47,37,0.309,0.388,0.428
1502,,José Reyes,Men On,2011,99,180,586,30.7,,152,93,47,8,5,0,37,39,7,22,9,0.309,0.388,0.428,0.815,65,5,0,2,4,9,0,0.32,88,123,reyesjo01,252,35.2,63,50,0.293,0.36,0.433
1369,,José Reyes,Men On,2014,127,236,655,36.0,,217,88,63,11,1,3,45,30,2,13,28,0.29,0.325,0.392,0.716,85,4,0,2,4,1,5,0.316,98,98,reyesjo01,190,36.6,56,49,0.341,0.387,0.5
515,,Mark Reynolds,Men On,2008,135,287,613,46.8,,251,71,68,15,1,12,81,11,2,29,91,0.271,0.339,0.482,0.821,121,10,0,1,6,0,2,0.364,111,112,reynoma01,320,48.3,66,79,0.243,0.347,0.507
327,,Mark Reynolds,Men On,2009,144,320,662,48.3,,272,75,66,9,0,21,79,24,9,43,106,0.243,0.347,0.507,0.854,138,8,2,0,3,3,4,0.304,93,122,reynoma01,277,46.5,58,70,0.257,0.375,0.553
555,,Mark Reynolds,Men On,2010,131,277,596,46.5,,226,64,58,12,2,17,70,7,4,43,83,0.257,0.375,0.553,0.929,125,8,3,0,5,7,0,0.313,145,145,reynoma01,261,42.1,53,64,0.238,0.333,0.507
1078,,Mark Reynolds,Men On,2011,131,261,620,42.1,,223,62,53,13,1,15,64,6,4,33,83,0.238,0.333,0.507,0.84,113,11,1,0,4,2,1,0.295,108,126,reynoma01,235,43.7,48,56,0.241,0.349,0.462
926,,Mark Reynolds,Men On,2012,112,235,538,43.7,,199,52,48,14,0,10,56,1,3,31,69,0.241,0.349,0.462,0.811,92,19,3,0,2,2,0,0.311,112,116,reynoma01,221,43.8,46,54,0.235,0.308,0.398
1079,,Alex Ríos,Men On,2007,144,299,711,42.1,,267,97,76,13,1,7,68,17,4,23,42,0.285,0.338,0.419,0.757,112,9,2,0,7,3,2,0.307,80,94,riosal01,322,46.9,83,70,0.28,0.323,0.409
503,,Alex Ríos,Men On,2008,144,322,687,46.9,,296,82,83,18,1,6,70,32,8,20,65,0.28,0.323,0.409,0.732,121,20,1,0,5,2,4,0.335,85,90,riosal01,312,49.3,71,60,0.253,0.302,0.388
242,,Alex Ríos,Men On,2009,133,312,633,49.3,,281,52,71,16,2,6,60,24,5,20,52,0.253,0.302,0.388,0.69,109,21,3,1,7,1,4,0.283,100,80,riosal01,289,46.8,74,77,0.285,0.339,0.45
516,,Alex Ríos,Men On,2010,135,289,617,46.8,,260,77,74,13,0,10,77,34,14,21,41,0.285,0.339,0.45,0.789,117,21,3,0,5,4,1,0.299,100,109,riosal01,234,41.1,46,36,0.213,0.256,0.329
1151,,Alex Ríos,Men On,2011,113,234,570,41.1,,216,56,46,10,0,5,36,11,6,14,25,0.213,0.256,0.329,0.585,71,20,0,0,4,4,2,0.216,91,59,riosal01,289,45.2,87,79,0.326,0.36,0.562
731,,Alex Ríos,Men On,2012,139,289,640,45.2,,267,81,87,16,4,13,79,23,6,16,34,0.326,0.36,0.562,0.922,150,18,1,0,5,3,2,0.329,117,144,riosal01,286,43.2,71,68,0.274,0.333,0.402
983,,Alex Ríos,Men On,2013,136,286,662,43.2,,259,70,71,14,2,5,68,42,7,24,48,0.274,0.333,0.402,0.735,104,17,0,0,2,2,3,0.317,96,103,riosal01,255,48.9,63,52,0.267,0.302,0.407
654,,Anthony Rizzo,Men On,2013,143,316,690,45.8,,272,60,70,18,1,12,69,6,5,39,54,0.257,0.354,0.463,0.818,126,12,3,0,2,7,4,0.279,120,125,rizzoan01,242,39.3,54,59,0.266,0.368,0.527
1256,,Anthony Rizzo,Men On,2014,122,242,616,39.3,,203,70,54,14,0,13,59,5,4,32,44,0.266,0.368,0.527,0.895,107,8,3,0,4,7,3,0.273,95,145,rizzoan01,324,46.2,80,83,0.311,0.432,0.545
1283,,Brian Roberts,Men On,2006,124,244,630,38.7,,205,77,61,14,2,2,47,36,7,27,28,0.298,0.371,0.415,0.786,85,16,0,6,5,4,2,0.328,108,101,roberbr01,265,37.0,67,50,0.303,0.399,0.462
1337,,Brian Roberts,Men On,2007,134,265,716,37.0,,221,96,67,14,3,5,50,50,7,38,37,0.303,0.399,0.462,0.861,102,8,0,2,4,6,1,0.339,113,121,roberbr01,225,32.0,56,50,0.308,0.405,0.489
1477,,Brian Roberts,Men On,2008,125,225,704,32.0,,182,100,56,17,5,2,50,40,10,33,35,0.308,0.405,0.489,0.894,89,8,1,3,6,3,3,0.358,116,132,roberbr01,254,35.4,70,72,0.324,0.391,0.546
35,,Alex Rodriguez,Men On,2006,147,356,674,52.8,,294,97,86,12,1,19,105,15,4,53,70,0.293,0.404,0.534,0.939,157,22,5,0,4,8,4,0.321,105,137,rodrial01,393,55.5,103,138,0.329,0.443,0.719
5,,Alex Rodriguez,Men On,2007,156,393,708,55.5,,313,125,103,14,0,36,138,24,4,55,71,0.329,0.443,0.719,1.162,225,15,16,0,9,11,2,0.312,116,194,rodrial01,322,54.2,74,80,0.277,0.385,0.476
9,,Alex Rodriguez,Men On,2008,134,322,594,54.2,,267,81,74,17,0,12,80,18,3,40,68,0.277,0.385,0.476,0.861,127,16,10,0,5,9,4,0.323,81,124,rodrial01,284,53.1,65,85,0.283,0.408,0.526
26,,Alex Rodriguez,Men On,2009,117,284,535,53.1,,230,63,65,11,0,15,85,14,2,45,53,0.283,0.408,0.526,0.935,121,13,6,0,3,7,2,0.303,100,144,rodrial01,296,49.7,74,110,0.296,0.368,0.556
399,,Iván Rodríguez,Men On,2006,123,276,580,47.6,,254,67,92,18,3,6,62,8,3,15,29,0.362,0.397,0.528,0.925,134,16,1,4,2,4,3,0.389,140,134,rodriiv01,233,45.2,63,57,0.28,0.293,0.422
818,,Scott Rolen,Men On,2009,112,238,535,44.5,,205,68,63,11,1,3,59,5,4,20,29,0.307,0.37,0.415,0.784,85,4,5,0,8,1,4,0.331,92,107,rolensc01,271,50.5,61,71,0.262,0.336,0.451
1436,,Jimmy Rollins,Men On,2006,133,256,758,33.8,,225,112,68,16,6,10,68,36,4,20,29,0.302,0.359,0.56,0.919,126,12,4,0,7,2,3,0.301,125,130,rolliji01,292,37.5,82,74,0.314,0.366,0.548
1316,,Jimmy Rollins,Men On,2007,143,292,778,37.5,,261,118,82,11,10,10,74,41,6,21,31,0.314,0.366,0.548,0.914,143,11,4,0,6,5,6,0.319,110,132,rolliji01,219,35.0,58,55,0.324,0.426,0.559
1404,,Jimmy Rollins,Men On,2008,114,219,625,35.0,,179,72,58,13,4,7,55,47,3,32,15,0.324,0.426,0.559,0.985,100,11,2,3,3,7,2,0.319,150,155,rolliji01,245,33.8,59,66,0.263,0.3,0.487
1350,,Jimmy Rollins,Men On,2011,117,231,631,36.6,,196,77,58,10,1,6,53,30,8,31,20,0.296,0.39,0.449,0.839,88,9,1,0,3,5,3,0.301,128,129,rolliji01,218,31.2,49,54,0.261,0.343,0.489
1493,,Jimmy Rollins,Men On,2012,130,218,699,31.2,,188,88,49,12,2,9,54,30,5,25,28,0.261,0.343,0.489,0.832,92,9,0,2,3,2,5,0.26,123,121,rolliji01,248,37.2,66,35,0.31,0.388,0.385
1329,,Jimmy Rollins,Men On,2013,133,248,666,37.2,,213,61,66,10,0,2,35,22,6,28,26,0.31,0.388,0.385,0.773,82,12,1,3,3,6,3,0.34,133,115,rolliji01,249,40.9,52,46,0.235,0.301,0.376
1167,,Jimmy Rollins,Men On,2014,118,249,609,40.9,,221,69,52,5,1,8,46,28,6,22,44,0.235,0.301,0.376,0.676,83,6,0,3,3,2,2,0.256,89,87,rolliji01,229,40.7,40,34,0.192,0.259,0.317
1066,,Cody Ross,Men On,2008,113,214,506,42.3,,191,46,53,12,2,9,60,6,1,14,44,0.277,0.332,0.503,0.834,96,5,4,0,5,2,0,0.308,108,115,rossco01,298,49.3,80,76,0.295,0.352,0.48
243,,Cody Ross,Men On,2009,138,298,604,49.3,,271,59,80,18,1,10,76,5,2,17,55,0.295,0.352,0.48,0.832,130,18,8,0,2,1,2,0.337,112,117,rossco01,264,46.4,73,58,0.303,0.356,0.473
385,,Aaron Rowand,Men On,2007,143,326,684,47.7,,284,86,84,20,0,8,70,6,3,27,54,0.296,0.37,0.451,0.821,128,18,9,2,4,3,7,0.336,87,111,rowanaa01,287,47.0,74,60,0.301,0.387,0.386
487,,Aaron Rowand,Men On,2008,136,287,611,47.0,,246,47,74,12,0,3,60,2,4,32,59,0.301,0.387,0.386,0.773,95,21,5,0,4,7,4,0.378,108,103,rowanaa01,226,41.4,55,53,0.286,0.381,0.432
556,,Freddy Sanchez,Men On,2006,137,294,632,46.5,,261,79,95,25,1,0,79,3,2,19,19,0.364,0.399,0.467,0.866,122,12,2,3,9,6,2,0.378,104,121,sanchfr01,288,44.1,88,76,0.34,0.371,0.529
873,,Freddy Sanchez,Men On,2007,133,288,653,44.1,,259,72,88,27,2,6,76,0,1,14,28,0.34,0.371,0.529,0.9,137,13,4,2,9,2,5,0.35,128,129,sanchfr01,229,37.7,58,46,0.283,0.308,0.376
214,,Gaby Sánchez,Men On,2010,138,319,643,49.6,,277,63,86,20,1,10,76,5,0,31,47,0.31,0.377,0.498,0.875,138,14,2,3,6,2,1,0.336,122,132,sanchga01,303,45.8,58,67,0.235,0.349,0.364
581,,Pablo Sandoval,Men On,2009,141,293,633,46.3,,258,67,92,17,2,13,78,5,5,27,34,0.357,0.416,0.589,1.006,152,10,3,0,5,13,6,0.366,113,162,sandopa01,281,45.6,63,51,0.251,0.313,0.331
156,,Pablo Sandoval,Men On,2013,133,293,584,50.2,,263,46,86,21,2,8,73,0,0,21,31,0.327,0.375,0.513,0.889,135,19,3,0,6,5,1,0.339,133,144,sandopa01,300,47.0,77,66,0.282,0.323,0.432
488,,Pablo Sandoval,Men On,2014,144,300,638,47.0,,273,61,77,12,1,9,66,0,0,20,44,0.282,0.323,0.432,0.756,118,16,0,0,7,6,3,0.3,104,108,sandopa01,205,40.6,46,41,0.249,0.309,0.357
787,,Carlos Santana,Men On,2011,138,294,658,44.7,,244,66,57,10,2,9,61,5,3,43,53,0.234,0.34,0.402,0.742,98,15,0,0,7,7,1,0.254,85,102,santaca01,286,47.0,58,69,0.246,0.35,0.432
489,,Carlos Santana,Men On,2012,127,286,609,47.0,,236,65,58,9,1,11,69,3,5,42,48,0.246,0.35,0.432,0.782,102,21,0,0,8,4,3,0.254,99,109,santaca01,301,46.9,83,61,0.335,0.439,0.54
504,,Carlos Santana,Men On,2013,139,301,642,46.9,,248,62,83,28,1,7,61,3,1,48,41,0.335,0.439,0.54,0.979,134,7,1,0,4,6,4,0.373,135,170,santaca01,322,48.8,70,75,0.268,0.398,0.51
278,,Carlos Santana,Men On,2014,143,322,660,48.8,,261,58,70,12,0,17,75,5,2,56,53,0.268,0.398,0.51,0.907,133,13,2,0,3,5,3,0.273,129,150,santaca01,352,52.9,67,74,0.233,0.361,0.397
1361,,Skip Schumaker,Men On,2008,127,215,594,36.2,,196,82,56,8,2,3,41,8,2,13,23,0.286,0.332,0.393,0.725,77,19,1,4,1,2,2,0.31,89,89,schumsk01,199,34.0,52,33,0.304,0.394,0.38
1431,,Skip Schumaker,Men On,2009,114,199,586,34.0,,171,83,52,7,0,2,33,2,2,26,21,0.304,0.394,0.38,0.774,65,4,0,1,1,2,5,0.336,105,105,schumsk01,196,37.1,46,41,0.272,0.345,0.385
948,,Luke Scott,Men On,2008,121,233,536,43.5,,197,53,50,13,1,9,51,2,2,30,40,0.254,0.356,0.467,0.823,92,7,3,0,3,10,2,0.272,105,113,scottlu01,237,46.8,56,62,0.275,0.371,0.51
517,,Luke Scott,Men On,2009,116,237,506,46.8,,204,46,56,16,1,10,62,0,0,31,47,0.275,0.371,0.51,0.881,104,4,1,0,1,5,2,0.311,114,130,scottlu01,245,47.4,52,55,0.248,0.327,0.433
768,,Marco Scutaro,Men On,2008,125,266,592,44.9,,220,72,66,7,0,3,56,7,2,31,28,0.3,0.381,0.373,0.753,82,8,2,6,7,0,1,0.321,117,98,scutama01,227,33.4,55,53,0.302,0.396,0.44
1448,,Marco Scutaro,Men On,2009,119,227,680,33.4,,182,93,55,10,0,5,53,14,5,31,20,0.302,0.396,0.44,0.836,80,12,2,5,7,0,1,0.305,112,120,scutama01,257,37.0,62,49,0.279,0.356,0.374
999,,Marco Scutaro,Men On,2012,142,294,683,43.0,,261,82,87,14,0,2,69,9,4,12,16,0.333,0.356,0.41,0.766,107,12,2,10,9,0,4,0.337,104,106,scutama01,219,40.0,53,29,0.286,0.357,0.324
1141,,Kyle Seager,Men On,2012,135,268,651,41.2,,236,51,66,13,0,9,75,13,5,22,40,0.28,0.346,0.449,0.795,106,9,4,2,4,1,0,0.298,116,112,seageky01,280,40.3,65,59,0.271,0.357,0.504
1204,,Kyle Seager,Men On,2013,136,280,695,40.3,,240,69,65,18,1,12,59,9,3,32,43,0.271,0.357,0.504,0.861,121,8,3,0,5,1,1,0.279,124,136,seageky01,269,41.1,74,85,0.303,0.354,0.525
1152,,Kyle Seager,Men On,2014,136,269,654,41.1,,244,60,74,12,0,14,85,7,5,21,49,0.303,0.354,0.525,0.879,128,12,0,1,3,3,4,0.326,122,141,seageky01,292,42.6,56,61,0.22,0.305,0.412
842,,Jean Segura,Men On,2013,133,276,623,44.3,,259,64,74,11,5,2,39,44,13,12,33,0.286,0.318,0.39,0.707,101,17,1,2,2,1,4,0.319,89,95,segurje01,201,36.1,41,28,0.233,0.283,0.307
1365,,Jean Segura,Men On,2014,113,201,557,36.1,,176,57,41,5,1,2,28,20,9,9,21,0.233,0.283,0.307,0.59,54,13,4,10,2,5,7,0.252,92,64,segurje01,231,39.6,64,48,0.302,0.342,0.401
1119,,Andrelton Simmons,Men On,2013,139,273,658,41.5,,247,66,56,10,3,7,49,6,5,15,20,0.227,0.272,0.377,0.649,93,16,2,5,4,1,9,0.219,87,78,simmoan01,250,43.4,53,41,0.232,0.286,0.294
955,,Andrelton Simmons,Men On,2014,126,250,576,43.4,,228,39,53,6,1,2,41,4,5,18,24,0.232,0.286,0.294,0.58,67,25,0,2,2,4,5,0.25,89,62,simmoan01,258,44.3,57,41,0.246,0.311,0.31
1414,,Grady Sizemore,Men On,2006,140,259,751,34.5,,218,112,57,12,3,6,54,22,6,32,56,0.261,0.36,0.427,0.787,93,2,4,1,4,8,4,0.319,76,100,sizemgr01,274,36.6,66,64,0.303,0.438,0.509
1351,,Grady Sizemore,Men On,2007,139,274,748,36.6,,218,104,66,9,3,10,64,33,10,44,49,0.303,0.438,0.509,0.947,111,3,10,0,2,9,1,0.348,123,144,sizemgr01,289,38.8,64,68,0.269,0.391,0.471
1278,,Grady Sizemore,Men On,2008,143,289,745,38.8,,238,79,64,13,1,11,68,38,5,46,40,0.269,0.391,0.471,0.862,112,5,3,0,2,14,1,0.28,98,124,sizemgr01,207,41.2,45,55,0.253,0.346,0.506
844,,Justin Smoak,Men On,2012,116,237,535,44.3,,204,38,45,6,0,8,40,1,0,30,44,0.221,0.321,0.368,0.688,75,12,1,0,2,2,0,0.24,112,85,smoakju01,218,41.8,42,38,0.221,0.317,0.389
1129,,Yangervis Solarte,Men On,2014,113,221,535,41.3,,186,49,50,6,1,3,41,0,1,23,19,0.269,0.349,0.36,0.709,67,13,3,3,6,1,1,0.276,101,97,solarya01,224,39.2,64,56,0.312,0.351,0.483
1370,,Alfonso Soriano,Men On,2006,139,262,728,36.0,,212,89,58,10,2,16,65,41,17,42,57,0.274,0.396,0.566,0.962,120,3,3,2,3,16,2,0.296,114,142,soriaal01,211,34.2,49,47,0.259,0.322,0.492
1425,,Alfonso Soriano,Men On,2007,116,211,617,34.2,,189,74,49,14,0,10,47,19,6,18,52,0.259,0.322,0.492,0.814,93,9,1,0,3,4,1,0.3,83,106,soriaal01,199,39.6,45,57,0.266,0.357,0.503
1237,,Alfonso Soriano,Men On,2008,95,199,503,39.6,,169,58,45,7,0,11,57,19,3,24,35,0.266,0.357,0.503,0.86,85,9,2,0,4,11,1,0.268,98,122,soriaal01,187,35.8,42,45,0.253,0.326,0.476
1377,,Alfonso Soriano,Men On,2009,102,187,522,35.8,,166,54,42,7,0,10,45,9,2,18,42,0.253,0.326,0.476,0.802,79,7,1,0,2,6,2,0.276,120,108,soriaal01,248,45.3,69,69,0.304,0.348,0.586
721,,Alfonso Soriano,Men On,2010,127,248,548,45.3,,227,57,69,20,1,14,69,5,1,16,50,0.304,0.348,0.586,0.934,133,12,1,1,3,3,4,0.331,126,145,soriaal01,253,49.8,57,72,0.238,0.273,0.439
196,,Alfonso Soriano,Men On,2011,121,253,508,49.8,,239,34,57,16,1,10,72,2,1,9,65,0.238,0.273,0.439,0.712,105,15,3,0,2,4,2,0.283,88,91,soriaal01,290,47.2,77,93,0.3,0.369,0.595
465,,Alfonso Soriano,Men On,2012,136,290,615,47.2,,257,53,77,21,2,17,93,6,2,26,70,0.3,0.369,0.595,0.964,153,18,4,0,3,5,4,0.347,134,154,soriaal01,287,45.8,65,88,0.254,0.321,0.539
1213,,Denard Span,Men On,2009,128,271,676,40.1,,215,91,64,5,6,2,62,23,10,31,31,0.298,0.394,0.405,0.798,87,7,7,12,6,3,2,0.33,98,111,spande01,252,35.7,62,55,0.279,0.331,0.374
1392,,Denard Span,Men On,2012,104,201,568,35.4,,172,69,52,14,0,2,39,17,6,24,24,0.302,0.386,0.419,0.804,72,10,0,4,1,0,5,0.34,119,117,spande01,224,33.8,55,44,0.275,0.327,0.4
1437,,Denard Span,Men On,2013,127,224,662,33.8,,200,72,55,12,5,1,44,20,6,15,28,0.275,0.327,0.4,0.727,80,11,1,7,1,0,5,0.314,105,101,spande01,211,31.6,59,34,0.312,0.361,0.413
708,,Giancarlo Stanton,Men On,2011,139,273,601,45.4,,226,54,53,11,2,9,62,5,5,36,70,0.235,0.344,0.42,0.765,95,11,5,0,6,6,2,0.288,75,108,stantmi03,233,46.5,50,60,0.255,0.369,0.485
557,,Giancarlo Stanton,Men On,2012,106,233,501,46.5,,196,49,50,10,1,11,60,6,2,32,68,0.255,0.369,0.485,0.854,95,5,4,0,1,9,0,0.331,82,128,stantmi03,228,45.2,45,47,0.233,0.346,0.44
733,,Giancarlo Stanton,Men On,2013,103,228,504,45.2,,193,47,45,13,0,9,47,1,0,32,67,0.233,0.346,0.44,0.787,85,10,2,0,1,5,2,0.305,87,116,stantmi03,310,48.6,72,86,0.289,0.423,0.566
956,,Drew Stubbs,Men On,2010,122,253,583,43.4,,211,78,48,3,2,9,64,30,6,30,75,0.227,0.324,0.389,0.713,82,6,3,3,6,2,3,0.293,86,90,stubbdr01,250,36.7,48,32,0.227,0.328,0.318
1344,,Drew Stubbs,Men On,2011,124,250,681,36.7,,211,80,48,8,1,3,32,40,10,31,81,0.227,0.328,0.318,0.645,67,2,1,6,1,1,0,0.352,90,78,stubbdr01,194,35.7,31,30,0.178,0.234,0.282
1438,,Ichiro Suzuki,Men On,2006,140,254,752,33.8,,221,105,64,3,0,4,44,45,2,28,24,0.29,0.372,0.357,0.729,79,2,2,1,2,16,6,0.308,86,88,suzukic01,263,35.7,85,63,0.378,0.452,0.436
1381,,Ichiro Suzuki,Men On,2007,134,263,736,35.7,,225,106,85,6,2,1,63,37,8,30,25,0.378,0.452,0.436,0.887,98,7,2,4,2,13,1,0.418,115,131,suzukic01,257,34.3,75,38,0.336,0.402,0.404
1422,,Ichiro Suzuki,Men On,2008,143,257,749,34.3,,223,99,75,7,1,2,38,43,4,25,23,0.336,0.402,0.404,0.805,90,8,2,3,4,12,5,0.361,116,111,suzukic01,227,33.5,73,40,0.36,0.418,0.468
1446,,Ichiro Suzuki,Men On,2009,125,227,678,33.5,,203,82,73,7,0,5,40,26,9,20,21,0.36,0.418,0.468,0.886,95,1,1,2,1,15,2,0.382,109,133,suzukic01,234,32.0,62,39,0.301,0.372,0.379
1478,,Ichiro Suzuki,Men On,2010,140,234,732,32.0,,206,70,62,8,1,2,39,42,9,21,22,0.301,0.372,0.379,0.751,78,3,3,3,1,13,4,0.328,100,102,suzukic01,248,34.4,58,42,0.269,0.344,0.315
1419,,Ichiro Suzuki,Men On,2011,139,248,721,34.4,,216,75,58,8,1,0,42,40,7,27,21,0.269,0.344,0.315,0.659,68,11,0,1,4,13,3,0.291,105,82,suzukic01,268,40.4,67,46,0.277,0.316,0.36
1193,,Ichiro Suzuki,Men On,2012,137,268,663,40.4,,242,68,67,12,4,0,46,29,7,16,24,0.277,0.316,0.36,0.675,87,12,0,5,5,5,2,0.3,95,82,suzukic01,229,41.3,58,31,0.279,0.318,0.365
903,,Kurt Suzuki,Men On,2008,126,258,588,43.9,,226,51,63,9,0,4,39,2,3,23,31,0.279,0.359,0.372,0.731,84,20,6,2,1,2,3,0.307,104,91,suzukku01,277,45.1,78,78,0.31,0.344,0.444
744,,Kurt Suzuki,Men On,2009,131,277,614,45.1,,252,64,78,19,0,5,78,8,2,13,30,0.31,0.344,0.444,0.789,112,14,4,1,7,0,4,0.326,115,106,suzukku01,283,52.0,65,64,0.258,0.325,0.373
57,,Kurt Suzuki,Men On,2010,122,283,544,52.0,,252,48,65,9,1,6,64,3,2,17,30,0.258,0.325,0.373,0.698,94,23,10,0,4,3,3,0.268,109,86,suzukku01,219,42.5,38,31,0.201,0.269,0.286
584,,Nick Swisher,Men On,2006,143,311,672,46.3,,244,85,61,14,2,14,74,1,2,53,74,0.25,0.388,0.496,0.884,121,13,6,2,6,7,3,0.29,105,124,swishni01,310,47.0,63,63,0.259,0.388,0.412
490,,Nick Swisher,Men On,2007,137,310,659,47.0,,243,69,63,16,0,7,63,3,2,52,66,0.259,0.388,0.412,0.8,100,13,5,1,9,12,3,0.313,92,107,swishni01,243,41.3,41,57,0.205,0.326,0.425
1131,,Nick Swisher,Men On,2008,125,243,588,41.3,,200,74,41,6,1,12,57,3,3,36,54,0.205,0.326,0.425,0.751,85,14,2,1,4,6,1,0.21,102,94,swishni01,269,44.3,50,62,0.246,0.402,0.453
845,,Nick Swisher,Men On,2009,126,269,607,44.3,,203,64,50,13,1,9,62,0,0,56,52,0.246,0.402,0.453,0.855,92,13,1,3,6,2,1,0.277,99,125,swishni01,292,46.0,88,73,0.345,0.415,0.58
626,,Nick Swisher,Men On,2010,135,292,635,46.0,,255,75,88,15,3,13,73,1,2,29,60,0.345,0.415,0.58,0.996,148,13,3,3,2,0,1,0.408,129,163,swishni01,297,46.8,58,75,0.252,0.392,0.483
518,,Nick Swisher,Men On,2011,137,297,635,46.8,,230,71,58,14,0,13,75,2,2,57,47,0.252,0.392,0.483,0.875,111,18,1,1,8,6,2,0.253,112,138,swishni01,295,47.3,68,84,0.278,0.381,0.518
449,,Nick Swisher,Men On,2012,135,295,624,47.3,,245,66,68,14,0,15,84,2,3,43,63,0.278,0.381,0.518,0.899,127,9,1,1,5,2,2,0.308,114,139,swishni01,287,45.3,58,49,0.245,0.362,0.409
130,,Mark Teahen,Men On,2007,130,307,608,50.5,,259,73,74,14,6,2,55,13,5,39,58,0.286,0.383,0.409,0.792,106,23,3,4,2,8,4,0.358,108,105,teahema01,266,42.7,64,51,0.261,0.312,0.404
1025,,Mark Teahen,Men On,2008,131,266,623,42.7,,245,58,64,12,1,7,51,4,3,17,57,0.261,0.312,0.404,0.716,99,6,2,0,2,4,2,0.311,100,85,teahema01,269,47.1,64,41,0.26,0.311,0.35
58,,Mark Teixeira,Men On,2006,150,378,727,52.0,,315,83,85,24,0,17,94,2,0,56,71,0.27,0.376,0.508,0.884,160,17,1,0,6,12,3,0.292,100,123,teixema01,292,50.8,80,89,0.343,0.469,0.609
107,,Mark Teixeira,Men On,2007,123,292,575,50.8,,233,70,80,18,1,14,89,0,0,52,49,0.343,0.469,0.609,1.079,142,7,5,0,2,13,1,0.384,125,176,teixema01,360,52.6,88,104,0.303,0.419,0.524
41,,Mark Teixeira,Men On,2008,148,360,685,52.6,,290,85,88,16,0,16,104,2,0,59,47,0.303,0.419,0.524,0.944,152,17,4,0,7,13,1,0.308,97,145,teixema01,371,52.5,86,96,0.28,0.391,0.485
43,,Mark Teixeira,Men On,2009,148,371,707,52.5,,307,77,86,20,2,13,96,2,0,51,54,0.28,0.391,0.485,0.876,149,13,8,0,5,9,3,0.298,88,129,teixema01,352,49.4,79,92,0.281,0.412,0.534
234,,Mark Teixeira,Men On,2010,151,352,712,49.4,,281,97,79,20,0,17,92,0,1,58,54,0.281,0.412,0.534,0.946,150,15,8,0,5,6,2,0.288,124,151,teixema01,317,46.3,76,93,0.289,0.385,0.601
585,,Mark Teixeira,Men On,2011,143,317,684,46.3,,263,72,76,17,1,21,93,4,1,40,40,0.289,0.385,0.601,0.986,158,12,6,0,8,3,4,0.262,135,165,teixema01,262,50.0,55,74,0.256,0.344,0.526
157,,Miguel Tejada,Men On,2006,155,356,709,50.2,,322,84,103,17,0,9,85,6,2,24,42,0.32,0.368,0.457,0.824,147,28,4,0,6,10,4,0.339,89,109,tejadmi01,276,48.5,69,72,0.285,0.362,0.434
308,,Miguel Tejada,Men On,2007,125,276,569,48.5,,242,63,69,9,0,9,72,2,1,24,23,0.285,0.362,0.434,0.796,105,22,7,0,3,9,1,0.282,100,104,tejadmi01,313,47.0,76,58,0.259,0.292,0.384
491,,Miguel Tejada,Men On,2008,147,313,666,47.0,,294,84,76,18,2,5,58,7,7,12,33,0.259,0.292,0.384,0.676,113,32,3,1,3,4,2,0.274,86,75,tejadmi01,289,42.9,89,77,0.333,0.354,0.457
1006,,Miguel Tejada,Men On,2009,139,289,674,42.9,,267,74,89,18,0,5,77,5,2,10,16,0.333,0.354,0.457,0.811,122,29,3,0,8,2,6,0.331,105,112,tejadmi01,306,44.9,70,65,0.253,0.311,0.383
1330,,Ryan Theriot,Men On,2007,121,222,597,37.2,,191,78,51,6,0,1,43,28,4,20,14,0.267,0.332,0.314,0.646,60,12,0,8,3,1,9,0.279,93,68,theriry01,262,39.6,67,38,0.298,0.384,0.351
1238,,Ryan Theriot,Men On,2008,130,262,661,39.6,,225,85,67,7,1,1,38,22,13,30,17,0.298,0.384,0.351,0.735,79,19,2,4,1,1,2,0.317,97,94,theriry01,263,38.8,64,50,0.284,0.336,0.382
1279,,Ryan Theriot,Men On,2009,136,263,677,38.8,,225,77,64,9,2,3,50,21,10,18,34,0.284,0.336,0.382,0.718,86,13,2,13,5,1,3,0.316,102,89,theriry01,241,37.7,54,27,0.254,0.312,0.3
140,,Frank Thomas,Men On,2006,125,282,559,50.4,,229,55,61,3,0,17,92,0,0,46,31,0.266,0.383,0.502,0.885,115,13,1,0,6,3,3,0.235,93,124,thomafr04,275,44.1,69,83,0.292,0.375,0.525
143,,Jim Thome,Men On,2006,136,307,610,50.3,,240,88,79,13,0,22,89,0,0,58,65,0.329,0.453,0.658,1.111,158,4,2,0,7,12,1,0.356,119,180,thomeji01,240,44.8,57,77,0.322,0.488,0.65
780,,Jim Thome,Men On,2007,120,240,536,44.8,,177,60,57,10,0,16,77,0,1,57,52,0.322,0.488,0.65,1.137,115,10,3,0,3,11,1,0.366,135,191,thomeji01,270,44.9,64,73,0.292,0.411,0.571
1447,,Mike Trout,Men On,2012,117,214,639,33.5,,180,108,55,6,4,9,62,49,5,26,44,0.306,0.383,0.533,0.917,96,7,1,0,7,4,2,0.343,91,143,troutmi01,296,41.3,68,80,0.296,0.426,0.509
1132,,Mike Trout,Men On,2013,142,296,716,41.3,,230,92,68,11,4,10,80,33,7,53,57,0.296,0.426,0.509,0.934,117,8,5,0,8,10,8,0.339,90,158,troutmi01,297,42.1,74,87,0.306,0.401,0.587
1080,,Mike Trout,Men On,2014,143,297,705,42.1,,242,91,74,24,4,12,87,16,2,38,76,0.306,0.401,0.587,0.987,142,6,7,0,10,6,5,0.378,111,171,troutmi01,266,39.0,65,59,0.317,0.455,0.556
569,,Mark Trumbo,Men On,2011,129,266,573,46.4,,245,52,65,14,1,16,74,9,4,14,54,0.265,0.308,0.527,0.835,129,17,3,0,4,6,4,0.274,116,124,trumbma01,262,44.7,72,77,0.29,0.321,0.52
788,,Mark Trumbo,Men On,2012,123,262,586,44.7,,248,48,72,11,2,14,77,4,5,12,62,0.29,0.321,0.52,0.841,129,12,0,0,2,3,2,0.333,107,122,trumbma01,314,46.3,65,82,0.228,0.287,0.463
179,,Troy Tulowitzki,Men On,2009,143,314,628,50.0,,265,80,72,16,3,11,71,20,11,39,48,0.272,0.357,0.479,0.836,127,20,1,0,9,4,4,0.284,82,118,tulowtr01,263,49.7,71,80,0.316,0.393,0.564
205,,Troy Tulowitzki,Men On,2010,117,263,529,49.7,,225,74,71,16,2,12,80,11,2,31,37,0.316,0.393,0.564,0.958,127,17,1,1,5,4,0,0.326,102,153,tulowtr01,308,50.8,80,90,0.307,0.394,0.548
1085,,Dan Uggla,Men On,2006,139,287,683,42.0,,243,91,78,11,4,13,76,6,6,22,40,0.321,0.382,0.56,0.942,136,5,7,7,8,1,4,0.328,129,137,ugglada01,337,46.3,67,69,0.236,0.315,0.437
587,,Dan Uggla,Men On,2007,149,337,728,46.3,,284,94,67,17,2,12,69,2,1,32,72,0.236,0.315,0.437,0.752,124,10,6,4,11,0,3,0.261,88,92,ugglada01,254,41.0,61,72,0.299,0.425,0.564
1161,,Dan Uggla,Men On,2008,133,254,619,41.0,,204,77,61,16,1,12,72,5,5,45,60,0.299,0.425,0.564,0.989,115,10,2,0,3,6,1,0.363,128,156,ugglada01,315,47.2,62,68,0.241,0.366,0.393
466,,Dan Uggla,Men On,2009,150,315,668,47.2,,257,62,62,12,0,9,68,2,1,51,67,0.241,0.366,0.393,0.759,101,10,2,1,4,4,1,0.286,89,100,ugglada01,337,50.0,78,85,0.272,0.365,0.46
180,,Dan Uggla,Men On,2010,152,337,674,50.0,,287,80,78,15,0,13,85,4,1,45,70,0.272,0.365,0.46,0.825,132,9,0,0,5,2,4,0.311,90,119,ugglada01,300,44.6,62,59,0.238,0.327,0.418
803,,Dan Uggla,Men On,2011,141,300,672,44.6,,261,65,62,8,0,13,59,1,3,34,64,0.238,0.327,0.418,0.744,109,9,2,0,3,2,5,0.262,97,102,ugglada01,278,44.1,56,68,0.25,0.385,0.446
875,,Dan Uggla,Men On,2012,138,278,630,44.1,,224,76,56,17,0,9,68,4,3,47,72,0.25,0.385,0.446,0.831,100,8,4,0,3,5,3,0.322,127,123,ugglada01,229,42.6,32,43,0.169,0.301,0.354
316,,B.J. Upton,Men On,2007,119,265,548,48.4,,220,73,67,7,1,11,69,22,8,39,63,0.305,0.405,0.495,0.901,109,14,1,1,4,4,3,0.373,102,131,uptonbj01,310,48.4,74,64,0.3,0.414,0.449
315,,B.J. Upton,Men On,2008,137,310,640,48.4,,247,82,74,19,0,6,64,44,16,51,56,0.3,0.414,0.449,0.863,111,13,2,3,7,4,2,0.354,120,126,uptonbj01,222,35.5,52,48,0.274,0.356,0.432
1386,,B.J. Upton,Men On,2009,121,222,626,35.5,,190,72,52,16,1,4,48,42,14,25,59,0.274,0.356,0.432,0.788,82,7,1,3,3,0,0,0.369,130,107,uptonbj01,248,40.7,51,50,0.241,0.332,0.41
1177,,B.J. Upton,Men On,2010,135,248,610,40.7,,212,77,51,14,2,6,50,42,9,31,62,0.241,0.332,0.41,0.742,87,13,0,1,4,1,1,0.304,100,97,uptonbj01,281,43.9,57,69,0.234,0.319,0.426
904,,B.J. Upton,Men On,2011,134,281,640,43.9,,244,70,57,8,3,11,69,36,12,29,68,0.234,0.319,0.426,0.745,104,16,3,2,3,4,1,0.274,96,102,uptonbj01,254,40.1,56,56,0.252,0.304,0.428
309,,Justin Upton,Men On,2009,128,285,588,48.5,,252,72,72,11,2,14,74,20,5,26,69,0.286,0.352,0.512,0.864,129,10,2,1,4,3,0,0.335,92,125,uptonju01,272,47.6,63,58,0.279,0.373,0.442
400,,Justin Upton,Men On,2010,120,272,571,47.6,,226,62,63,15,2,6,58,18,8,37,66,0.279,0.373,0.442,0.815,100,20,1,1,7,5,1,0.354,105,117,uptonju01,277,41.1,62,67,0.266,0.368,0.455
1153,,Justin Upton,Men On,2011,141,277,674,41.1,,233,84,62,12,1,10,67,21,9,25,47,0.266,0.368,0.455,0.823,106,8,15,0,4,9,3,0.289,86,124,uptonju01,287,45.7,69,58,0.277,0.352,0.434
673,,Justin Upton,Men On,2012,133,287,628,45.7,,249,98,69,11,2,8,58,18,8,30,53,0.277,0.352,0.434,0.786,108,7,2,0,6,5,1,0.314,100,110,uptonju01,265,41.2,55,51,0.246,0.345,0.397
1143,,Justin Upton,Men On,2013,128,265,643,41.2,,224,75,55,10,0,8,51,8,1,34,61,0.246,0.345,0.397,0.742,89,12,2,1,4,4,2,0.296,83,105,uptonju01,341,53.2,77,91,0.26,0.332,0.503
24,,Justin Upton,Men On,2014,143,341,641,53.2,,296,66,77,18,0,18,91,8,4,31,97,0.26,0.332,0.503,0.836,149,10,5,0,8,1,1,0.312,100,128,uptonju01,268,43.2,64,65,0.284,0.381,0.498
971,,Chase Utley,Men On,2006,144,320,739,43.3,,283,110,89,21,0,11,81,15,4,28,55,0.314,0.381,0.505,0.887,143,9,5,0,4,1,2,0.353,96,124,utleych01,290,47.3,86,89,0.341,0.401,0.544
450,,Chase Utley,Men On,2007,124,290,613,47.3,,252,90,86,27,0,8,89,9,1,22,38,0.341,0.401,0.544,0.945,137,7,8,1,7,1,3,0.366,94,141,utleych01,338,47.8,83,86,0.301,0.404,0.543
376,,Chase Utley,Men On,2008,148,338,707,47.8,,276,95,83,18,2,15,86,14,2,41,49,0.301,0.404,0.543,0.947,150,9,12,1,8,14,1,0.309,108,145,utleych01,316,46.0,75,73,0.295,0.421,0.508
627,,Chase Utley,Men On,2009,142,316,687,46.0,,254,92,75,15,3,11,73,23,0,48,44,0.295,0.421,0.508,0.929,129,5,10,0,4,3,2,0.315,106,144,utleych01,228,44.6,57,55,0.315,0.434,0.47
1086,,Chase Utley,Men On,2013,115,223,531,42.0,,201,61,59,8,4,6,57,8,3,15,37,0.294,0.341,0.463,0.803,93,12,2,0,5,4,1,0.325,96,121,utleych01,340,51.2,82,73,0.285,0.368,0.444
1162,,Shane Victorino,Men On,2007,107,209,510,41.0,,180,70,50,12,1,4,38,37,4,17,18,0.278,0.353,0.422,0.775,76,10,5,5,2,1,5,0.288,102,99,victosh01,267,42.6,64,51,0.271,0.344,0.428
1040,,Shane Victorino,Men On,2008,130,267,627,42.6,,236,95,64,12,2,7,51,36,11,23,24,0.271,0.344,0.428,0.771,101,8,3,5,0,2,3,0.278,94,100,victosh01,263,37.9,69,56,0.308,0.386,0.446
1301,,Shane Victorino,Men On,2009,127,263,694,37.9,,224,96,69,15,2,4,56,25,8,27,21,0.308,0.386,0.446,0.833,100,5,4,4,4,1,5,0.32,108,119,victosh01,227,35.0,57,58,0.289,0.379,0.513
1405,,Shane Victorino,Men On,2010,116,227,648,35.0,,197,73,57,11,6,7,58,34,6,27,28,0.289,0.379,0.513,0.892,101,6,2,0,1,4,2,0.307,136,136,victosh01,212,36.2,49,49,0.272,0.364,0.428
1362,,Shane Victorino,Men On,2011,115,212,586,36.2,,180,83,49,5,4,5,49,19,3,23,27,0.272,0.364,0.428,0.792,77,4,3,6,0,1,1,0.297,90,116,victosh01,295,44.3,70,49,0.281,0.364,0.414
846,,Shane Victorino,Men On,2012,136,295,666,44.3,,249,66,70,14,2,5,49,39,6,30,32,0.281,0.364,0.414,0.777,103,5,4,9,3,1,2,0.302,122,109,victosh01,212,39.8,58,50,0.32,0.381,0.448
832,,José Vidro,Men On,2006,113,227,511,44.4,,199,48,54,12,0,3,43,1,0,22,20,0.271,0.344,0.377,0.72,75,16,2,0,4,3,0,0.283,94,84,vidrojo01,296,47.4,80,57,0.317,0.381,0.421
1133,,Omar Vizquel,Men On,2006,137,272,659,41.3,,229,86,78,12,8,2,56,24,7,22,24,0.341,0.398,0.489,0.887,112,13,3,13,5,3,2,0.365,136,125,vizquom01,271,47.1,61,50,0.261,0.315,0.355
1081,,Joey Votto,Men On,2008,130,248,589,42.1,,213,54,62,16,2,9,69,7,5,31,43,0.291,0.383,0.512,0.895,109,7,2,0,2,9,3,0.325,105,131,vottojo01,236,43.4,70,66,0.347,0.436,0.554
958,,Joey Votto,Men On,2009,119,236,544,43.4,,202,64,70,19,1,7,66,4,1,31,41,0.347,0.436,0.554,0.991,112,8,2,0,1,10,2,0.406,103,159,vottojo01,307,47.4,94,93,0.379,0.489,0.665
437,,Joey Votto,Men On,2010,140,307,648,47.4,,248,86,94,18,1,17,93,16,5,51,52,0.379,0.489,0.665,1.154,165,11,5,0,3,8,2,0.423,126,206,vottojo01,330,45.9,87,86,0.339,0.467,0.564
805,,Neil Walker,Men On,2011,144,295,662,44.6,,261,70,81,20,2,6,77,9,6,25,45,0.31,0.363,0.471,0.834,123,15,1,0,8,5,1,0.344,124,126,walkene01,219,41.3,58,62,0.309,0.367,0.484
1134,,Neil Walker,Men On,2012,118,219,530,41.3,,188,55,58,12,0,7,62,7,5,21,38,0.309,0.367,0.484,0.851,91,11,1,1,8,1,2,0.338,121,127,walkene01,234,42.5,53,42,0.27,0.362,0.434
1051,,Neil Walker,Men On,2013,113,234,551,42.5,,196,51,53,13,2,5,42,1,2,24,31,0.27,0.362,0.434,0.796,85,14,6,5,3,4,2,0.294,111,120,walkene01,251,44.0,66,60,0.306,0.392,0.477
883,,Neil Walker,Men On,2014,118,251,571,44.0,,216,58,66,12,2,7,60,2,2,25,37,0.306,0.392,0.477,0.869,103,12,7,1,2,2,0,0.339,117,140,walkene01,261,43.3,63,62,0.281,0.352,0.446
1363,,Rickie Weeks,Men On,2007,97,183,506,36.2,,149,75,30,6,2,4,24,25,2,26,46,0.201,0.328,0.349,0.677,52,3,3,3,2,5,1,0.257,68,75,weeksri01,205,36.6,37,35,0.211,0.304,0.354
1378,,Rickie Weeks,Men On,2010,136,270,754,35.8,,225,91,61,9,1,8,62,11,4,33,57,0.271,0.385,0.427,0.812,96,5,10,0,2,0,1,0.327,97,117,weeksri01,160,31.1,30,36,0.219,0.308,0.438
1496,,Rickie Weeks,Men On,2011,95,160,515,31.1,,137,64,30,9,0,7,36,9,2,16,37,0.219,0.308,0.438,0.746,60,6,3,1,3,3,0,0.24,82,102,weeksri01,290,42.8,47,54,0.19,0.303,0.385
288,,Vernon Wells,Men On,2006,145,330,677,48.7,,289,74,85,18,3,15,89,17,4,30,40,0.294,0.355,0.533,0.887,154,13,2,0,9,0,2,0.288,98,123,wellsve01,265,41.3,61,71,0.265,0.34,0.43
310,,Vernon Wells,Men On,2009,143,332,684,48.5,,300,74,69,18,0,5,56,17,4,27,52,0.23,0.289,0.34,0.629,102,18,0,0,5,2,6,0.258,78,65,wellsve01,287,44.4,69,72,0.273,0.348,0.542
834,,Vernon Wells,Men On,2010,140,287,646,44.4,,253,63,69,21,1,15,72,6,4,29,38,0.273,0.348,0.542,0.89,137,18,2,0,3,5,1,0.266,110,134,wellsve01,235,44.4,48,52,0.22,0.264,0.427
835,,Jayson Werth,Men On,2009,141,300,676,44.4,,245,77,65,10,1,15,78,20,3,45,60,0.265,0.38,0.498,0.878,122,11,4,0,6,8,0,0.284,100,129,werthja01,304,46.6,62,67,0.255,0.375,0.453
543,,Jayson Werth,Men On,2010,134,304,652,46.6,,243,87,62,21,0,9,67,13,3,49,62,0.255,0.375,0.453,0.828,110,11,3,0,9,6,1,0.293,82,121,werthja01,275,42.4,51,46,0.221,0.331,0.346
609,,Jayson Werth,Men On,2013,114,245,532,46.1,,202,73,61,7,0,14,71,10,1,36,40,0.302,0.404,0.545,0.949,110,9,2,0,5,3,1,0.307,104,161,werthja01,300,47.7,83,74,0.329,0.427,0.52
658,,Matt Wieters,Men On,2010,114,230,502,45.8,,202,32,46,6,0,6,50,0,1,20,39,0.228,0.291,0.347,0.638,70,13,1,0,7,7,2,0.244,83,70,wietema01,224,40.7,57,56,0.288,0.366,0.51
1179,,Matt Wieters,Men On,2011,113,224,551,40.7,,198,60,57,14,0,10,56,1,0,24,32,0.288,0.366,0.51,0.876,101,16,1,0,1,3,1,0.299,125,137,wietema01,261,44.0,69,70,0.303,0.379,0.5
884,,Matt Wieters,Men On,2012,128,261,593,44.0,,228,54,69,13,1,10,70,3,0,28,44,0.303,0.379,0.5,0.879,114,17,2,0,3,4,1,0.333,130,134,wietema01,251,43.4,58,68,0.265,0.308,0.47
78,,Josh Willingham,Men On,2006,134,295,573,51.5,,249,45,72,20,1,9,57,2,0,33,59,0.289,0.38,0.486,0.866,121,13,7,0,6,2,6,0.337,105,120,willijo03,278,46.0,67,80,0.282,0.381,0.534
13,,Josh Willingham,Men On,2011,126,302,563,53.6,,252,56,67,15,0,16,85,4,1,36,71,0.266,0.361,0.516,0.877,130,6,6,0,8,3,1,0.295,117,137,willijo03,330,53.7,75,92,0.28,0.397,0.552
1180,,Jack Wilson,Men On,2006,120,242,594,40.7,,211,65,62,10,0,3,30,4,3,15,28,0.294,0.339,0.384,0.723,81,15,2,9,5,0,2,0.319,111,85,wilsoja02,231,43.2,60,50,0.311,0.375,0.477
1402,,Randy Winn,Men On,2006,126,223,635,35.1,,189,72,46,10,3,2,47,10,8,23,17,0.243,0.332,0.36,0.692,68,7,4,3,4,3,3,0.253,93,77,winnra01,260,39.8,68,56,0.306,0.379,0.446
1229,,Randy Winn,Men On,2007,137,260,653,39.8,,222,64,68,16,0,5,56,15,3,26,34,0.306,0.379,0.446,0.825,99,12,3,4,5,3,5,0.335,108,112,winnra01,268,40.2,68,54,0.288,0.337,0.369
1209,,Randy Winn,Men On,2008,137,268,667,40.2,,236,74,68,19,0,0,54,25,2,22,36,0.288,0.337,0.369,0.706,87,6,0,1,9,6,5,0.325,80,84,winnra01,226,37.9,59,50,0.307,0.368,0.401
270,,David Wright,Men On,2006,139,323,661,48.9,,277,82,89,18,3,12,102,20,5,34,51,0.321,0.393,0.538,0.931,149,15,4,0,8,13,3,0.347,105,135,wrighda03,328,46.1,89,91,0.332,0.433,0.571
610,,David Wright,Men On,2007,147,328,711,46.1,,268,97,89,22,0,14,91,34,5,49,45,0.332,0.433,0.571,1.004,153,14,4,0,7,6,4,0.347,109,157,wrighda03,375,51.0,91,109,0.29,0.374,0.532
93,,David Wright,Men On,2008,155,375,736,51.0,,314,100,91,20,1,18,109,15,5,47,61,0.29,0.374,0.532,0.906,167,15,2,0,11,5,8,0.297,96,134,wrighda03,322,52.1,88,69,0.317,0.391,0.471
55,,David Wright,Men On,2009,135,322,618,52.1,,278,85,88,20,1,7,69,27,9,36,79,0.317,0.391,0.471,0.863,131,16,2,0,6,8,5,0.409,106,126,wrighda03,310,46.3,69,90,0.261,0.332,0.511
1490,,Christian Yelich,Men On,2014,109,207,660,31.4,,177,87,46,6,2,3,48,21,7,24,39,0.26,0.348,0.367,0.715,65,9,1,3,2,3,2,0.314,87,99,yelicch01,216,41.1,57,40,0.291,0.356,0.403
1059,,Kevin Youkilis,Men On,2006,128,288,680,42.4,,227,94,76,20,0,7,66,5,2,46,48,0.335,0.438,0.515,0.953,117,12,4,0,11,0,2,0.377,135,143,youklke01,294,47.0,83,76,0.34,0.435,0.537
492,,Kevin Youkilis,Men On,2007,128,294,625,47.0,,244,78,83,17,2,9,76,4,2,39,51,0.34,0.435,0.537,0.972,131,9,6,0,5,0,4,0.392,130,149,youklke01,321,51.7,96,107,0.358,0.436,0.694
70,,Kevin Youkilis,Men On,2008,133,321,621,51.7,,268,83,96,25,1,21,107,3,5,39,45,0.358,0.436,0.694,1.13,186,11,5,0,9,7,4,0.355,134,190,youklke01,299,50.9,77,80,0.322,0.445,0.556
29,,Kevin Youkilis,Men On,2011,110,274,517,53.0,,226,64,68,22,2,13,76,3,0,33,52,0.301,0.409,0.588,0.997,133,14,11,0,4,3,3,0.333,138,169,youklke01,213,41.8,48,52,0.268,0.371,0.508
1393,,Chris Young,Men On,2007,120,221,624,35.4,,193,60,40,11,1,7,43,27,6,19,51,0.207,0.282,0.383,0.665,74,5,3,1,5,1,1,0.236,78,70,youngch04,302,43.2,68,73,0.259,0.324,0.471
986,,Chris Young,Men On,2008,147,302,699,43.2,,263,73,68,18,4,10,73,14,5,27,66,0.259,0.324,0.471,0.796,124,10,1,6,5,2,1,0.302,109,105,youngch04,206,41.1,33,31,0.188,0.286,0.352
1155,,Chris Young,Men On,2009,117,206,501,41.1,,176,43,33,13,2,4,31,11,4,24,61,0.188,0.286,0.352,0.638,62,3,1,3,2,2,0,0.257,80,67,youngch04,284,42.8,62,74,0.25,0.332,0.427
1017,,Chris Young,Men On,2010,135,284,664,42.8,,248,77,62,14,0,10,74,28,7,31,63,0.25,0.332,0.427,0.76,106,10,1,1,3,0,3,0.292,92,102,youngch04,296,44.9,65,62,0.266,0.369,0.475
558,,Delmon Young,Men On,2007,147,317,681,46.5,,293,61,98,17,0,9,89,10,3,15,50,0.334,0.363,0.485,0.847,142,23,2,0,7,2,3,0.369,134,117,youngde03,286,45.9,76,65,0.298,0.354,0.431
80,,Delmon Young,Men On,2010,142,315,613,51.4,,288,66,95,26,1,10,101,5,4,15,36,0.33,0.359,0.531,0.89,153,16,3,0,9,5,4,0.339,116,135,youngde03,228,45.3,59,58,0.276,0.298,0.416
723,,Delmon Young,Men On,2011,112,228,503,45.3,,214,48,59,10,1,6,58,1,0,8,33,0.276,0.298,0.416,0.714,89,19,1,0,5,2,4,0.294,105,93,youngde03,288,47.4,70,63,0.261,0.288,0.392
745,,Michael Young,Men On,2006,150,337,748,45.1,,306,88,99,22,1,9,98,7,3,22,42,0.324,0.362,0.49,0.852,150,27,1,0,8,0,5,0.342,108,115,youngmi02,327,47.3,107,89,0.366,0.431,0.479
451,,Michael Young,Men On,2007,144,327,692,47.3,,292,75,107,21,0,4,89,13,3,32,43,0.366,0.431,0.479,0.911,140,21,2,0,1,5,5,0.419,132,135,youngmi02,327,46.2,86,74,0.297,0.358,0.4
599,,Michael Young,Men On,2008,144,327,708,46.2,,290,94,86,18,0,4,74,10,0,30,47,0.297,0.358,0.4,0.758,116,19,1,0,6,0,3,0.335,105,98,youngmi02,252,42.5,63,53,0.278,0.333,0.441
1052,,Michael Young,Men On,2009,118,252,593,42.5,,227,61,63,14,1,7,53,8,3,21,47,0.278,0.333,0.441,0.774,100,16,0,0,4,2,4,0.316,74,102,youngmi02,315,43.9,83,77,0.3,0.349,0.451
905,,Michael Young,Men On,2010,148,315,718,43.9,,277,85,83,17,2,7,77,4,2,27,46,0.3,0.349,0.451,0.8,125,21,0,0,11,4,1,0.323,107,112,youngmi02,339,49.2,114,100,0.383,0.431,0.537
252,,Michael Young,Men On,2011,148,339,689,49.2,,298,82,114,23,4,5,100,6,2,31,28,0.383,0.431,0.537,0.968,160,17,1,0,9,7,2,0.398,127,163,youngmi02,294,45.2,69,63,0.256,0.296,0.359
734,,Michael Young,Men On,2012,137,294,651,45.2,,270,75,69,12,2,4,63,2,2,18,27,0.256,0.296,0.359,0.655,97,26,0,0,6,3,5,0.265,92,75,youngmi02,229,40.5,59,42,0.285,0.345,0.435
181,,Ryan Zimmerman,Men On,2006,143,341,682,50.0,,302,75,97,30,1,11,101,11,8,33,57,0.321,0.385,0.536,0.922,162,15,1,1,4,7,1,0.361,124,132,zimmery01,322,44.6,74,78,0.256,0.317,0.439
63,,Ryan Zimmerman,Men On,2009,148,360,694,51.9,,313,93,84,15,2,16,89,2,0,35,58,0.268,0.337,0.482,0.819,151,22,2,0,9,9,3,0.274,84,113,zimmery01,283,46.9,79,71,0.335,0.428,0.534
589,,Ryan Zimmerman,Men On,2012,135,297,641,46.3,,262,80,73,15,0,12,82,5,2,30,55,0.279,0.35,0.473,0.823,124,20,1,0,4,8,2,0.307,100,119,zimmery01,265,41.9,63,60,0.278,0.37,0.432
401,,Ben Zobrist,Men On,2009,142,285,599,47.6,,228,77,65,14,1,13,77,17,6,51,55,0.285,0.412,0.526,0.938,120,7,1,1,4,4,2,0.317,99,145,zobribe01,301,46.0,66,69,0.269,0.35,0.388
629,,Ben Zobrist,Men On,2010,137,301,655,46.0,,245,71,66,15,1,4,69,24,3,36,42,0.269,0.35,0.388,0.738,95,10,1,7,12,1,2,0.294,111,97,zobribe01,295,43.8,69,81,0.274,0.358,0.504
917,,Ben Zobrist,Men On,2011,133,295,674,43.8,,252,89,69,22,3,10,81,19,6,34,53,0.274,0.358,0.504,0.862,127,9,2,2,5,1,4,0.304,109,133,zobribe01,276,41.3,57,59,0.254,0.369,0.429
1136,,Ben Zobrist,Men On,2012,137,276,668,41.3,,224,73,57,16,4,5,59,14,9,44,45,0.254,0.369,0.429,0.797,96,13,0,2,6,7,2,0.289,89,114,zobribe01,300,43.0,71,62,0.28,0.368,0.378
1000,,Ben Zobrist,Men On,2013,146,300,698,43.0,,254,68,71,16,0,3,62,11,3,36,38,0.28,0.368,0.378,0.746,96,18,3,1,6,4,2,0.311,98,107,zobribe01,244,37.3,54,46,0.266,0.36,0.419
1326,,Ben Zobrist,Men On,2014,128,244,654,37.3,,203,77,54,15,2,4,46,10,5,33,32,0.266,0.36,0.419,0.778,85,8,0,2,6,4,3,0.289,108,116,zobribe01,219,40.9,58,49,0.312,0.393,0.495
