,Player,Player-additional,Season,wOBA,rRE24_wOBA
0,Álex Rodríguez,rodrial01,2007,0.4445939741750359,19.044943556384496
1,Albert Pujols,pujolal01,2009,0.44716615853658537,13.94842284969512
2,Miguel Cabrera,cabremi01,2013,0.45504265402843597,7.518862879620869
3,Bryce Harper,harpebr03,2015,0.4611830985915493,3.9076175999999947
4,Ryan Howard,howarry01,2006,0.43622638680659676,15.610131280659644
5,Albert Pujols,pujolal01,2008,0.45883855024711695,2.710282373970344
6,Mike Trout,troutmi01,2013,0.4227450424929178,20.68304942946179
7,Albert Pujols,pujolal01,2006,0.4471287128712871,7.3771519207920875
8,Chris Davis,davisch02,2013,0.4206036308623298,19.564112003933417
9,Prince Fielder,fieldpr01,2009,0.42211174785100286,18.48980225730658
10,Lance Berkman,berkmla01,2006,0.42619391025641024,16.22804096634617
11,Miguel Cabrera,cabremi01,2011,0.4374054054054054,10.220425556756766
12,Joey Votto,vottojo01,2010,0.4378078125,9.089154968437498
13,Magglio Ordóñez,ordonma01,2007,0.4381014925373134,8.112266022686569
14,Paul Goldschmidt,goldspa01,2013,0.40380000000000005,24.17872691999996
15,Matt Kemp,kempma01,2011,0.4130436090225564,18.815382423458658
16,José Bautista,bautijo02,2011,0.4425483359746434,3.9881034599049343
17,Joey Votto,vottojo01,2015,0.4269323529411765,10.78869659941175
18,Mike Trout,troutmi01,2014,0.40239341917024324,22.782251671244623
19,Ryan Braun,braunry02,2011,0.42608931419457735,10.720356422966503
20,David Ortiz,ortizda01,2007,0.4492717557251909,-1.5747265370992665
21,Freddie Freeman,freemfr01,2013,0.3872019386106624,29.100522851696283
22,Joey Votto,vottojo01,2011,0.40558380681818185,19.316526328693172
23,Miguel Cabrera,cabremi01,2006,0.41549460708782743,14.279475054545458
24,Carlos Beltrán,beltrca01,2006,0.4079426229508196,17.58672528360657
25,Manny Ramírez,ramirma02,2008,0.4320571428571429,5.185447851428535
26,Prince Fielder,fieldpr01,2011,0.40978636363636356,15.904547773636402
27,Miguel Cabrera,cabremi01,2010,0.43111525974025977,4.1765463275973715
28,Lance Berkman,berkmla01,2008,0.41685162287480676,10.880741082225683
29,Travis Hafner,hafnetr01,2006,0.4499798903107861,-6.888911805118838
30,Anthony Rizzo,rizzoan01,2015,0.3838713872832371,26.176353385260043
31,Paul Goldschmidt,goldspa01,2015,0.4175473684210526,9.272752397894742
32,Jacoby Ellsbury,ellsbja01,2011,0.39995172413793106,17.84350597379308
33,Mark Teixeira,teixema01,2008,0.40973809523809523,12.908690014285725
34,David Ortiz,ortizda01,2006,0.4270723981900453,3.558650643438888
35,Josh Donaldson,donaljo02,2015,0.39761354019746126,17.47298748547246
36,Edwin Encarnación,encared01,2012,0.39607911392405065,17.890456257594927
37,Josh Hamilton,hamiljo03,2010,0.44525840707964603,-7.127383590442477
38,Joe Mauer,mauerjo01,2009,0.4382043918918919,-4.119200797635166
39,Albert Pujols,pujolal01,2010,0.4185045317220543,5.28401128398793
40,Derrek Lee,leede02,2009,0.4129950738916256,7.609658074876862
41,Matt Holliday,hollima01,2007,0.4283201133144475,-0.22541478810193638
42,Victor Martinez,martivi01,2014,0.41142088091353995,7.837016824469821
43,Carlos Peña,penaca01,2007,0.43086688851913474,-1.9992266831946708
44,Bobby Abreu,abreubo01,2006,0.38753687315634217,19.392999778761073
45,José Bautista,bautijo02,2010,0.42187958883994137,2.0659204405285863
46,Adrián González,gonzaad01,2010,0.3793954198473282,23.225082799389313
47,Derek Jeter,jeterde01,2006,0.39223579545454546,16.73275578920454
48,Vladimir Guerrero,guerrvl01,2007,0.39623892405063293,14.510524569936685
49,Lance Berkman,berkmla01,2011,0.4075719298245614,8.442133604210525
50,Mike Trout,troutmi01,2012,0.40900157480314964,7.717072936062976
51,Jim Thome,thomeji01,2006,0.42083277591973245,1.1295012996655416
52,Matt Carpenter,carpema01,2013,0.38107152875175315,20.366749107433378
53,Ryan Braun,braunry02,2009,0.40346676096181044,8.725401956718535
54,Chipper Jones,jonesch06,2007,0.43372372881355936,-6.44812278000002
55,Chase Headley,headlch01,2012,0.3776743185078909,21.57592020459112
56,Ryan Braun,braunry02,2012,0.41335800604229606,3.638131535045325
57,Todd Helton,heltoto01,2007,0.40116066066066064,9.6188363036036
58,Joey Votto,vottojo01,2009,0.41797191011235957,1.0104108235954925
59,Adrián González,gonzaad01,2011,0.4071323741007194,6.4019846961151075
60,Mike Trout,troutmi01,2015,0.4148502994011976,2.1717362395209605
61,Buster Posey,poseybu01,2012,0.4064179104477612,6.379335552238786
62,Prince Fielder,fieldpr01,2007,0.4186,0.12626123999998384
63,Robinson Canó,canoro01,2013,0.3839338345864662,17.275119329924813
64,Shin-Soo Choo,choosh01,2013,0.39262642045454543,12.827378211079562
65,Prince Fielder,fieldpr01,2012,0.3983586309523809,9.910317975892895
66,Joey Votto,vottojo01,2013,0.4001272984441301,8.575689570014148
67,Giancarlo Stanton,stantmi03,2014,0.4031123778501628,6.90265255276875
68,Miguel Cabrera,cabremi01,2007,0.40304115853658534,6.438274074695123
69,Matt Holliday,hollima01,2013,0.38270184254606365,16.47132059999999
70,Chipper Jones,jonesch06,2008,0.4453861003861003,-15.061251517374487
71,Hanley Ramírez,ramirha01,2009,0.40688383045525905,3.6762979262166198
72,Albert Pujols,pujolal01,2007,0.41892694063926944,-2.6072635479452373
73,Andrew McCutchen,mccutan01,2012,0.40296666666666664,5.365532420000001
74,Manny Ramírez,ramirma02,2006,0.4360018450184502,-11.177560416605168
75,Paul Konerko,konerpa01,2010,0.4168846153846154,-1.7757606692307917
76,Chase Utley,utleych01,2009,0.3944005847953216,9.440000464912302
77,Joe Mauer,mauerjo01,2012,0.37568095238095234,18.592935362857155
78,Andrew McCutchen,mccutan01,2015,0.3802882615156018,16.088513217830595
79,Jason Bay,bayja01,2009,0.3952018927444795,8.599212992429031
80,Miguel Cabrera,cabremi01,2015,0.4133427419354839,-0.6342338685484137
81,José Abreu,abreujo02,2014,0.4112965403624382,0.29920781515652095
82,Allen Craig,craigal01,2013,0.36337254901960775,24.089187623529448
83,Kris Bryant,bryankr01,2015,0.37078307692307694,20.342689077846146
84,Ryan Howard,howarry01,2009,0.39234820143884896,9.486534070215818
85,Miguel Cabrera,cabremi01,2012,0.4173838235294117,-3.115447909705871
86,Jason Giambi,giambja01,2006,0.40649206349206346,2.002246676190481
87,Jim Thome,thomeji01,2007,0.4117752380952381,-0.7002208022857062
88,Matt Holliday,hollima01,2008,0.40914100486223665,0.19733467747163758
89,Grady Sizemore,sizemgr01,2008,0.37586456908344734,16.801096421067015
90,Josh Hamilton,hamiljo03,2012,0.38682182985553776,11.26064055537718
91,Jermaine Dye,dyeje01,2006,0.4178912685337726,-4.489254952224037
92,Jayson Werth,werthja01,2014,0.37678594249201275,15.96025621597446
93,David Wright,wrighda03,2007,0.4133234042553191,-2.514561806808473
94,Chase Utley,utleych01,2007,0.4187512274959083,-5.299377702454969
95,Carlos González,gonzaca01,2010,0.41305095541401277,-2.5782919961783506
96,José Bautista,bautijo02,2014,0.40177458396369137,2.6617723724659683
97,Josh Hamilton,hamiljo03,2008,0.3836100719424461,11.717054590791342
98,Jason Heyward,heywaja01,2010,0.3771578099838969,14.904260516908224
99,Victor Martinez,martivi01,2011,0.36873344651952455,18.97784574804757
100,Garrett Atkins,atkinga01,2006,0.40914078374455737,-1.2625547268505386
101,Michael Brantley,brantmi02,2014,0.38867410714285716,8.854193322321414
102,Miguel Cabrera,cabremi01,2014,0.3839081481481481,11.117966828444459
103,Justin Morneau,morneju01,2008,0.37071551724137936,17.70648017413791
104,Chris Davis,davisch02,2015,0.3896882530120482,8.196951431024111
105,Nate McLouth,mclouna01,2008,0.36431988041853514,20.7753640986547
106,Adrián González,gonzaad01,2009,0.4034954407294833,1.1210572948328092
107,David Ortiz,ortizda01,2013,0.3996719022687609,3.0234635267015477
108,Justin Morneau,morneju01,2006,0.39004754601226993,7.807245072699395
109,Carlos Quentin,quentca01,2008,0.41457469244288225,-4.700414365202107
110,Kevin Youkilis,youklke01,2008,0.40622312703583063,-0.5432402908795027
111,Kevin Youkilis,youklke01,2009,0.4131494845360825,-4.177572972164967
112,José Bautista,bautijo02,2015,0.38851807228915664,8.052236744578295
113,Mark Teixeira,teixema01,2007,0.4068701067615658,-1.5568379405694017
114,Ben Zobrist,zobribe01,2009,0.40705050505050505,-1.677067139393948
115,Edwin Encarnación,encared01,2013,0.38764332247557,7.709757384690562
116,Josh Donaldson,donaljo02,2013,0.3840165413533835,9.41375216751878
117,Joe Mauer,mauerjo01,2008,0.37886538461538466,11.980188719230746
118,Andrew McCutchen,mccutan01,2014,0.4115609375,-4.563034802187502
119,Robinson Canó,canoro01,2010,0.39097653958944284,5.452593513782979
120,Brad Hawpe,hawpebr01,2007,0.3920488215488216,4.916273891919168
121,Ryan Ludwick,ludwiry01,2008,0.40826916802610114,-3.306601656443725
122,Mark Teixeira,teixema01,2009,0.40219054441260743,-0.5362771510028495
123,Carl Crawford,crawfca02,2010,0.3685115207373272,16.228845611981583
124,David Wright,wrighda03,2008,0.39611506849315065,2.31247298301372
125,Edwin Encarnación,encared01,2015,0.39152342487883685,4.459059757996755
126,Robinson Canó,canoro01,2011,0.3743059701492537,12.98065555074627
127,Matt Carpenter,carpema01,2015,0.3723439393939394,13.951997802727277
128,Matt Holliday,hollima01,2009,0.3909471299093656,4.28730325347432
129,Jason Bay,bayja01,2008,0.38400750750750756,7.478270595495459
130,Matt Holliday,hollima01,2014,0.36045701357466065,19.037441074208132
131,Ryan Howard,howarry01,2007,0.39682218597063623,0.6887964384991747
132,Curtis Granderson,grandcu01,2011,0.3930101892285298,2.5954298882096296
133,José Abreu,abreujo02,2015,0.36108523592085234,18.48322523926941
134,Aubrey Huff,huffau01,2010,0.386475113122172,5.67405668506786
135,Carlos Beltrán,beltrca01,2011,0.3906802030456853,3.560811155329958
136,Andrew McCutchen,mccutan01,2013,0.39272658610271904,2.467278699395756
137,Nelson Cruz,cruzne02,2015,0.3960015479876161,0.2892521482972157
138,Joe Mauer,mauerjo01,2006,0.39563032367972745,0.43492614821121833
139,Shin-Soo Choo,choosh01,2010,0.38605354330708663,5.144911826141723
140,Ryan Braun,braunry02,2010,0.3780673499267936,8.84933901610541
141,Adam Lind,lindad01,2009,0.39586553323029366,-0.10271781298300908
142,Josh Willingham,willijo03,2012,0.38001472995090013,7.815324570540106
143,Matt Holliday,hollima01,2010,0.3973368421052632,-0.848617370526334
144,Carlos Beltrán,beltrca01,2008,0.37458670520231224,10.490241253757176
145,Ryan Howard,howarry01,2008,0.36744216691068815,14.053700679648607
146,Lance Berkman,berkmla01,2007,0.38378234398782346,5.80088986757989
147,Melky Cabrera,cabreme01,2014,0.35399350649350647,20.620271435064936
148,David Wright,wrighda03,2012,0.37583792048929665,9.614425157798166
149,Todd Helton,heltoto01,2006,0.37642744479495266,9.269564790220826
150,Paul Goldschmidt,goldspa01,2012,0.36322469982847333,15.783136850771896
151,Shin-Soo Choo,choosh01,2015,0.36503846153846153,14.665953823076926
152,Adam Dunn,dunnad01,2007,0.3983862179487179,-2.0234801182692337
153,Carlos Santana,santaca01,2013,0.3641556603773585,14.837501478301881
154,Hunter Pence,pencehu01,2011,0.377390977443609,8.187637941353394
155,David Ortiz,ortizda01,2014,0.3690637931034483,12.32261742034482
156,Matt Holliday,hollima01,2012,0.3784846715328467,7.560608687299286
157,Adam Dunn,dunnad01,2009,0.3952592024539877,-0.8594514101226949
158,Hanley Ramírez,ramirha01,2008,0.4029210526315789,-4.801652963157885
159,Aramis Ramírez,ramirar01,2012,0.383786283891547,4.658919259330155
160,Milton Bradley,bradlmi01,2008,0.4241491935483871,-15.729260029838706
161,Michael Cuddyer,cuddymi01,2013,0.39608785046728967,-1.763913469532696
162,Curtis Granderson,grandcu01,2015,0.3567260677466863,17.59353556377026
163,Matt Holliday,hollima01,2006,0.4103870481927711,-9.285894578614482
164,Alex Gordon,gordoal01,2011,0.38241107871720115,4.56675095568513
165,Carlos Delgado,delgaca01,2006,0.3765864909390445,7.2200152210873085
166,Aubrey Huff,huffau01,2008,0.3864816513761468,2.2107864688073136
167,Yadier Molina,molinya01,2012,0.3754838129496403,7.661537921942454
168,Grady Sizemore,sizemgr01,2006,0.38331671159029657,3.693783640700765
169,Mike Morse,morsemi01,2011,0.3900491228070175,0.3264564126316216
170,Jimmy Rollins,rolliji01,2007,0.3708395860284605,9.914425110737419
171,Álex Rodríguez,rodrial01,2010,0.36474747474747476,12.911495696969695
172,Ryan Howard,howarry01,2011,0.3552659235668789,17.563850913694303
173,Jayson Werth,werthja01,2013,0.40263327032136104,-6.217713863516046
174,Frank Thomas,thomafr04,2006,0.39166726618705033,-0.8628848600719436
175,Chase Utley,utleych01,2006,0.38773983739837403,1.0714838439024064
176,Carlos Guillén,guillca01,2006,0.3909183006535948,-0.7982773156862706
177,Anthony Rizzo,rizzoan01,2014,0.39666830870279146,-3.8042392916256063
178,David Wright,wrighda03,2006,0.38233641975308646,3.254092875925906
179,Yoenis Céspedes,cespeyo01,2015,0.3672101341281669,10.819755727570808
180,Adrián González,gonzaad01,2007,0.36098452883263016,13.743595561181408
181,Nick Markakis,markani01,2008,0.39182753623188404,-1.8030465834782632
182,Pablo Sandoval,sandopa01,2009,0.39886774193548385,-5.3543223335483745
183,Ryan Zimmerman,zimmery01,2010,0.3896331658291457,-0.8254957999999775
184,Justin Upton,uptonju01,2011,0.3852406015037594,1.2815181639097943
185,Mark Teixeira,teixema01,2011,0.3609882525697504,13.33173307224667
186,Jorge Posada,posadjo01,2007,0.41758075601374567,-15.08394696082474
187,Paul Konerko,konerpa01,2006,0.393925,-3.252127905000016
188,Adrián González,gonzaad01,2013,0.34614488188976383,20.63589131779524
189,Carlos González,gonzaca01,2011,0.3796647940074906,3.8203508415730596
190,Bobby Abreu,abreubo01,2009,0.3627848484848485,12.26313580181818
191,Nolan Arenado,arenano01,2015,0.3710751533742332,8.026602192331268
192,Hunter Pence,pencehu01,2013,0.35648538011695907,15.213919477192988
193,Prince Fielder,fieldpr01,2010,0.3809942611190818,2.935395796556655
194,Jason Kipnis,kipnija01,2013,0.35682615384615385,14.883475839692302
195,Hunter Pence,pencehu01,2014,0.34059007092198573,22.994222233191522
196,Mark Teixeira,teixema01,2010,0.3692266288951841,8.581172396034027
197,David Peralta,peralda01,2015,0.3798019417475728,3.211754122718432
198,Allen Craig,craigal01,2012,0.3738343079922027,6.096565208187158
199,Robinson Canó,canoro01,2014,0.3608372093023256,12.587279869767428
200,Nick Johnson,johnsni01,2006,0.4040540098199673,-9.108320308019657
201,Álex Rodríguez,rodrial01,2006,0.38931681681681685,-1.8172685900900944
202,Andrew McCutchen,mccutan01,2011,0.3595408618127786,13.005669586032688
203,Garrett Jones,jonesga02,2012,0.35206627680311886,16.714207356725176
204,Miguel Montero,montemi01,2012,0.3636507936507937,10.730018952380924
205,Raúl Ibañez,ibanera01,2007,0.35719462025316456,13.939181249683543
206,Bobby Abreu,abreubo01,2008,0.3691612903225807,7.923852567741903
207,Buster Posey,poseybu01,2014,0.3708733333333334,7.067545835999965
208,Pat Burrell,burrepa01,2007,0.3921189279731993,-3.6787909999999826
209,AJ Pollock,polloaj01,2015,0.37084992570579495,6.939253549479943
210,David Wright,wrighda03,2009,0.36583606557377046,9.407018924590183
211,Chase Utley,utleych01,2010,0.369505905511811,7.481487560236232
212,Derrek Lee,leede02,2007,0.3941401869158878,-4.949757213084098
213,Matt Kemp,kempma01,2009,0.3616732223903177,11.009134045990919
214,Todd Helton,heltoto01,2009,0.3938453125,-5.142270879062494
215,Jason Bay,bayja01,2006,0.39233823529411765,-4.4184811970588385
216,Aramis Ramírez,ramirar01,2008,0.3856489028213166,-1.1227005178683243
217,Hanley Ramírez,ramirha01,2007,0.4051144492131617,-10.87871667381976
218,Jayson Werth,werthja01,2010,0.39571981424148617,-6.209834041795716
219,Joey Votto,vottojo01,2008,0.37485344827586203,4.026825277586212
220,Adrián González,gonzaad01,2012,0.34571575846833574,18.5905245204713
221,Buster Posey,poseybu01,2015,0.3632773246329527,9.786815681239787
222,Carlos Beltrán,beltrca01,2007,0.3691776,6.805695011840001
223,Albert Pujols,pujolal01,2011,0.3837578616352201,-0.6268648773584573
224,Johnny Damon,damonjo01,2008,0.3687777777777777,6.705672733333358
225,Aramis Ramírez,ramirar01,2007,0.38620000000000004,-2.0583409200000276
226,Alfonso Soriano,soriaal01,2006,0.3766985915492958,2.693946239999981
227,Evan Longoria,longoev01,2011,0.36691725352112675,7.566244825000005
228,David Ortiz,ortizda01,2011,0.40693929173693083,-12.601441954468783
229,Carl Crawford,crawfca02,2007,0.35472330097087384,13.495252612621336
230,Yoenis Céspedes,cespeyo01,2012,0.36768598130841124,6.991752861308406
231,Adrian Beltré,beltrad01,2014,0.3802346089850249,0.5953484216306251
232,Adrián González,gonzaad01,2008,0.36927859237536653,6.065181998826986
233,Adrián González,gonzaad01,2015,0.3542341772151899,13.47989597848101
234,Yadier Molina,molinya01,2013,0.3621638733705772,9.493726813407857
235,Kendrys Morales,moralke01,2009,0.387421568627451,-3.1793287470588325
236,Michael Young,youngmi02,2011,0.3692727272727272,5.858115527272751
237,Nick Johnson,johnsni01,2009,0.3763796133567662,2.2634884780316753
238,Chase Utley,utleych01,2008,0.3884624277456648,-3.8699317132948288
239,Edwin Encarnación,encared01,2014,0.389009328358209,-4.163473133208981
240,Yasiel Puig,puigya01,2014,0.3794992125984252,0.5331691319685206
241,Aramis Ramírez,ramirar01,2011,0.3747487922705314,2.7991707159420542
242,Lance Berkman,berkmla01,2009,0.3874653284671533,-3.6612159572992944
243,Jayson Werth,werthja01,2009,0.3776167664670659,1.0847058131736418
244,Carlos Delgado,delgaca01,2008,0.36545577211394303,7.117229011394301
245,Evan Longoria,longoev01,2010,0.37547611710323575,2.0953871272727334
246,Dan Uggla,ugglada01,2010,0.38163839285714285,-1.0067773848214188
247,Ryan Braun,braunry02,2015,0.36580817051509773,6.830971101243321
248,Mike Lowell,lowelmi01,2007,0.3789337442218798,0.21599752727271593
249,José Reyes,reyesjo01,2011,0.37630260869565224,1.4520036375651912
250,Brian McCann,mccanbr01,2009,0.3594587155963303,9.866756379816508
251,Aramis Ramírez,ramirar01,2006,0.38142835365853667,-1.1317227929878406
252,Lucas Duda,dudalu01,2014,0.3611122448979592,9.019716251020423
253,Grady Sizemore,sizemgr01,2007,0.3733667117726658,2.790441219485789
254,Derek Jeter,jeterde01,2007,0.3707740112994351,3.9372233999999757
255,Brandon Moss,mossbr01,2013,0.3692768924302789,4.476032254581657
256,Anthony Rendon,rendoan01,2014,0.36081885125184093,8.616461953460963
257,Jack Cust,custja01,2007,0.3965405940594059,-9.250360692673247
258,Shin-Soo Choo,choosh01,2009,0.3842044117647059,-3.140214337352951
259,Adrián González,gonzaad01,2014,0.35148233486943165,13.096275608294935
260,Ben Zobrist,zobribe01,2011,0.3584828614008942,9.584846054843506
261,Justin Morneau,morneju01,2014,0.3728827838827839,2.332485786813173
262,Victor Martinez,martivi01,2007,0.3732053712480253,2.111138361137442
263,Andre Ethier,ethiean01,2012,0.349985294117647,13.645045391176502
264,Adam Dunn,dunnad01,2008,0.3842100313479624,-3.4830250652037797
265,Robinson Canó,canoro01,2012,0.39434352256186317,-8.611458911790379
266,Dustin Pedroia,pedrodu01,2011,0.3750138312586445,1.0566070663900575
267,Andruw Jones,jonesan01,2006,0.37491515151515153,1.0859633781817983
268,Carlos Peña,penaca01,2008,0.3755966666666667,0.7050922619999973
269,Jason Bartlett,bartlja01,2009,0.38288413547237077,-2.9498562331550957
270,Josh Donaldson,donaljo02,2014,0.35056086956521737,13.18716177652174
271,Brad Hawpe,hawpebr01,2008,0.3808348134991119,-1.99485382948491
272,Corey Hart,hartco01,2010,0.3726045751633987,2.101636496078438
273,Mark DeRosa,derosma01,2008,0.374243654822335,1.1018235959390985
274,Nick Swisher,swishni01,2006,0.36934389140271495,3.49252160633484
275,Adam Lind,lindad01,2015,0.3505204991087344,12.877353730481282
276,Troy Tulowitzki,tulowtr01,2010,0.40626335877862596,-15.073362864885496
277,Adam Dunn,dunnad01,2010,0.3808495297805643,-2.3922144219436063
278,Raúl Ibañez,ibanera01,2009,0.3781723518850988,-1.0631794563734402
279,Troy Tulowitzki,tulowtr01,2011,0.38904553119730184,-6.51158058414838
280,Andre Ethier,ethiean01,2008,0.383020168067227,-3.5078951936135034
281,Mookie Betts,bettsmo01,2015,0.3514015384615385,12.30668727292306
282,Jason Kubel,kubelja01,2009,0.38477855887521967,-4.417383545518444
283,Freddie Freeman,freemfr01,2014,0.3739900568181818,0.8386648474431873
284,Kendrys Morales,moralke01,2015,0.3638677165354331,5.86152137070864
285,Josh Hamilton,hamiljo03,2011,0.3692019047619048,3.153538581714262
286,Chipper Jones,jonesch06,2011,0.34759561752988044,13.930281805179309
287,Mark Teixeira,teixema01,2006,0.37356083916083915,0.9233451837762203
288,Miguel Cabrera,cabremi01,2009,0.4020372578241431,-13.369608319225055
289,J.D. Martinez,martijd02,2015,0.3722969230769231,1.4955137941538368
290,Justin Upton,uptonju01,2009,0.3847534246575343,-4.7848122493151095
291,Howie Kendrick,kendrho01,2014,0.32763046757164405,23.66618297828055
292,Raúl Ibañez,ibanera01,2008,0.3592284482758621,7.67192840258619
293,Carlos Lee,leeca01,2006,0.3749404934687954,-0.19671182060958614
294,Álex Rodríguez,rodrial01,2015,0.3610195121951219,6.70609805170735
295,Alex Avila,avilaal01,2011,0.38343599257884964,-4.54587672578846
296,Mark Reynolds,reynoma01,2009,0.38051289833080426,-3.213842614264042
297,Corey Hart,hartco01,2007,0.3780716845878136,-2.032829036559118
298,Ryan Zimmerman,zimmery01,2009,0.377266081871345,-1.6698934649122705
299,Ryan Zimmerman,zimmery01,2012,0.35210426540284356,10.885206727962096
300,Hanley Ramírez,ramirha01,2010,0.3691993410214168,2.3148208790774234
301,Scott Rolen,rolensc01,2006,0.37420783645655875,-0.21026125383305327
302,J.D. Drew,drewj.01,2006,0.380225641025641,-3.220166104615359
303,Chase Utley,utleych01,2013,0.3558956356736243,8.918889950284626
304,José Reyes,reyesjo01,2006,0.3583625899280576,7.595001828489181
305,Michael Brantley,brantmi02,2015,0.3678214285714286,2.854006664285702
306,Aaron Hill,hillaa01,2012,0.37549848484848475,-1.085800471818139
307,Brian McCann,mccanbr01,2008,0.3856748681898067,-6.2356875279437745
308,Raúl Ibañez,ibanera01,2006,0.3622587719298246,5.456261723684197
309,Ian Kinsler,kinslia01,2008,0.38500347826086956,-5.939880709913041
310,Adam LaRoche,larocad01,2014,0.3564367417677643,8.318246754939338
311,Ichiro Suzuki,suzukic01,2007,0.3620194714881781,5.5059518119610225
312,Adrian Beltré,beltrad01,2012,0.3876857585139319,-7.371467704334375
313,Gary Matthews,matthga02,2006,0.3694861313868613,1.7113779170802985
314,Prince Fielder,fieldpr01,2008,0.37135407407407406,0.6770953742222403
315,Michael Cuddyer,cuddymi01,2006,0.3682412698412698,2.174016083809544
316,Matt Holliday,hollima01,2011,0.3948125,-11.126025762500007
317,Christian Yelich,yelicch01,2014,0.3408012232415902,15.798610895412853
318,Carlos Beltrán,beltrca01,2013,0.3589799331103679,6.706227387959846
319,Adam LaRoche,larocad01,2006,0.3811960072595281,-4.455510884573513
320,David Murphy,murphda07,2012,0.368740234375,1.754450689453133
321,Russell Martin,martiru01,2007,0.3684959612277867,1.8166279589660803
322,Martín Prado,pradoma01,2012,0.3453567251461988,13.370100996491242
323,Brandon Belt,beltbr01,2013,0.36476678445229677,3.551837627561863
324,Miguel Cabrera,cabremi01,2008,0.3762286135693216,-2.230986471681426
325,Asdrúbal Cabrera,cabreas01,2009,0.35088947368421053,10.402804971578945
326,Plácido Polanco,polanpl01,2007,0.3716053459119497,0.03141759339620265
327,Delmon Young,youngde03,2010,0.35418585526315793,8.674065004934203
328,Shane Victorino,victosh01,2011,0.3678929188255613,1.7782496269429977
329,Andre Ethier,ethiean01,2009,0.3713911111111111,-0.07142931466666269
330,Jack Cust,custja01,2008,0.3723008403361344,-0.5364454880671978
331,Jonathan Lucroy,lucrojo01,2014,0.3684217791411043,1.3537313610429464
332,Jay Bruce,bruceja01,2013,0.34430893118594436,13.164172539092249
333,David DeJesus,dejesda01,2008,0.3579842105263158,6.2942545673684265
334,Álex Rodríguez,rodrial01,2008,0.4092940170940171,-19.389196930256407
335,José Reyes,reyesjo01,2008,0.35892666666666667,5.742869483999996
336,Freddy Sánchez,sanchfr01,2006,0.364808988764045,2.7707284404494175
337,Matt Carpenter,carpema01,2014,0.3385673758865248,15.855906731914907
338,David Ortiz,ortizda01,2015,0.378685618729097,-4.269898388628764
339,Kelly Johnson,johnske05,2007,0.3644179104477612,2.8563327522388136
340,Albert Pujols,pujolal01,2012,0.35976758409785936,5.182270671559621
341,Gaby Sánchez,sanchga01,2010,0.3451598746081505,12.468559060815021
342,Nick Swisher,swishni01,2010,0.3790854430379747,-4.499877153797474
343,Buster Posey,poseybu01,2013,0.35683986371379905,6.556618621805743
344,Paul Konerko,konerpa01,2011,0.38439549839228293,-7.335789486173621
345,Ryan Zimmerman,zimmery01,2013,0.35331854199683044,8.187866132488097
346,Rickie Weeks,weeksri01,2010,0.36762068965517236,1.0044095655172782
347,Aaron Hill,hillaa01,2009,0.35687978142076504,6.346653118032776
348,Adam LaRoche,larocad01,2012,0.36091562499999996,4.298058956875028
349,Kevin Youkilis,youklke01,2007,0.373688,-2.1202564208000148
350,Andre Ethier,ethiean01,2010,0.36785365853658536,0.7778863121951218
351,Carlos González,gonzaca01,2012,0.37370246478873237,-2.2474912249999974
352,Evan Longoria,longoev01,2009,0.3772712121212122,-4.122459444545473
353,Billy Butler,butlebi03,2012,0.3769671641791045,-4.040384819104471
354,Joe Mauer,mauerjo01,2010,0.3769175438596491,-4.225566392631563
355,Torii Hunter,hunteto01,2009,0.3752609561752988,-3.43699656294822
356,Jose Altuve,altuvjo01,2014,0.3628011444921316,2.7549850832618255
357,B.J. Upton,uptonbj01,2007,0.3860828729281767,-9.029757870718203
358,Eric Hosmer,hosmeer01,2013,0.3495155555555556,9.209992930666651
359,Hideki Matsui,matsuhi01,2010,0.35777919708029193,5.066795445620457
360,Ben Zobrist,zobribe01,2012,0.3654476479514416,1.231292446130496
361,Miguel Montero,montemi01,2011,0.3526291512915129,7.572676337638377
362,Troy Tulowitzki,tulowtr01,2013,0.4001301775147929,-16.195750444970432
363,Prince Fielder,fieldpr01,2013,0.35844837340876945,4.512095796605379
364,Ryan Braun,braunry02,2008,0.37628528072837636,-4.409329491957536
365,Dan Uggla,ugglada01,2008,0.375278955954323,-3.9759994512234798
366,Carlos Gómez,gomezca01,2013,0.3629965928449745,2.007228345144771
367,Victor Martinez,martivi01,2009,0.3752436472346786,-4.138339208968617
368,Josh Willingham,willijo03,2007,0.3632205638474295,1.865205530348252
369,Vladimir Guerrero,guerrvl01,2006,0.3857640625,-9.450299542812505
370,Carlos Gómez,gomezca01,2014,0.3675769828926905,-0.3737297716951602
371,Torii Hunter,hunteto01,2012,0.3563848797250859,5.1841864164948355
372,Johnny Damon,damonjo01,2009,0.3722295345104334,-2.7507806956661334
373,Carl Crawford,crawfca02,2006,0.354721875,5.965965835624996
374,Justin Morneau,morneju01,2009,0.371659169550173,-2.575503192733546
375,Frank Thomas,thomafr04,2007,0.3731803542673108,-3.466348980676319
376,Brandon Phillips,phillbr01,2011,0.35325525525525525,6.439520046846837
377,Chipper Jones,jonesch06,2009,0.35450865051903113,5.80261359930795
378,Ian Kinsler,kinslia01,2009,0.350806907378336,7.654101880062786
379,Carlos González,gonzaca01,2015,0.3635757071547421,1.037574709816976
380,Ryan Zimmerman,zimmery01,2006,0.35080712166172107,7.383994702670634
381,Ryan Howard,howarry01,2010,0.3681789819376026,-1.3148295871921292
382,Álex Rodríguez,rodrial01,2009,0.4012746212121212,-17.88816295795453
383,David Ortiz,ortizda01,2010,0.38227871621621623,-8.457045742229727
384,Shane Victorino,victosh01,2009,0.3520130624092888,6.6608234191581985
385,David Wright,wrighda03,2010,0.36590922844175494,-0.32957469833587894
386,Ray Durham,durhara01,2006,0.37761060329067647,-6.182211571846469
387,Travis Hafner,hafnetr01,2007,0.36183333333333334,1.6890518999999884
388,Brad Hawpe,hawpebr01,2006,0.37923581560283687,-7.015088488297856
389,Kevin Youkilis,youklke01,2011,0.36575486381322964,-0.34236666692609674
390,Curtis Granderson,grandcu01,2007,0.38750898203592815,-11.233050014371265
391,Justin Upton,uptonju01,2014,0.36351486697965574,0.7380049333333076
392,Adrian Beltré,beltrad01,2011,0.38086095238095236,-7.97792762514284
393,Billy Butler,butlebi03,2011,0.35239513677811546,6.199722581155029
394,Shane Victorino,victosh01,2013,0.35282567049808433,5.95438399425284
395,Domonic Brown,browndo01,2013,0.3509682242990655,6.863416544299042
396,Chone Figgins,figgich01,2007,0.36532534930139726,-0.34753785389224845
397,Hideki Matsui,matsuhi01,2009,0.37954476190476194,-7.489613109714298
398,Giancarlo Stanton,stantmi03,2013,0.36812825651302605,-1.799458424048101
399,Conor Jackson,jacksco01,2008,0.3624769736842105,1.0171244940789599
400,Nelson Cruz,cruzne02,2014,0.3698253731343284,-2.6682994743283714
401,Brian Roberts,roberbr01,2008,0.3635802292263611,0.43531292063034144
402,Alex Gordon,gordoal01,2014,0.34598119122257054,9.237763922257049
403,Carlos Peña,penaca01,2011,0.35592140468227423,4.2560011528428205
404,Giancarlo Stanton,stantmi03,2011,0.38112436974789915,-8.559680193949585
405,Justin Upton,uptonju01,2013,0.356871473354232,3.5108085354231697
406,Carlos Quentin,quentca01,2010,0.35770992366412213,3.0714436946564803
407,Nomar Garciaparra,garcino01,2006,0.3685894941634241,-2.3801540914396853
408,Vernon Wells,wellsve01,2006,0.37965731166912847,-7.925906742688316
409,Michael Young,youngmi02,2007,0.34567394468704515,8.991438377292564
410,Carlos Beltrán,beltrca01,2012,0.3547545605306799,4.359617624875639
411,Ichiro Suzuki,suzukic01,2009,0.367266263237519,-1.8983181782148648
412,Vladimir Guerrero,guerrvl01,2010,0.3634780564263323,-0.033583657366776265
413,Chris Coghlan,coghlch01,2009,0.37417857142857136,-5.405623864285676
414,Jason Kipnis,kipnija01,2015,0.3548684627575277,4.162647535340739
415,Carlos Peña,penaca01,2009,0.3767030411449016,-6.76827929910554
416,Adam Jones,jonesad01,2013,0.3497751824817518,6.700136213722619
417,Josh Harrison,harrijo05,2014,0.3653802559414991,-1.1550003213893945
418,Kyle Seager,seageky01,2014,0.34627230769230766,8.402157187384631
419,Bobby Abreu,abreubo01,2010,0.34735843373493974,7.828913217469879
420,Dexter Fowler,fowlede01,2012,0.3753269598470363,-6.180009395028648
421,Justin Upton,uptonju01,2015,0.33980781758957657,11.54547922280128
422,Brian Giles,gilesbr02,2008,0.37741013824884795,-7.291945653456246
423,Troy Glaus,glaustr01,2008,0.37307097791798105,-5.13164258391166
424,Joe Mauer,mauerjo01,2013,0.3829940119760479,-10.114812790419158
425,Shin-Soo Choo,choosh01,2012,0.3588746355685131,1.9388937014577117
426,Jason Heyward,heywaja01,2012,0.3507627118644068,5.946206999999998
427,Neil Walker,walkene01,2014,0.3558978873239436,3.2877637500000247
428,Dustin Pedroia,pedrodu01,2008,0.37726044568245126,-7.407074431476328
429,Matt Kemp,kempma01,2015,0.32496450617283956,18.72960782685182
430,Michael Young,youngmi02,2006,0.351903743315508,5.255501178609634
431,Hanley Ramírez,ramirha01,2014,0.36209019607843135,0.16057773411766618
432,Marlon Byrd,byrdma01,2013,0.36385937500000004,-0.7543064718750117
433,Austin Jackson,jacksau01,2012,0.3715837398373984,-4.637775769756107
434,Billy Butler,butlebi03,2009,0.36926008968609864,-3.5055635739910294
435,Chone Figgins,figgich01,2009,0.3568502080443828,2.701444733148403
436,Hideki Matsui,matsuhi01,2007,0.3688858954041205,-3.338404092234576
437,Manny Machado,machama01,2015,0.3701720733427362,-4.021707338787024
438,Evan Longoria,longoev01,2013,0.3602093704245974,0.9313039065885675
439,Josh Reddick,reddijo01,2015,0.33830902777777777,11.875123827083335
440,Felipe López,lopezfe01,2009,0.3588503703703704,1.4910303431111132
441,Brad Hawpe,hawpebr01,2009,0.3874302925989673,-12.813692186230615
442,Prince Fielder,fieldpr01,2015,0.3604226804123712,0.5446133752577147
443,Brian McCann,mccanbr01,2010,0.3615089928057554,-0.068723801079134
444,Curtis Granderson,grandcu01,2012,0.34564801178203236,7.854409150220945
445,Ángel Pagán,paganan01,2010,0.33439549839228294,13.482540513826379
446,Carlos Lee,leeca01,2011,0.34064186046511624,10.318318833488384
447,Pat Burrell,burrepa01,2006,0.3814519572953736,-10.13352854377223
448,Andrew McCutchen,mccutan01,2010,0.3585806451612903,1.275937883870995
449,Curtis Granderson,grandcu01,2008,0.37303668261563,-5.964489219138766
450,Garrett Atkins,atkinga01,2007,0.36829221732745954,-3.6514661471365244
451,Asdrúbal Cabrera,cabreas01,2011,0.3436550151975684,8.40123947568387
452,Casey McGehee,mcgehca01,2010,0.34702706766917296,6.674651455939848
453,Mitch Moreland,morelmi01,2015,0.34776608187134506,6.295021235087702
454,Carlos Guillén,guillca01,2007,0.36390161290322576,-2.045432460322562
455,Adam Eaton,eatonad02,2014,0.3401268656716418,9.785902028358208
456,Jason Kubel,kubelja01,2012,0.35175886524822697,3.9079643489361615
457,José Bautista,bautijo02,2013,0.37157414448669196,-6.012976495817476
458,Starling Marte,martest01,2015,0.33739712918660286,10.981225044976085
459,Ryan Ludwick,ludwiry01,2009,0.3369084112149533,11.175665451214936
460,Nick Markakis,markani01,2007,0.36564488636363635,-3.237359619886359
461,Miguel Tejada,tejadmi01,2006,0.37408869814020035,-7.490672247210323
462,Seth Smith,smithse01,2014,0.35661508704061895,1.23904440618956
463,Josh Willingham,willijo03,2011,0.3502357142857143,4.419793587142834
464,Starling Marte,martest01,2014,0.3585596330275229,0.17644745137614848
465,Brett Gardner,gardnbr01,2015,0.3269829984544049,15.950025405255044
466,Ryan Braun,braunry02,2014,0.3398457538994801,9.486504747660316
467,Ian Desmond,desmoia01,2012,0.3624212454212454,-1.8150020901098713
468,Matt Duffy,duffyma01,2015,0.33127049180327867,13.685564434426226
469,Ryan Roberts,roberry01,2011,0.33878909090909093,9.915012282909078
470,Corey Hart,hartco01,2012,0.35832520325203254,0.08370139512194186
471,Derek Jeter,jeterde01,2009,0.3845988700564972,-13.107509200000006
472,Troy Tulowitzki,tulowtr01,2009,0.3949839743589743,-18.31179150961535
473,Dan Uggla,ugglada01,2006,0.34954666666666667,4.364432191999988
474,Mike Moustakas,moustmi01,2015,0.35325944170771756,2.4774261231527035
475,Denard Span,spande01,2009,0.35941149773071107,-0.6396268208774814
476,Édgar Rentería,renteed01,2007,0.3789574861367837,-10.495877385582233
477,Yunel Escobar,escobyu01,2009,0.3595420875420875,-0.7949434828282698
478,Cody Ross,rossco01,2012,0.3446603053435114,6.638426921374069
479,Xavier Nady,nadyxa01,2008,0.37453388429752066,-8.3333394938843
480,Alfonso Soriano,soriaal01,2012,0.3495836065573771,4.135956092459011
481,Jason Heyward,heywaja01,2014,0.32934365325077397,14.239304721981423
482,Jimmy Rollins,rolliji01,2011,0.32456549520766775,16.599179784664525
483,Denard Span,spande01,2014,0.3414774096385543,8.050405044277085
484,Lyle Overbay,overbly01,2006,0.37459873617693523,-8.525776237914705
485,Álex Ríos,riosal01,2012,0.36147566718995283,-1.972055441130255
486,Kelly Johnson,johnske05,2010,0.37837931034482764,-10.43669316551728
487,Edwin Encarnación,encared01,2007,0.34860688405797097,4.354480064130453
488,Colby Rasmus,rasmuco01,2010,0.3687495219885278,-5.750194664627177
489,Kelly Johnson,johnske05,2008,0.34724543946932007,4.955429175124362
490,Freddie Freeman,freemfr01,2012,0.3425373376623377,7.2502644483766225
491,Raúl Ibañez,ibanera01,2010,0.34249440000000003,7.181740432959984
492,Daniel Nava,navada01,2013,0.3655377358490565,-4.39376651132071
493,Brian Giles,gilesbr02,2006,0.3422686357243319,7.24466018312236
494,Andrés Torres,torrean02,2010,0.35825754884547073,-0.7924601303730121
495,Ángel Pagán,paganan01,2012,0.333941717791411,11.299506414110436
496,Chase Utley,utleych01,2014,0.32464723926380373,15.938294138036785
497,Brett Gardner,gardnbr01,2013,0.33465058236272877,10.934956031613982
498,Carlos Lee,leeca01,2007,0.37132896652110625,-7.4303466663755415
499,Jon Jay,jayjo02,2012,0.34148775510204077,7.4752305889796204
500,Lorenzo Cain,cainlo01,2015,0.36024666666666666,-1.9473504280000071
501,Jorge Cantú,cantujo01,2009,0.34330516431924885,6.486223199999991
502,Stephen Drew,drewst01,2010,0.3550985691573927,0.5475559996820323
503,Geovany Soto,sotoge01,2008,0.37251885098743265,-8.20548713429083
504,Daniel Murphy,murphda08,2012,0.3179209225700165,19.0625730892916
505,Johnny Damon,damonjo01,2006,0.36171556886227546,-2.8720462449101802
506,Nick Swisher,swishni01,2012,0.3629323671497584,-3.540648107246355
507,Ken Griffey Jr.,griffke02,2007,0.36843185550082097,-6.481308497536915
508,Melky Cabrera,cabreme01,2011,0.3501106321839081,2.6223554767241097
509,Adam Dunn,dunnad01,2012,0.34623065015479876,4.492992896284825
510,James Loney,loneyja01,2009,0.33207656249999995,11.522394794687518
511,Brandon Belt,beltbr01,2015,0.35884476534296034,-1.906166209386317
512,Brian McCann,mccanbr01,2015,0.32675000000000004,14.136563449999986
513,Marlon Byrd,byrdma01,2010,0.3430826709062003,5.957506973926876
514,Kole Calhoun,calhoko01,2014,0.3413738317757009,6.802211231775701
515,Freddie Freeman,freemfr01,2011,0.34750316455696195,3.7265236943038396
516,Ben Zobrist,zobribe01,2015,0.34949436090225566,2.6505937883458586
517,Jacoby Ellsbury,ellsbja01,2014,0.3271764705882353,13.773257105882358
518,Ian Kinsler,kinslia01,2013,0.334127659574468,10.286504544680895
519,Daniel Murphy,murphda08,2013,0.3198892086330935,17.38810214129499
520,José Reyes,reyesjo01,2012,0.33503276353276357,9.763801775213658
521,Jacoby Ellsbury,ellsbja01,2013,0.34286624203821653,5.805757464968181
522,Freddy Sánchez,sanchfr01,2007,0.34063020030816643,6.884150854545428
523,Ian Kinsler,kinslia01,2011,0.3638521617852162,-4.750698662761508
524,Kenji Johjima,johjike01,2006,0.33779112754158963,8.274160227356766
525,Kevin Youkilis,youklke01,2006,0.35689264705882356,-1.3797818444117809
526,Adam LaRoche,larocad01,2009,0.359,-2.483809400000002
527,Adam LaRoche,larocad01,2010,0.34113911620294607,6.409608121767551
528,Jason Kipnis,kipnija01,2012,0.3153988005997001,19.244054259970053
529,Alfonso Soriano,soriaal01,2013,0.3403370786516854,6.760760516853921
530,Hunter Pence,pencehu01,2010,0.34239786585365856,5.660023588719504
531,Shane Victorino,victosh01,2007,0.3396388888888889,7.029971716666665
532,Adrian Beltré,beltrad01,2010,0.390811410459588,-18.634814410776563
533,Gary Sheffield,sheffga01,2007,0.3684280879864636,-7.479424112690353
534,Adam Eaton,eatonad02,2015,0.3463225806451613,3.56701233548387
535,Jason Heyward,heywaja01,2015,0.34559437086092715,3.901238547351003
536,Jimmy Rollins,rolliji01,2012,0.32228489208633093,15.529861293812964
537,Adrian Beltré,beltrad01,2013,0.3785132743362832,-12.623697479646005
538,Matt Kemp,kempma01,2008,0.34508923076923087,4.083892749538418
539,Édgar Rentería,renteed01,2006,0.3494,1.8477899600000107
540,Carlos Santana,santaca01,2014,0.3533038167938931,-0.14476881282442022
541,Matt Joyce,joycema01,2011,0.3526510721247564,0.1517122690058308
542,Luis Valbuena,valbulu01,2014,0.34203690036900364,5.4105664678967145
543,Dexter Fowler,fowlede01,2011,0.34987522603978305,1.4800977674502533
544,Yoenis Céspedes,cespeyo01,2014,0.32592834890965733,13.43752588224298
545,Martín Prado,pradoma01,2010,0.3534179566563468,-0.31185775975235686
546,Matt Kemp,kempma01,2014,0.36943456375838923,-8.342829677516765
547,Luke Scott,scottlu01,2009,0.35575848303393215,-1.5025108802395302
548,Michael Bourn,bournmi01,2012,0.3262328571428571,13.205221034571451
549,Yunel Escobar,escobyu01,2011,0.3476797945205479,2.418179285958903
550,Pablo Sandoval,sandopa01,2013,0.33115544041450773,10.633109296373092
551,Brian Roberts,roberbr01,2007,0.355816384180791,-1.871471100000008
552,Ichiro Suzuki,suzukic01,2006,0.33898231292517006,6.548369084081628
553,Jason Giambi,giambja01,2008,0.37760357142857137,-12.78869446928569
554,David Freese,freesda01,2012,0.36552389380530975,-6.76684318336283
555,Marcell Ozuna,ozunama01,2014,0.33770212765957447,7.108674995744693
556,Nick Markakis,markani01,2010,0.3526157142857143,-0.35060292085715616
557,Jim Thome,thomeji01,2008,0.3705497470489039,-9.3306071123103
558,Casey Blake,blakeca01,2009,0.35709712230215823,-2.602053531654658
559,Brett Gardner,gardnbr01,2010,0.3460994671403197,2.888606258614569
560,Dan Uggla,ugglada01,2012,0.32560320000000004,13.110154506879976
561,Brian Roberts,roberbr01,2009,0.3519523141654979,-0.09879233828891998
562,Marco Scutaro,scutama01,2012,0.32909063893016344,11.275854034472502
563,Alfonso Soriano,soriaal01,2010,0.35217830882352946,-0.28182731801474503
564,Melvin Mora,morame01,2008,0.3561524822695036,-2.2795761382978874
565,Chris Young,youngch04,2010,0.3495354449472096,1.0100449212669886
566,Jimmy Rollins,rolliji01,2006,0.34578439153439156,2.876196553174605
567,Ian Desmond,desmoia01,2014,0.32861882716049384,11.43183852314813
568,Corey Hart,hartco01,2011,0.37602193784277876,-12.317614176233999
569,Brandon Crawford,crawfbr01,2015,0.3317554347826087,9.763012153260867
570,Russell Martin,martiru01,2008,0.34948598130841124,0.8847849813083961
571,Trevor Plouffe,plouftr01,2014,0.3311775862068965,10.022032710689679
572,Neil Walker,walkene01,2011,0.3240426179604261,13.500705519634732
573,Adam Jones,jonesad01,2012,0.36089813486370154,-4.993193061119072
574,J.D. Drew,drewj.01,2009,0.3942626641651032,-21.7310162424015
575,Alfonso Soriano,soriaal01,2008,0.3682479674796748,-8.749333851219522
576,Pat Burrell,burrepa01,2008,0.3746169544740973,-11.93488842166406
577,Salvador Perez,perezsa02,2013,0.32879007633587787,10.946185405343517
578,Yadier Molina,molinya01,2011,0.352705304518664,-1.0154129630648008
579,Eric Hosmer,hosmeer01,2015,0.35455909090909093,-1.9626149990909312
580,Cristian Guzmán,guzmacr01,2008,0.3435262295081967,3.555653776065583
581,Jimmy Rollins,rolliji01,2008,0.3418016260162602,4.328242840975609
582,Chris Young,youngch04,2011,0.3294051987767584,10.528521705504605
583,Mike Cameron,camermi01,2006,0.35868829113924056,-4.13790303892408
584,Conor Jackson,jacksco01,2006,0.35249909584086797,-1.052274269801071
585,Nick Swisher,swishni01,2007,0.36240092879256963,-6.014840391021668
586,Luke Scott,scottlu01,2010,0.3869688109161793,-18.332874461988272
587,Scott Rolen,rolensc01,2009,0.3599400749063671,-4.924003469662939
588,Starling Marte,martest01,2013,0.3440430107526881,2.8771770580645324
589,Dmitri Young,youngdm01,2007,0.3746115537848605,-12.422187177290816
590,Michael Bourn,bournmi01,2011,0.32478431372549027,12.459734070588212
591,Álex Ríos,riosal01,2007,0.36600282485875707,-8.216388499999992
592,Torii Hunter,hunteto01,2010,0.3567890625,-3.637972307812502
593,Carlos Peña,penaca01,2010,0.32532525951557095,12.099171053979235
594,Daniel Murphy,murphda08,2015,0.32472537878787877,12.329211357954557
595,Adam Jones,jonesad01,2014,0.3403538913362702,4.472351373568289
596,Hanley Ramírez,ramirha01,2006,0.3584014388489209,-4.604429104172683
597,Ramón Hernández,hernara02,2006,0.35180645161290325,-1.325836761290324
598,Chris Davis,davisch02,2012,0.35171402877697844,-1.289609945683452
599,Charlie Blackmon,blackch02,2015,0.34487111111111113,2.122988917333336
600,Kyle Seager,seageky01,2013,0.3368328530259366,6.043457133717581
601,Geoff Jenkins,jenkige01,2006,0.34156124314442415,3.6684743246800675
602,Jorge Cantú,cantujo01,2008,0.34603976435935196,1.4084675955817403
603,Magglio Ordóñez,ordonma01,2006,0.3546391912908242,-2.942678534681166
604,Jonathan Lucroy,lucrojo01,2013,0.3449740484429065,1.8915031020761415
605,Neil Walker,walkene01,2012,0.3341382575757576,7.2612037784090635
606,Carl Crawford,crawfca02,2009,0.35788490284005986,-4.6860750448430775
607,Aaron Rowand,rowanaa01,2007,0.3837304860088365,-17.643172503387344
608,Coco Crisp,crispco01,2012,0.32392231075697214,12.230879164541813
609,Evan Longoria,longoev01,2014,0.3159636627906977,16.21152905843021
610,Shane Victorino,victosh01,2010,0.3310699844479005,8.625851516640747
611,Orlando Hudson,hudsoor01,2007,0.3594453781512605,-5.596572675630258
612,Billy Butler,butlebi03,2010,0.3732925373134328,-12.532459193432839
613,Mark Reynolds,reynoma01,2008,0.3381274509803921,5.015942476470608
614,Robinson Canó,canoro01,2015,0.33525560538116594,6.382343725560533
615,Kurt Suzuki,suzukku01,2014,0.3245159362549801,11.733967517529875
616,Randy Winn,winnra01,2008,0.3453757575757576,1.3005816109090755
617,Jhonny Peralta,peraljh01,2014,0.34345207667731625,2.2027425453674283
618,Austin Kearns,kearnau01,2007,0.33843946188340807,4.709885043946187
619,Mike Napoli,napolmi01,2013,0.3671182608695652,-9.644292337043476
620,Scott Rolen,rolensc01,2010,0.3692172284644195,-10.774125822471927
621,Chris Carter,cartech02,2014,0.34555653710247347,1.0601617296819832
622,Victor Martinez,martivi01,2006,0.369832298136646,-11.111763129192562
623,Daniel Murphy,murphda08,2014,0.3236494522691706,11.877353866666658
624,Orlando Hudson,hudsoor01,2009,0.34072977346278316,3.3243476883495138
625,Vladimir Guerrero,guerrvl01,2008,0.37407876712328764,-13.365705084246557
626,Adrián González,gonzaad01,2006,0.3648148148148148,-8.822185555555546
627,Starlin Castro,castrst01,2011,0.3376058906030856,4.786809557082723
628,David Ortiz,ortizda01,2009,0.34228617363344055,2.435888306752398
629,Todd Frazier,frazito01,2014,0.3499878419452887,-1.4762289471124355
630,Torii Hunter,hunteto01,2007,0.35433593750000003,-3.751001117187508
631,Lonnie Chisenhall,chiselo01,2014,0.33971238095238093,3.4732134411428692
632,Derrek Lee,leede02,2008,0.3594762589928058,-6.422018241151079
633,Albert Pujols,pujolal01,2014,0.33997222222222223,3.313249516666655
634,Anthony Rizzo,rizzoan01,2013,0.3247803806734993,10.901701251830163
635,Stephen Vogt,vogtst01,2015,0.3352633663366337,5.588461954851477
636,Bobby Abreu,abreubo01,2011,0.3214283246977547,12.428287692228004
637,Johnny Damon,damonjo01,2011,0.3264984472049689,9.8823817562112
638,Dee Strange-Gordon,gordode01,2015,0.3368713178294574,4.684218323720916
639,Kyle Seager,seageky01,2012,0.3211188271604938,12.553088023148156
640,Ike Davis,davisik02,2010,0.3461495798319328,0.023541564033619622
641,Conor Gillaspie,gillaco01,2014,0.32988645418326695,8.077813825099593
642,Jose Altuve,altuvjo01,2015,0.3472699115044248,-0.6268109194690492
643,Lucas Duda,dudalu01,2015,0.35876234003656304,-6.374939824131614
644,Adam LaRoche,larocad01,2008,0.35797257769652646,-6.019927079707463
645,Kendrys Morales,moralke01,2012,0.3388502879078695,3.544403588099806
646,Andre Ethier,ethiean01,2013,0.3404667896678967,2.7058833988930022
647,Kendrys Morales,moralke01,2013,0.3417772657450077,2.040427035023029
648,Billy Butler,butlebi03,2013,0.3452146118721461,0.2811813095890514
649,Adam Dunn,dunnad01,2006,0.36333731343283576,-8.783188712835788
650,Vernon Wells,wellsve01,2010,0.3634352574102964,-8.852177019032762
651,Magglio Ordóñez,ordonma01,2008,0.3776151368760064,-15.974479119806755
652,Nick Swisher,swishni01,2009,0.3761843853820598,-15.268865009634558
653,Brandon Phillips,phillbr01,2013,0.3069085365853658,19.370600745121976
654,Grady Sizemore,sizemgr01,2009,0.34604999999999997,-0.2066519299999925
655,Coco Crisp,crispco01,2013,0.3390466321243524,3.296198768911893
656,Marco Scutaro,scutama01,2009,0.3533318518518519,-3.8587910124444793
657,Richie Sexson,sexsori01,2006,0.3561094224924012,-5.308039075987814
658,Khalil Greene,greenkh01,2007,0.321234756097561,12.095104240853644
659,Starlin Castro,castrst01,2012,0.3233848396501458,11.019704260641376
660,Jorge Posada,posadjo01,2006,0.3734779411764706,-14.035192013235289
661,Adrian Beltré,beltrad01,2007,0.343320251177394,1.008677257456844
662,Bill Hall,hallbi03,2006,0.37445742904841406,-14.585099131886507
663,Russell Branyan,branyru01,2009,0.36814859437751,-11.439630744578317
664,Yoenis Céspedes,cespeyo01,2013,0.3180298769771529,13.618077733919163
665,Jacque Jones,jonesja05,2006,0.35185413005272403,-3.299683924428793
666,Orlando Cabrera,cabreor01,2007,0.3281074498567335,8.487612370487115
667,Dexter Fowler,fowlede01,2014,0.3474681274900398,-1.2859519350597512
668,Chris Johnson,johnsch05,2013,0.35443173431734315,-4.778915485608854
669,Nelson Cruz,cruzne02,2009,0.3630884086444008,-9.108694851080548
670,David DeJesus,dejesda01,2006,0.3506428571428571,-2.8938456714285365
671,Alberto Callaspo,callaal01,2009,0.35288730158730164,-4.0164418180952595
672,Nick Markakis,markani01,2015,0.32690814814814817,8.967463028444433
673,Derek Jeter,jeterde01,2012,0.34720873124147345,-1.2362105953615519
674,Curtis Granderson,grandcu01,2010,0.34367178502879075,0.5228517662188281
675,Marlon Byrd,byrdma01,2014,0.3297285714285714,7.476781505714275
676,Paul Konerko,konerpa01,2012,0.37082828282828284,-13.099921406060616
677,Josh Willingham,willijo03,2006,0.3640542907180385,-9.721796803852877
678,Danny Espinosa,espinda01,2011,0.32429429892141753,10.144823109090938
679,Orlando Hudson,hudsoor01,2006,0.3478923556942278,-1.7281367135725585
680,Troy Tulowitzki,tulowtr01,2007,0.36395103857566763,-9.780153530860526
681,Carlos Lee,leeca01,2009,0.3564246575342466,-6.025709115068514
682,Michael Young,youngmi02,2009,0.3850186125211506,-20.427450361421318
683,Dustin Pedroia,pedrodu01,2013,0.3466930555555556,-1.2682868408333459
684,Jay Bruce,bruceja01,2011,0.3492480739599384,-2.5462217090909203
685,Michael Bourn,bournmi01,2009,0.3297738095238095,7.174154921428558
686,Bobby Abreu,abreubo01,2007,0.3583490701001431,-7.188236005150246
687,Kosuke Fukudome,fukudko01,2008,0.3276804835924007,8.151166635233166
688,Dustin Pedroia,pedrodu01,2007,0.3637547826086956,-10.001992851130412
689,Randy Winn,winnra01,2007,0.34820588235294114,-2.254952276470563
690,Dustin Pedroia,pedrodu01,2012,0.34423424878836834,-0.2984738200323136
691,Andre Ethier,ethiean01,2011,0.345239852398524,-0.8014431586715887
692,Nelson Cruz,cruzne02,2011,0.35342773437499997,-4.916748248046861
693,Rickie Weeks,weeksri01,2011,0.35664970645792565,-6.568271070058726
694,Austin Kearns,kearnau01,2006,0.3582740384615385,-7.4007076855769345
695,Jermaine Dye,dyeje01,2008,0.37724454828660436,-16.949123085046736
696,Seth Smith,smithse01,2011,0.3549600760456274,-5.863174371482909
697,Manny Ramírez,ramirma02,2007,0.3760305755395683,-16.451934463669062
698,Pedro Álvarez,alvarpe01,2012,0.33511896551724135,3.9906864217241598
699,Michael Brantley,brantmi02,2012,0.3225594639865996,10.262529600000024
700,José Reyes,reyesjo01,2014,0.3211303680981595,10.947315631595105
701,Jean Segura,segurje01,2013,0.32905161290322577,6.985373549677435
702,Reed Johnson,johnsre02,2006,0.377083984375,-17.05881437929689
703,Jeff Keppinger,keppije01,2010,0.3317521968365554,5.584631665729333
704,Rafael Furcal,furcara02,2006,0.3546318681318681,-5.899015735164818
705,Mark DeRosa,derosma01,2007,0.351103690685413,-4.144339217574672
706,Mark Trumbo,trumbma01,2012,0.34568953687821613,-1.5863603159519908
707,Jed Lowrie,lowrije01,2013,0.34475609756097564,-1.1394851463414728
708,Brandon Moss,mossbr01,2014,0.33940314136125654,1.527884756020942
709,Coco Crisp,crispco01,2014,0.3140919324577861,14.187706055159484
710,Daric Barton,bartoda02,2010,0.3596041666666666,-8.585993387499974
711,Logan Morrison,morrilo01,2011,0.34554789272030645,-1.5555146390804335
712,Ichiro Suzuki,suzukic01,2008,0.3283651226158038,7.038733062670298
713,Jeff Kent,kentje01,2007,0.37720967741935485,-17.401681841935485
714,Joe Mauer,mauerjo01,2014,0.32253162055335965,9.936455955335992
715,Nate Schierholtz,schiena01,2013,0.33104809619238473,5.466799290981994
716,Mark Teixeira,teixema01,2012,0.3451720841300191,-1.597547734225616
717,Alex Gordon,gordoal01,2012,0.3574038997214484,-7.725493350417818
718,Jeff Francoeur,francje02,2007,0.33820115774240234,1.8390768159189523
719,Yunel Escobar,escobyu01,2015,0.3481542372881356,-3.1491211400000196
720,Matt Wieters,wietema01,2012,0.33135823429541594,5.241678570458424
721,Asdrúbal Cabrera,cabreas01,2012,0.3322532679738562,4.764012618627454
722,Brian McCann,mccanbr01,2011,0.34962573099415206,-3.9651131438596696
723,Joe Mauer,mauerjo01,2015,0.31062174578866764,15.52337752281779
724,Russell Martin,martiru01,2015,0.3401916996047431,0.6434742604742905
725,Brandon Phillips,phillbr01,2009,0.33553051643192494,2.934842399999985
726,Luis Castillo,castilu01,2007,0.3263747927031509,7.4842296079602075
727,Mike Jacobs,jacobmi02,2008,0.3382200392927308,1.5096328950884192
728,Pablo Sandoval,sandopa01,2014,0.32309493670886075,9.064704029113933
729,Bryce Harper,harpebr03,2012,0.35242929292929287,-5.61736118484845
730,Jimmy Rollins,rolliji01,2014,0.3195314569536423,10.797037582450363
731,J.J. Hardy,hardyjj01,2008,0.3555169082125604,-7.211683223188391
732,Torii Hunter,hunteto01,2013,0.3464067796610169,-2.665101199999979
733,Ender Inciarte,inciaen01,2015,0.3248783542039356,8.092698164221808
734,Charlie Blackmon,blackch02,2014,0.339458398744113,0.8002468587127325
735,Adam Lind,lindad01,2013,0.36829263565891474,-13.651675382558132
736,Dan Uggla,ugglada01,2009,0.3551266968325792,-7.096512523981891
737,Adam Dunn,dunnad01,2014,0.3335177865612648,3.661542656126505
738,Justin Upton,uptonju01,2012,0.34101765650080257,-0.08964179197431044
739,Ian Desmond,desmoia01,2013,0.3406030769230769,0.0177170658461705
740,Derek Jeter,jeterde01,2008,0.34403479576399393,-1.7287140789712492
741,J.J. Hardy,hardyjj01,2007,0.3404123222748815,0.04312616966824834
742,Mark Reynolds,reynoma01,2011,0.3495097087378641,-4.587082686407763
743,Mike Cameron,camermi01,2008,0.3505592885375494,-5.122047446245066
744,Ryan Ludwick,ludwiry01,2010,0.3287640653357532,5.679195238838465
745,Justin Morneau,morneju01,2007,0.3531887366818873,-6.56720958447486
746,Martín Prado,pradoma01,2015,0.3176868131868132,11.029666783516479
747,Chris Denorfia,denorch01,2013,0.3227162162162162,8.494127370270261
748,Brian Dozier,doziebr01,2014,0.339551920341394,0.07347047937412121
749,Drew Stubbs,stubbdr01,2010,0.337984429065744,0.7874772612456624
750,Adam LaRoche,larocad01,2007,0.3476794258373206,-4.101636311004784
751,Nick Swisher,swishni01,2011,0.36024522292993627,-10.386628319108256
752,Mark DeRosa,derosma01,2009,0.328305410122164,5.578599257591637
753,Casey Kotchman,kotchca01,2007,0.3664503968253968,-13.510249048809532
754,Garret Anderson,anderga01,2008,0.32685689948892677,6.283095896081775
755,Nick Markakis,markani01,2009,0.3489198312236287,-4.752045655696193
756,Shane Victorino,victosh01,2008,0.3507403225806452,-5.6825946280645265
757,Derek Jeter,jeterde01,2011,0.331077943615257,4.081870606965186
758,Nori Aoki,aokino01,2012,0.3437672413793103,-2.2748923120689355
759,Matt Adams,adamsma01,2014,0.33668996415770613,1.194925373118254
760,Yangervis Solarte,solarya01,2015,0.32437785588752194,7.293030705448164
761,Chris Davis,davisch02,2014,0.30816893203883494,15.37019303650485
762,Alexei Ramírez,ramiral03,2008,0.3395159362549801,-0.4285314824701256
763,Michael Brantley,brantmi02,2013,0.3202207578253707,9.21227230906095
764,Jason Kubel,kubelja01,2008,0.34710097087378644,-4.252312458640791
765,Robinson Canó,canoro01,2006,0.37738492063492063,-19.409332645238095
766,Jack Cust,custja01,2009,0.34231136738056006,-1.9267127640856323
767,Nori Aoki,aokino01,2013,0.3257112781954887,6.3760974033082825
768,Brandon Phillips,phillbr01,2012,0.3250242718446602,6.67971503398058
769,Dustin Pedroia,pedrodu01,2009,0.3594505649717514,-10.599166949999985
770,Ryan Church,churcry01,2007,0.35206463878326993,-6.914973360456269
771,Michael Bourn,bournmi01,2010,0.30832828282828284,14.940491093939384
772,James Loney,loneyja01,2013,0.33884940778341793,-0.3751562030456803
773,Todd Frazier,frazito01,2013,0.31887437185929646,9.595689600000007
774,Michael Cuddyer,cuddymi01,2007,0.3477733118971061,-4.948594982315091
775,Omar Vizquel,vizquom01,2006,0.33102332814930013,3.349187438880257
776,Miguel Tejada,tejadmi01,2009,0.3448748137108793,-3.598862999403888
777,Skip Schumaker,schumsk01,2009,0.3378885077186964,-0.12454608473413487
778,Dexter Fowler,fowlede01,2010,0.3373393574297189,0.13012054819277452
779,Ben Revere,reverbe01,2015,0.3155643879173291,11.011233014308432
780,Paul Konerko,konerpa01,2009,0.36281523500810375,-12.67206252220423
781,Kosuke Fukudome,fukudko01,2009,0.3533467336683418,-7.946234400000034
782,Trevor Plouffe,plouftr01,2015,0.3210570522979398,8.163985746117271
783,Neil Walker,walkene01,2013,0.3332878228782288,2.016562809594088
784,Jay Bruce,bruceja01,2012,0.3525546623794212,-7.6200667964629965
785,José Guillén,guilljo01,2007,0.3546387195121951,-8.712442566768281
786,Nelson Cruz,cruzne02,2012,0.3355078125,0.8361981484375072
787,Josh Willingham,willijo03,2009,0.37500200000000006,-18.927475333200043
788,Xander Bogaerts,bogaexa01,2015,0.33796769230769236,-0.49415157138465027
789,Curtis Granderson,grandcu01,2014,0.32029555895865236,8.344859280551317
790,Alfonso Soriano,soriaal01,2011,0.3257599206349206,5.601768079761914
791,Nate McLouth,mclouna01,2009,0.34768824531516185,-5.376047519250426
792,Michael Young,youngmi02,2010,0.33585994397759106,0.5300737445378019
793,Franklin Gutierrez,gutiefr01,2009,0.3352659053833606,0.6771920084828391
794,Howie Kendrick,kendrho01,2011,0.3492270363951473,-6.365699421837071
795,Nori Aoki,aokino01,2014,0.32004066543438076,8.202348507948267
796,Hunter Pence,pencehu01,2012,0.32260145985401456,6.901524669781031
797,Johnny Damon,damonjo01,2007,0.33325704809286893,1.5419553293532484
798,Victor Martinez,martivi01,2010,0.36424577861163226,-14.057572652532826
799,Will Venable,venabwi01,2013,0.342204322200393,-3.0431723402750865
800,Mark Reynolds,reynoma01,2012,0.3346585820895522,0.720954835447781
801,Alberto Callaspo,callaal01,2012,0.3078779069767442,14.105754052325553
802,Emilio Bonifácio,bonifem01,2011,0.3346820349761526,0.6992244848966624
803,J.D. Drew,drewj.01,2010,0.3469521178637201,-5.447861154696149
804,Stephen Drew,drewst01,2008,0.3551498470948012,-9.56809151192658
805,Dave Roberts,roberda07,2006,0.33164991023339313,2.175792008258547
806,Brett Lawrie,lawribr01,2012,0.31927340823970035,8.35610493033708
807,A.J. Pierzynski,pierza.01,2012,0.35114591439688714,-7.58545810778209
808,Jay Bruce,bruceja01,2010,0.3652904929577465,-14.69010387500002
809,Carlos Santana,santaca01,2011,0.3508847926267281,-7.504853719815662
810,Starlin Castro,castrst01,2014,0.34099646017699115,-2.56904009876105
811,Cameron Maybin,maybica01,2011,0.3154661921708185,10.120347246975085
812,Neil Walker,walkene01,2015,0.32482608695652176,5.428840495652157
813,Adrian Beltré,beltrad01,2015,0.33713821138211386,-0.7392729170731993
814,José Vidro,vidrojo01,2007,0.34470081300813005,-4.521833659512188
815,Mike Cameron,camermi01,2007,0.33259259259259255,1.5242937777777854
816,Adam Jones,jonesad01,2011,0.33821788617886184,-1.3692901892683143
817,Chris Carter,cartech02,2013,0.3367585616438356,-0.639384798287681
818,Torii Hunter,hunteto01,2015,0.3040441696113074,15.703261435689052
819,Álex Ríos,riosal01,2013,0.3301775417298938,2.6222215566009055
820,Jonny Gomes,gomesjo01,2010,0.3311003521126761,2.140662624999999
821,Martín Prado,pradoma01,2009,0.35831160896130343,-11.479499194704673
822,David DeJesus,dejesda01,2009,0.3432572347266881,-3.959804018649516
823,Kole Calhoun,calhoko01,2015,0.31697510980966326,9.175637041874094
824,Alex Gordon,gordoal01,2008,0.3429274336283185,-3.8048485246017414
825,Casey Kotchman,kotchca01,2011,0.3534874551971326,-9.096618608602126
826,Pedro Álvarez,alvarpe01,2013,0.32976606260296537,2.748029672487659
827,James Loney,loneyja01,2011,0.3280751748251748,3.573755263286735
828,Kevin Kouzmanoff,kouzmke01,2007,0.3393018867924528,-2.051471090566027
829,Prince Fielder,fieldpr01,2006,0.3535427682737169,-9.174284362052846
830,Ian Kinsler,kinslia01,2007,0.3496276978417266,-7.266096895323717
831,Kevin Millar,millake01,2007,0.34941071428571424,-7.247568967857134
832,Robinson Canó,canoro01,2007,0.3616787330316742,-13.413622192760172
833,Dexter Fowler,fowlede01,2015,0.3327321688500728,1.0444823956331923
834,Paul Lo Duca,loducpa01,2006,0.3423529411764705,-3.777506588235253
835,Matt Wieters,wietema01,2011,0.33982481751824817,-2.5230235737226323
836,Brandon Crawford,crawfbr01,2014,0.3094510869565217,12.648901970652208
837,Pedro Feliz,felizpe01,2009,0.30398548387096774,15.372614082903233
838,Ángel Pagán,paganan01,2011,0.3055572519083969,14.576468207633608
839,Odúbel Herrera,herreod01,2015,0.33336090225563914,0.6700109458646448
840,Ryan Howard,howarry01,2014,0.3058471138845553,14.421488928549184
841,Scott Hatteberg,hattesc01,2006,0.3629719101123596,-14.280426176404504
842,Ichiro Suzuki,suzukic01,2010,0.33045949720670387,1.9611968444134167
843,Brett Gardner,gardnbr01,2014,0.3313483146067416,1.4766400674157172
844,Yonder Alonso,alonsyo01,2012,0.32266338259441707,5.760552983251234
845,Christian Yelich,yelicch01,2015,0.3428260038240918,-4.344116724282998
846,Marcus Giles,gilesma01,2006,0.323549114331723,5.217539551690818
847,Lyle Overbay,overbly01,2010,0.33241166666666666,0.764786882999994
848,Cody Ross,rossco01,2009,0.3421260364842455,-4.1540164398010155
849,Mark DeRosa,derosma01,2006,0.35260945709281954,-9.447473281961429
850,Torii Hunter,hunteto01,2014,0.3352645051194539,-0.7721076262798405
851,DJ LeMahieu,lemahdj01,2015,0.32729853181076674,3.182206159216955
852,Fred Lewis,lewisfr02,2008,0.34572200772200773,-6.1026011474903585
853,Ryan Garko,garkory01,2008,0.333279359430605,0.09079594341637076
854,Albert Pujols,pujolal01,2015,0.3331874039938556,0.12678898156681306
855,Lorenzo Cain,cainlo01,2014,0.330472,1.4649433648000114
856,Ben Zobrist,zobribe01,2013,0.33432323232323236,-0.4613144121212214
857,Ben Zobrist,zobribe01,2014,0.33310802469135803,0.13649185740740233
858,J.D. Drew,drewj.01,2007,0.34733394833948344,-6.998840005535095
859,David DeJesus,dejesda01,2012,0.3319723661485319,0.6145103295336858
860,Eric Byrnes,byrneer01,2007,0.35270375722543346,-9.754639058670477
861,Matt Murton,murtoma01,2006,0.3532608695652174,-10.03328804347828
862,Jon Jay,jayjo02,2013,0.3195,6.8127713
863,Tony Graffanino,graffto01,2006,0.33049604743083005,1.2429156430830073
864,James Loney,loneyja01,2010,0.3163646322378717,8.270977533333312
865,Adam Kennedy,kennead01,2009,0.3349032815198618,-1.0814356466321273
866,Magglio Ordóñez,ordonma01,2009,0.3561375968992248,-11.712130973255817
867,Cody Ross,rossco01,2008,0.34412499999999996,-5.843831224999979
868,David DeJesus,dejesda01,2007,0.32282583454281566,4.809299944557347
869,Yan Gomes,gomesya01,2014,0.3401203883495145,-3.8508582314562867
870,David Freese,freesda01,2014,0.31409393346379644,9.126705218786702
871,Marlon Byrd,byrdma01,2009,0.34648911222780565,-7.126281199999977
872,Jacoby Ellsbury,ellsbja01,2009,0.33860557184750734,-3.253197612023474
873,José López,lopezjo01,2008,0.3286997041420118,1.6813865582840526
874,Brandon Phillips,phillbr01,2015,0.3154685990338164,8.269143414492753
875,Melky Cabrera,cabreme01,2006,0.33299999999999996,-0.5194777999999722
876,Carlos Delgado,delgaca01,2007,0.3358280467445743,-1.9439723248747836
877,Evan Longoria,longoev01,2008,0.37018452380952377,-19.137934646428548
878,Torii Hunter,hunteto01,2008,0.3507890365448505,-9.466959725913611
879,Francisco Cervelli,cervefr01,2015,0.3407128712871288,-4.46719840792084
880,Justin Morneau,morneju01,2013,0.32112044374009513,5.332279464025341
881,Adam Dunn,dunnad01,2013,0.3314716666666666,0.1449434870000319
882,Carlos Santana,santaca01,2012,0.34389421487603306,-6.118400214214878
883,Michael Cuddyer,cuddymi01,2009,0.3689907264296754,-18.72083706986087
884,Juan Rivera,riverju01,2009,0.35001926444833625,-9.261945433625222
885,Gaby Sánchez,sanchga01,2011,0.34235114503816794,-5.446608219847317
886,Michael Cuddyer,cuddymi01,2011,0.3511462994836489,-9.885650715318409
887,Chris Johnson,johnsch05,2012,0.3345409523809524,-1.6302107131428656
888,Eric Hosmer,hosmeer01,2011,0.3431312949640288,-5.9568131557554045
889,Khris Davis,daviskh01,2014,0.33040255009107466,0.32967988961748684
890,Denard Span,spande01,2010,0.30678992805755395,11.99992476920864
891,Kenny Lofton,loftoke01,2007,0.3464257246376811,-7.834576844565194
892,Alfonso Soriano,soriaal01,2007,0.37839641109298533,-23.825246388580755
893,Derek Norris,norride01,2015,0.3087985611510791,10.915273584172658
894,Casey Blake,blakeca01,2008,0.3466757215619694,-8.079616956196926
895,José Reyes,reyesjo01,2007,0.33683668005354755,-3.168457017670711
896,Evan Longoria,longoev01,2015,0.32651661631419937,1.9832941746223707
897,Kevin Millar,millake01,2006,0.35589600000000005,-12.791292273600025
898,Alejandro De Aza,deazaal01,2012,0.333022491349481,-1.4107272217993065
899,Paul Konerko,konerpa01,2007,0.35860446570972887,-14.215976358851673
900,Álex Ríos,riosal01,2008,0.3457353801169591,-7.789289572807027
901,Austin Jackson,jacksau01,2010,0.3288233532934132,0.6395413826347003
902,Erick Aybar,aybarer01,2014,0.3081214511041009,10.983941414195613
903,Todd Frazier,frazito01,2015,0.3422388724035608,-6.140453197922849
904,B.J. Upton,uptonbj01,2012,0.3226108452950558,3.5368303856459598
905,Brian Giles,gilesbr02,2007,0.3430073126142596,-6.674801325411343
906,Iván Rodríguez,rodriiv01,2006,0.3300856643356644,-0.21182443951052754
907,Chad Tracy,tracych01,2006,0.3412926829268293,-5.8572008243902465
908,Alex Gordon,gordoal01,2013,0.3256868686868687,1.9483062242424305
909,Ben Zobrist,zobribe01,2010,0.31706027820710975,6.253038654095824
910,B.J. Upton,uptonbj01,2010,0.3284259868421052,0.5382908095394825
911,Chris Coghlan,coghlch01,2015,0.3374697580645161,-3.9951014939516245
912,Denard Span,spande01,2013,0.31292824427480914,8.279744017099246
913,Elvis Andrus,andruel01,2012,0.3221657060518732,3.599474167435134
914,Plácido Polanco,polanpl01,2010,0.321905,3.689870627000012
915,Mark Teahen,teahema01,2007,0.3334563758389261,-2.1277417516778323
916,Johnny Damon,damonjo01,2010,0.3375730706075533,-4.216774977339867
917,Austin Jackson,jacksau01,2013,0.3324222585924713,-1.6405108445171663
918,Justin Upton,uptonju01,2010,0.34935398230088494,-10.109193523893794
919,Dan Uggla,ugglada01,2011,0.33352089552238806,-2.350012342388059
920,Adam Jones,jonesad01,2009,0.34345542635658916,-7.348932852325592
921,Tadahito Iguchi,iguchta01,2006,0.3403667205169629,-5.814065354119561
922,B.J. Upton,uptonbj01,2008,0.3510379146919431,-11.161440262559232
923,Jhonny Peralta,peraljh01,2011,0.35598083623693383,-13.643724525783995
924,Dioner Navarro,navardi01,2014,0.3147263969171484,6.980368123699424
925,Ian Kinsler,kinslia01,2014,0.3190318559556786,4.806921314958458
926,Andre Ethier,ethiean01,2007,0.3408742393509128,-6.137909323732277
927,José Reyes,reyesjo01,2010,0.3254588235294118,1.572366795294112
928,Brennan Boesch,boescbr01,2010,0.32163116370808686,3.4768343940828013
929,Victor Martinez,martivi01,2013,0.33961702127659577,-5.529090834042571
930,Joc Pederson,pederjo01,2015,0.33474350086655114,-3.101518700519949
931,Stephen Drew,drewst01,2009,0.32106174957118355,3.731636326929677
932,Michael Young,youngmi02,2008,0.32820903954802266,0.0868005999999708
933,Melvin Mora,morame01,2006,0.32390687679083097,2.2185987189111582
934,Martín Prado,pradoma01,2013,0.32848338368580066,-0.09041717462237209
935,Adrian Beltré,beltrad01,2006,0.3386257396449704,-5.163284870710056
936,Adam Jones,jonesad01,2015,0.3341868512110727,-2.963101134948121
937,Hideki Matsui,matsuhi01,2011,0.3072413793103448,10.5141239310345
938,Eric Hosmer,hosmeer01,2014,0.31390791896869247,7.159743456353575
939,Brandon Phillips,phillbr01,2007,0.3498692528735632,-10.836914654310334
940,Desmond Jennings,jennide01,2013,0.32997161936560937,-0.924782954591004
941,Mike Cameron,camermi01,2009,0.346128,-9.035664924799995
942,Jhonny Peralta,peraljh01,2010,0.30901957585644374,9.504729410440437
943,Marlon Byrd,byrdma01,2015,0.3168228782287823,5.571778194095945
944,Manny Machado,machama01,2013,0.32522824536376604,1.2976942924393846
945,Carlos Lee,leeca01,2012,0.30697545008183297,10.387132849099874
946,Miguel Montero,montemi01,2014,0.3074735883424408,10.137980728961754
947,Johnny Giavotella,giavojo01,2015,0.30316227180527383,12.254357262880328
948,Casey Kotchman,kotchca01,2008,0.3228415492957747,2.371439949999968
949,Gerardo Parra,parrage01,2015,0.33416666666666667,-3.3730054999999917
950,David Wright,wrighda03,2014,0.308512908777969,9.458147360413093
951,Marco Scutaro,scutama01,2013,0.3246710037174721,1.3564079520446297
952,Casey McGehee,mcgehca01,2014,0.31941279069767436,3.9663904802325813
953,Mark Trumbo,trumbma01,2013,0.3215297619047619,2.897552189285701
954,Mike Lowell,lowelmi01,2006,0.34587539936102235,-9.309322522044713
955,Plácido Polanco,polanpl01,2009,0.3205465465465465,3.3393236720720916
956,Kenny Lofton,loftoke01,2006,0.33621553398058257,-4.52778049825246
957,Kevin Youkilis,youklke01,2012,0.3284102564102564,-0.6538413538461505
958,Edwin Encarnación,encared01,2008,0.35147676419965573,-12.20093812874353
959,Carlos Peña,penaca01,2012,0.30906020066889633,9.0044102361204
960,Lyle Overbay,overbly01,2008,0.3436837881219904,-8.323151780096328
961,Hanley Ramírez,ramirha01,2012,0.3284027149321267,-0.7500693583710314
962,Mark Trumbo,trumbma01,2011,0.3279206349206349,-0.5289490380952335
963,Troy Glaus,glaustr01,2006,0.36689171974522294,-20.070984033121025
964,Erick Aybar,aybarer01,2011,0.32503193277310927,0.8658832934453615
965,Dexter Fowler,fowlede01,2009,0.3424711729622267,-7.856642178528861
966,Ken Griffey Jr.,griffke02,2008,0.33640998217468804,-4.835036990374317
967,Aaron Rowand,rowanaa01,2009,0.3228933823529412,1.7755147860294134
968,Ryan Howard,howarry01,2015,0.30770400000000003,9.362736513599984
969,Álex Ríos,riosal01,2010,0.3438564437194127,-8.779508343230004
970,Mike Moustakas,moustmi01,2012,0.30546557377049177,10.392322550163943
971,Chase Headley,headlch01,2013,0.329531197301855,-1.6844985483979737
972,Kelly Johnson,johnske05,2011,0.3151054365733113,5.4707851476112355
973,Evan Gattis,gattiev01,2015,0.31692678868552415,4.519805654242905
974,Luke Scott,scottlu01,2008,0.34468441064638783,-9.3736297460076
975,Craig Monroe,monrocr01,2006,0.3290171821305842,-1.547405327835052
976,Ryan Garko,garkory01,2007,0.36651481481481485,-20.38246877555557
977,Brandon Inge,ingebr01,2006,0.3307394957983193,-2.558849099159639
978,Jeremy Hermida,hermije01,2008,0.3198047016274864,2.81036972296566
979,Brock Holt,holtbr01,2015,0.3216118811881188,1.9064788665346692
980,J.J. Hardy,hardyjj01,2011,0.34413523131672596,-9.408948587900344
981,Luis Gonzalez,gonzalu01,2007,0.3479578544061303,-11.410896981609227
982,Torii Hunter,hunteto01,2011,0.33677588871715614,-5.858051221638342
983,Nick Markakis,markani01,2011,0.3329112676056338,-3.935096820000001
984,Ryan Zimmerman,zimmery01,2007,0.3401710709318498,-7.596207966342137
985,Alberto Callaspo,callaal01,2011,0.32816666666666666,-1.6320058999999913
986,Akinori Iwamura,iwamuak01,2008,0.32579315263908704,-0.45485345877319094
987,Dan Uggla,ugglada01,2007,0.34611049723756904,-10.616910627624296
988,Michael Bourn,bournmi01,2013,0.3004859649122807,12.152956582105283
989,Ronnie Belliard,belliro01,2007,0.3311254545454545,-3.1818927734545377
990,Eric Byrnes,byrneer01,2006,0.3370581395348837,-6.15922365348838
991,Gregory Polanco,polangr01,2015,0.3044217054263566,10.084430630697655
992,Elvis Andrus,andruel01,2013,0.295942731277533,14.295330302202645
993,Billy Burns,burnsbi02,2015,0.3171121157323689,3.697111255334527
994,Cliff Pennington,pennicl01,2011,0.30500891265597146,9.740729187165796
995,Justin Morneau,morneju01,2012,0.32993772241992886,-2.8178288345196005
996,Jose Altuve,altuvjo01,2012,0.32481789137380196,-0.3270603476038527
997,Omar Infante,infanom01,2010,0.3432195608782435,-9.600960817964078
998,Aramis Ramírez,ramirar01,2014,0.3338941398865784,-4.946696706994295
999,Álex Rodríguez,rodrial01,2012,0.3421178707224335,-9.059932198479096
1000,Shin-Soo Choo,choosh01,2014,0.32131178707224334,1.3465759201520986
1001,Denard Span,spande01,2012,0.3249060283687943,-0.501143528723385
1002,Xavier Nady,nadyxa01,2006,0.33764612326043736,-7.00331347435386
1003,Jermaine Dye,dyeje01,2009,0.34673426573426575,-11.588898795804205
1004,David Eckstein,eckstda01,2009,0.29635559566787,13.608829323826733
1005,Aubrey Huff,huffau01,2007,0.3386173044925125,-7.559065889184701
1006,Kyle Seager,seageky01,2015,0.33451617647058823,-5.5578186302941175
1007,Billy Butler,butlebi03,2015,0.31140703517587937,5.93060200000002
1008,Troy Tulowitzki,tulowtr01,2015,0.3346843100189036,-5.7419134155009335
1009,Jack Wilson,wilsoja02,2007,0.3397842003853565,-8.292708240462447
1010,Mark Reynolds,reynoma01,2010,0.3292597623089983,-3.0487358308998207
1011,Michael Cuddyer,cuddymi01,2010,0.329748502994012,-3.32318759760479
1012,Justin Smoak,smoakju01,2013,0.3314519230769231,-4.205181428846163
1013,Brian Dozier,doziebr01,2013,0.3193457189014539,1.8199375525040704
1014,Luis Castillo,castilu01,2009,0.3342616487455197,-5.720512363440864
1015,Kevin Kouzmanoff,kouzmke01,2008,0.3163278195488722,3.209390010827053
1016,Luis Gonzalez,gonzalu01,2006,0.3407705167173252,-9.076030726747726
1017,Peter Bourjos,bourjpe01,2011,0.3351761467889908,-6.297913740550454
1018,Dustin Ackley,ackledu01,2014,0.3051524163568773,8.698953428996287
1019,Adam LaRoche,larocad01,2013,0.32088793103448277,0.8085745534482602
1020,Carlos Santana,santaca01,2015,0.33060486322188454,-4.071510381155033
1021,Michael A. Taylor,taylomi02,2015,0.2741616766467066,24.14948634131735
1022,Ike Davis,davisik02,2012,0.3311153184165232,-4.3768230203098
1023,Alexei Ramírez,ramiral03,2014,0.31451829268292686,3.9044549109755984
1024,Kurt Suzuki,suzukku01,2009,0.32031484502446983,0.9952130345840136
1025,Cristian Guzmán,guzmacr01,2009,0.3051074681238616,8.591435033879783
1026,Hunter Pence,pencehu01,2008,0.338321875,-8.041301924374988
1027,Chase Headley,headlch01,2009,0.3262019704433497,-1.9893304699507075
1028,Rickie Weeks,weeksri01,2007,0.35644979919678715,-17.138284134939777
1029,Logan Forsythe,forsylo01,2015,0.3495986949429037,-13.74159061402933
1030,Ian Desmond,desmoia01,2010,0.30627580071174376,7.907074095729543
1031,Dee Strange-Gordon,gordode01,2014,0.31224884080370946,4.909558941267384
1032,Rickie Weeks,weeksri01,2008,0.3312075134168158,-4.592935880143157
1033,Ben Revere,reverbe01,2014,0.304294498381877,8.838055345631066
1034,Scott Podsednik,podsesc01,2010,0.32164726027397256,0.12878342945208932
1035,Grégor Blanco,blancgr01,2008,0.3153659491193738,3.2704854731898125
1036,Alberto Callaspo,callaal01,2013,0.3123248532289628,4.781540064970637
1037,Martín Prado,pradoma01,2014,0.324108202443281,-1.122097648167553
1038,Michael Saunders,saundmi01,2012,0.3205271739130435,0.6690132163043505
1039,Randy Winn,winnra01,2009,0.29802702702702705,11.792835183783762
1040,Leonys Martín,martile01,2013,0.3082318548387097,6.6587211536290285
1041,Billy Butler,butlebi03,2014,0.310665,5.4417432109999995
1042,Plácido Polanco,polanpl01,2008,0.33824237560192616,-8.401538980738371
1043,B.J. Upton,uptonbj01,2011,0.3329558359621451,-5.79738842334386
1044,Jeff Francoeur,francje02,2011,0.346490045941807,-12.576748212557414
1045,Yangervis Solarte,solarya01,2014,0.3166516007532957,2.3374454666666473
1046,Cameron Maybin,maybica01,2015,0.3072278481012658,7.000891789873443
1047,A.J. Ellis,ellisaj01,2012,0.341342213114754,-10.121974170081916
1048,James Loney,loneyja01,2014,0.3185069337442219,1.269469872727268
1049,Chase Headley,headlch01,2014,0.31576981132075466,2.628487089056622
1050,Raúl Ibañez,ibanera01,2011,0.30643881118881117,7.22554169965036
1051,Bengie Molina,molinbe01,2008,0.3288475177304965,-4.052544861702143
1052,Jhonny Peralta,peraljh01,2008,0.34713636363636363,-13.220014736363625
1053,Adam Lind,lindad01,2011,0.3160520446096654,2.3173234245353354
1054,Joe Crede,credejo01,2006,0.3497709401709401,-14.597741924102534
1055,Nick Swisher,swishni01,2013,0.3364675118858954,-8.0338114304279
1056,Derrek Lee,leede02,2010,0.34322240000000004,-11.422380851840021
1057,Elvis Andrus,andruel01,2011,0.31873189522342066,0.8069516545454349
1058,Juan Rivera,riverju01,2011,0.30912115384615385,5.603923492692299
1059,Cody Ross,rossco01,2010,0.3223097345132744,-0.9925640584071151
1060,Josh Barfield,barfijo02,2006,0.3153268892794376,2.440021900527255
1061,Dayán Viciedo,vicieda01,2012,0.32134254143646407,-0.7688063856353562
1062,Aubrey Huff,huffau01,2006,0.3459686888454012,-13.135982806262264
1063,Curtis Granderson,grandcu01,2006,0.33486607142857144,-7.59282440178573
1064,Todd Walker,walketo04,2006,0.33234930139720553,-6.344020092215535
1065,Brandon Phillips,phillbr01,2010,0.33598088235294116,-8.170415591470572
1066,Bengie Molina,molinbe01,2007,0.31497276264591445,2.317144214785951
1067,Kevin Kiermaier,kiermke01,2015,0.30932082551594753,5.104054392495273
1068,Nick Markakis,markani01,2014,0.32498016997167134,-2.748226682152948
1069,Jason Bay,bayja01,2007,0.32585761047463174,-3.237093115220948
1070,Jimmy Rollins,rolliji01,2013,0.2951324200913242,12.090620893150701
1071,Erick Aybar,aybarer01,2012,0.3215064220183486,-1.2007739790825736
1072,Aramis Ramírez,ramirar01,2010,0.3217857142857143,-1.3504666428571557
1073,Juan Encarnación,encarju01,2006,0.32236886632825723,-1.7221398172589066
1074,Brian Dozier,doziebr01,2015,0.32275783475783476,-2.066688834188037
1075,Reggie Willits,willire03,2007,0.33777227722772274,-9.57641147524752
1076,Howie Kendrick,kendrho01,2010,0.3156794478527607,1.4536838776073762
1077,Yunel Escobar,escobyu01,2008,0.34134895833333334,-11.415347903124994
1078,Desmond Jennings,jennide01,2012,0.3086924460431655,4.858348816906475
1079,Carlos Beltrán,beltrca01,2015,0.34636672967863896,-14.085069536483958
1080,Mike Jacobs,jacobmi02,2006,0.3395849420849421,-10.713045893822416
1081,Aramis Ramírez,ramirar01,2015,0.3087115009746589,4.728818176608181
1082,Kolten Wong,wongko01,2015,0.30954173486088377,4.233562916530296
1083,Domonic Brown,browndo01,2014,0.2798799212598425,19.019411375196857
1084,Nyjer Morgan,morgany01,2009,0.33788483685220727,-9.99271003992322
1085,Brian McCann,mccanbr01,2014,0.30575418994413406,6.027966379888271
1086,Brian McCann,mccanbr01,2007,0.32944567219152854,-5.8417217447513705
1087,Casey Blake,blakeca01,2010,0.32104955752212383,-1.6522656173450911
1088,Melky Cabrera,cabreme01,2015,0.30663917525773193,5.555326284536096
1089,Jason Kubel,kubelja01,2010,0.32735355285961876,-4.81531353171578
1090,Adam Lind,lindad01,2010,0.30945245901639346,4.13821571213115
1091,José Bautista,bautijo02,2007,0.3322101806239738,-7.264436528078857
1092,Rickie Weeks,weeksri01,2012,0.321162962962963,-1.7489872311111208
1093,Mark Ellis,ellisma01,2007,0.3396150234741784,-10.99809159999999
1094,Aaron Hill,hillaa01,2007,0.34290964777947935,-12.765952637059746
1095,Gary Matthews,matthga02,2007,0.3210715532286213,-1.8932671350785244
1096,Daniel Murphy,murphda08,2009,0.319257299270073,-1.0758379010948897
1097,José Reyes,reyesjo01,2015,0.3004764705882353,8.227705325882354
1098,Orlando Cabrera,cabreor01,2006,0.3224568452380952,-2.766143929464264
1099,Chone Figgins,figgich01,2006,0.31492614475627767,0.970460926144782
1100,Jay Payton,paytoja01,2006,0.3214633730834753,-2.29924233969335
1101,Jeff Francoeur,francje02,2006,0.3129779411764706,1.9048872867647118
1102,Ian Kinsler,kinslia01,2012,0.3269986301369863,-5.117793040273997
1103,Austin Jackson,jacksau01,2015,0.30469083969465655,5.999818658778583
1104,Felipe López,lopezfe01,2006,0.33031623931623927,-6.847150343589712
1105,Brandon Phillips,phillbr01,2008,0.3235688225538972,-3.562317842786064
1106,Alexei Ramírez,ramiral03,2010,0.3243938411669368,-4.00496459740683
1107,Nick Markakis,markani01,2006,0.3455037313432836,-14.613426593283599
1108,Torii Hunter,hunteto01,2006,0.3518292282430214,-17.787228870935966
1109,Jason Bartlett,bartlja01,2010,0.30380961538461543,6.2305776257691985
1110,Howie Kendrick,kendrho01,2013,0.33578613861386136,-9.78301127762375
1111,Rafael Furcal,furcara02,2009,0.3168755555555556,-0.3345692453333424
1112,A.J. Pierzynski,pierza.01,2013,0.31291271347248584,1.6075120056925607
1113,Ryan Theriot,theriry01,2008,0.3406554878048781,-12.278497106707324
1114,Darwin Barney,barneda01,2012,0.28751027397260276,14.292963802054773
1115,Colby Rasmus,rasmuco01,2011,0.3023793103448276,6.725968434482748
1116,Pablo Sandoval,sandopa01,2010,0.31556622516556293,0.05031408410594396
1117,Colby Rasmus,rasmuco01,2009,0.311447265625,2.0904800730468676
1118,Mitch Moreland,morelmi01,2013,0.3198471953578336,-2.1108842216634205
1119,Juan Uribe,uribeju01,2010,0.32407029876977156,-4.25313949666083
1120,Jay Bruce,bruceja01,2014,0.28773098330241187,13.912572366975876
1121,Drew Stubbs,stubbdr01,2011,0.3077195845697329,3.864941632344221
1122,Shane Victorino,victosh01,2012,0.30994817073170733,2.740277268902431
1123,Alejandro De Aza,deazaal01,2013,0.3205029940119761,-2.6288928047904223
1124,Skip Schumaker,schumsk01,2010,0.30054666666666674,7.332595591999961
1125,Brian Roberts,roberbr01,2006,0.32977867528271404,-7.298278768659127
1126,Jamey Carroll,carroja01,2011,0.3170821643286573,-0.9579080529058126
1127,Akinori Iwamura,iwamuak01,2007,0.34130990990990984,-13.105817185945899
1128,Ian Kinsler,kinslia01,2015,0.3345481481481482,-9.803809795555571
1129,Chase Headley,headlch01,2010,0.312544776119403,1.191541980596994
1130,Matt Dominguez,dominma01,2013,0.3010921501706485,6.879762962457312
1131,Dustin Pedroia,pedrodu01,2014,0.3178486842105263,-1.531295696052631
1132,Mike Napoli,napolmi01,2010,0.34068307086614175,-12.962293232677185
1133,Matt Wieters,wietema01,2013,0.30233333333333334,6.20896459999999
1134,Aubrey Huff,huffau01,2011,0.2952164048865619,9.758614503664923
1135,Yunel Escobar,escobyu01,2013,0.31147719298245613,1.6155114084210698
1136,Howie Kendrick,kendrho01,2012,0.31578023850085174,-0.546728238160124
1137,Corey Hart,hartco01,2008,0.32470046082949305,-5.028325511520734
1138,Tadahito Iguchi,iguchta01,2007,0.33099056603773586,-8.184426047169817
1139,Miguel Tejada,tejadmi01,2007,0.34645796064400713,-16.040700218246858
1140,Russell Martin,martiru01,2013,0.31524055666003975,-0.436797406759424
1141,Aaron Rowand,rowanaa01,2008,0.32804801324503313,-6.93265942152318
1142,Randy Winn,winnra01,2006,0.3142575516693164,-0.03513114276629947
1143,Shawn Green,greensh01,2006,0.3355094339622642,-10.694612852830213
1144,Logan Morrison,morrilo01,2015,0.2977445544554455,8.154118529504967
1145,Hunter Pence,pencehu01,2009,0.3557260061919505,-20.886267048606836
1146,Matt Kemp,kempma01,2010,0.32851807228915664,-7.297767255421705
1147,Jhonny Peralta,peraljh01,2015,0.3225362776025236,-4.385873345110385
1148,Brandon Phillips,phillbr01,2006,0.3235396551724138,-5.007729292758624
1149,Cliff Pennington,pennicl01,2010,0.3074946808510638,2.88743096063831
1150,Emil Brown,brownem01,2006,0.35058193979933117,-18.69337685083616
1151,Jason Bartlett,bartlja01,2007,0.3134268077601411,-0.16962078624339805
1152,David Freese,freesda01,2013,0.3217096153846154,-4.31240451423079
1153,Ryan Doumit,doumiry01,2012,0.33218546845124286,-9.55207632466542
1154,Alejandro De Aza,deazaal01,2014,0.3100133843212237,1.4676596095602235
1155,Yuniesky Betancourt,betanyu01,2010,0.30217324185248706,5.259037011663839
1156,Jon Jay,jayjo02,2011,0.337711967545639,-12.626246586612606
1157,Erick Aybar,aybarer01,2009,0.34051933701657455,-14.070399029834224
1158,Martín Prado,pradoma01,2011,0.3023265306122449,4.932367093877549
1159,Mark Trumbo,trumbma01,2015,0.32726102941176477,-7.5490363933824
1160,Jayson Werth,werthja01,2011,0.31889285714285714,-3.373556121428578
1161,Rafael Furcal,furcara02,2012,0.29815238095238095,6.99013733714286
1162,Yadier Molina,molinya01,2010,0.299682261208577,6.174942330994158
1163,Dayán Viciedo,vicieda01,2014,0.3008160714285714,5.587848328214291
1164,Adam Jones,jonesad01,2010,0.3364336569579288,-12.286878326213596
1165,Jordan Pacheco,pachejo01,2012,0.33041235059760954,-9.345221996414345
1166,Brett Lawrie,lawribr01,2015,0.305556856187291,3.086666134113707
1167,Billy Hamilton,hamilbi02,2014,0.28753654485049834,12.059823986378746
1168,Curtis Granderson,grandcu01,2009,0.3382275960170697,-13.344146726031301
1169,Édgar Rentería,renteed01,2008,0.3088088235294118,1.3701406852940865
1170,James Loney,loneyja01,2008,0.3345590062111802,-11.529240636024873
1171,Ben Revere,reverbe01,2012,0.29964899451553934,5.861581219744053
1172,Darwin Barney,barneda01,2011,0.294270944741533,8.52150208983956
1173,José Guillén,guilljo01,2010,0.3214660869565218,-5.120599728347847
1174,Chris Young,youngch04,2008,0.328506512301013,-8.691985335455863
1175,Coco Crisp,crispco01,2011,0.3047227036395147,3.193881377816307
1176,Asdrúbal Cabrera,cabreas01,2013,0.30685225225225227,2.1187522886486376
1177,Andy LaRoche,larocan01,2009,0.3239742710120069,-6.475109619554045
1178,Alexei Ramírez,ramiral03,2012,0.2824455284552846,14.266180347317064
1179,Adrian Beltré,beltrad01,2008,0.33525581395348836,-12.167760595348838
1180,Jason Bay,bayja01,2011,0.3119544554455445,-0.5131993350494928
1181,Nolan Arenado,arenano01,2013,0.30820156555772993,1.3138708403131112
1182,Skip Schumaker,schumsk01,2008,0.33988265306122456,-14.59195098061227
1183,Garrett Atkins,atkinga01,2008,0.3384246987951807,-13.892730952409636
1184,Mitch Moreland,morelmi01,2011,0.319093253968254,-4.283787920238124
1185,Mark Teixeira,teixema01,2014,0.31640990099009897,-3.031664384554426
1186,Melky Cabrera,cabreme01,2009,0.32908646616541354,-9.372058887969922
1187,José López,lopezjo01,2009,0.32676899224806205,-8.282935838139567
1188,Grégor Blanco,blancgr01,2013,0.30738095238095237,1.4043141428571642
1189,J.J. Hardy,hardyjj01,2013,0.3215047021943574,-5.739913780564278
1190,Gerardo Parra,parrage01,2013,0.318062787136294,-4.028382828483906
1191,Marco Scutaro,scutama01,2008,0.3150767918088737,-2.6048876979522073
1192,Ryan Sweeney,sweenry01,2009,0.3332674199623352,-11.753232333333331
1193,Danny Espinosa,espinda01,2012,0.3126466973886329,-1.4694356341013886
1194,Nate McLouth,mclouna01,2013,0.32272959183673466,-6.522562668367339
1195,Josh Hamilton,hamiljo03,2013,0.31930221518987345,-4.828303343987358
1196,Kelly Johnson,johnske05,2012,0.2992212543554007,5.195522561324037
1197,Desmond Jennings,jennide01,2014,0.31280487804878054,-1.5985523170731888
1198,Eric Chávez,chaveer01,2006,0.3396649122807018,-15.053044314736844
1199,A.J. Pierzynski,pierza.01,2006,0.3303895131086143,-10.43379944719106
1200,Marco Scutaro,scutama01,2010,0.32112318840579707,-5.81909332608693
1201,Yadier Molina,molinya01,2009,0.33649253731343287,-13.546328313432863
1202,Edwin Encarnación,encared01,2011,0.3432462121212121,-16.92429087954545
1203,Ryan Ludwick,ludwiry01,2011,0.2980804387568555,5.656120420475356
1204,Nick Castellanos,casteni01,2015,0.31073569023569025,-0.7136136838384015
1205,Álex González,gonzaal02,2010,0.3208944881889764,-5.834705116220497
1206,Orlando Cabrera,cabreor01,2009,0.3088516405135521,0.16872505991439724
1207,Rajai Davis,davisra01,2010,0.3089875,0.09077268249999726
1208,Ian Desmond,desmoia01,2015,0.29438110236220477,7.376404927244058
1209,Starlin Castro,castrst01,2010,0.32917171717171717,-10.044698593939387
1210,Jhonny Peralta,peraljh01,2007,0.33738198757763976,-14.181201627950312
1211,Preston Wilson,wilsopr01,2006,0.3133052434456929,-2.1688183764044844
1212,Elvis Andrus,andruel01,2009,0.31327221172022685,-2.252297010586008
1213,Felipe López,lopezfe01,2008,0.3246496212121212,-8.002897232954552
1214,Ryan Freel,freelry01,2006,0.34031346153846154,-15.917426991923081
1215,Chase Headley,headlch01,2015,0.30658099688473517,0.9344251635514187
1216,Dustin Ackley,ackledu01,2012,0.2738666666666667,17.277040479999986
1217,Aubrey Huff,huffau01,2009,0.3029627118644068,2.5441704799999743
1218,Nick Swisher,swishni01,2008,0.3267022375215146,-9.359547353528386
1219,Josh Reddick,reddijo01,2012,0.3263298192771084,-9.173276186445763
1220,Plácido Polanco,polanpl01,2011,0.30330651340996173,2.2422124298850363
1221,Juan Pierre,pierrju01,2010,0.3020695410292073,2.8409046998608742
1222,B.J. Upton,uptonbj01,2009,0.3057495987158909,1.0002627589084794
1223,Mark Loretta,loretma01,2007,0.3262992125984252,-9.337967748031511
1224,Bengie Molina,molinbe01,2009,0.3083752417794971,-0.40299620502902034
1225,Colby Rasmus,rasmuco01,2012,0.2974757281553398,4.9585764660194185
1226,Kosuke Fukudome,fukudko01,2011,0.3173069139966273,-5.020320330185487
1227,Yuniesky Betancourt,betanyu01,2007,0.3128462929475588,-2.8892666661844624
1228,Michael Young,youngmi02,2013,0.32031016042780747,-6.7224438866310114
1229,Freddy Sánchez,sanchfr01,2008,0.29394323873121875,6.4554096908179925
1230,Jedd Gyorko,gyorkje01,2013,0.32494847328244275,-9.052373056870232
1231,José Guillén,guilljo01,2008,0.3188507936507936,-6.032517367619015
1232,Ryan Doumit,doumiry01,2013,0.3110037453183521,-2.177685883146097
1233,Wilmer Flores,florewi01,2015,0.3036205533596838,1.40514013596838
1234,Erick Aybar,aybarer01,2013,0.29864655172413795,3.822969622413787
1235,Jason Kendall,kendaja01,2006,0.32125000000000004,-7.492520250000015
1236,Kevin Kouzmanoff,kouzmke01,2009,0.31253859649122806,-3.235367175789471
1237,Paul Konerko,konerpa01,2008,0.34283333333333327,-18.517782699999984
1238,A.J. Pierzynski,pierza.01,2009,0.32689733840304186,-10.617130298098877
1239,Drew Stubbs,stubbdr01,2012,0.27135501858736055,17.133282960223067
1240,Alcides Escobar,escobal02,2012,0.31589655172413794,-5.1549042275862
1241,Juan Pierre,pierrju01,2006,0.31520945945945944,-4.821243625675671
1242,Jimmy Rollins,rolliji01,2009,0.3116094182825485,-3.060623270360127
1243,Jason Varitek,varitja01,2007,0.34500785854616894,-19.815407582318276
1244,Scott Podsednik,podsesc01,2009,0.3380568965517241,-16.35876855482757
1245,Carlos Lee,leeca01,2010,0.3096033950617284,-2.1672774564814885
1246,Bill Hall,hallbi03,2007,0.32121556886227537,-7.975298944910153
1247,Miguel Tejada,tejadmi01,2010,0.30639438700147714,-0.5622388056130232
1248,Kevin Pillar,pillake01,2015,0.309792937399679,-2.2820802032102767
1249,Édgar Rentería,renteed01,2009,0.281854,11.672043123600009
1250,Derek Jeter,jeterde01,2010,0.3178623978201635,-6.3581547855585825
1251,Kevin Millar,millake01,2008,0.31690444810543655,-5.889020333772644
1252,Adam Kennedy,kennead01,2006,0.3124747474747475,-3.933432030303056
1253,Eric Hosmer,hosmeer01,2012,0.2913333333333334,6.640797199999962
1254,Andruw Jones,jonesan01,2007,0.31499389312977094,-5.243424547480892
1255,Orlando Hudson,hudsoor01,2010,0.31884476534296025,-7.2795022093862585
1256,Garret Anderson,anderga01,2006,0.3187487001733103,-7.241453620104042
1257,Vernon Wells,wellsve01,2007,0.30652351097178687,-1.1768223028213267
1258,Omar Infante,infanom01,2014,0.2798024691358025,12.168150340740729
1259,Álex Ríos,riosal01,2014,0.30935135135135133,-2.651213610810788
1260,Leonys Martín,martile01,2014,0.30622164048865613,-1.0958367696334763
1261,Mike Aviles,avilemi01,2012,0.2876519337016574,8.082110337016603
1262,Brandon Crawford,crawfbr01,2013,0.29623388581952115,3.759704524861905
1263,Ramón Hernández,hernara02,2008,0.31102982107355864,-3.640728104970191
1264,Mark Reynolds,reynoma01,2013,0.3100775347912525,-3.1844263129224837
1265,Jamey Carroll,carroja01,2006,0.34669656488549616,-21.51004209045801
1266,Asdrúbal Cabrera,cabreas01,2014,0.3076150081566068,-1.9927527386622987
1267,Daric Barton,bartoda02,2008,0.302677734375,0.46670670195312525
1268,Jason Castro,castrja01,2014,0.29060784313725485,6.493663164705908
1269,José Vidro,vidrojo01,2006,0.3262362204724409,-11.336461190551155
1270,Jason Michaels,michaja01,2006,0.3145677655677655,-5.540289773626329
1271,Danny Valencia,valenda01,2011,0.29720132013201317,3.015826194059408
1272,Jace Peterson,peterja01,2015,0.28699317406143343,8.111599906484656
1273,Nick Castellanos,casteni01,2014,0.30688368055555554,-1.856967098958327
1274,Elvis Andrus,andruel01,2010,0.29818569254185695,2.463475992694054
1275,Omar Infante,infanom01,2011,0.30548874598070735,-1.199267415434064
1276,Garrett Jones,jonesga02,2014,0.31587108655616947,-6.452167401104983
1277,Brandon Inge,ingebr01,2009,0.31875433070866144,-7.974269825826793
1278,Corey Patterson,patteco01,2007,0.30215132924335375,0.2499969668711799
1279,Ty Wigginton,wiggity01,2010,0.3180852713178295,-7.759628665116289
1280,Robinson Canó,canoro01,2009,0.37439136904761905,-36.00205812589285
1281,Austin Jackson,jacksau01,2011,0.30532565284178187,-1.4876936746543894
1282,Eric Young Jr.,younger03,2013,0.2884991482112436,6.7683619362862
1283,David DeJesus,dejesda01,2011,0.3114311377245509,-4.711453289820362
1284,Chone Figgins,figgich01,2008,0.3162912621359223,-7.182325192232995
1285,Ichiro Suzuki,suzukic01,2013,0.28089908256880736,10.49966092844036
1286,Andrelton Simmons,simmoan01,2013,0.30307668711656444,-0.6028361343558251
1287,Brandon Inge,ingebr01,2010,0.3155225694444444,-6.837850782291634
1288,Dan Uggla,ugglada01,2013,0.302781308411215,-0.49509757158880774
1289,Jason Kendall,kendaja01,2008,0.29332926829268297,4.162497197560953
1290,Matt Wieters,wietema01,2010,0.30456363636363637,-1.5565584836363708
1291,A.J. Pierzynski,pierza.01,2008,0.3146476868327402,-6.610263720996429
1292,Freddy Galvis,galvifr01,2015,0.28350756302521013,8.924986127394936
1293,Brett Gardner,gardnbr01,2011,0.3205423143350604,-9.678559517098432
1294,Jacoby Ellsbury,ellsbja01,2008,0.3227860696517414,-10.860810985074671
1295,Jeff Conine,coninje01,2006,0.3138951310861423,-6.423860471910121
1296,Mark Kotsay,kotsama01,2006,0.31551175406871607,-7.262441292585878
1297,Kurt Suzuki,suzukku01,2008,0.3221489726027397,-10.652156320205473
1298,Gordon Beckham,beckhgo01,2012,0.2947073170731707,3.0332432243902456
1299,Mark Grudzielanek,grudzma01,2006,0.31950949913644217,-9.391979850777226
1300,David Bell,bellda01,2006,0.3218017857142857,-10.56850503464286
1301,Vernon Wells,wellsve01,2011,0.2854253308128545,7.605782733459327
1302,Didi Gregorius,gregodi01,2015,0.30279999999999996,-1.0944464799999771
1303,Jed Lowrie,lowrije01,2014,0.3002325581395349,0.1697021860464858
1304,Garrett Jones,jonesga02,2010,0.3149279141104294,-7.240424045705515
1305,John Buck,buckjo01,2011,0.302489443378119,-1.119116430326283
1306,Omar Infante,infanom01,2012,0.31007241379310346,-4.941864960689667
1307,Cameron Maybin,maybica01,2012,0.29035906642728904,4.888092965888708
1308,Lastings Milledge,millela02,2008,0.32335283993115316,-11.664290548709117
1309,Brennan Boesch,boescbr01,2012,0.28782669322709165,5.994701459362533
1310,Jeff Francoeur,francje02,2010,0.2947272727272727,2.5232620727272757
1311,Delmon Young,youngde03,2011,0.30361077844311374,-1.9999707772454833
1312,Luis Castillo,castilu01,2006,0.3255349922239502,-12.975730241679626
1313,Addison Russell,russead02,2015,0.3037096153846154,-2.159405714230763
1314,Yunel Escobar,escobyu01,2014,0.2986647509578544,0.283866973563228
1315,Alexei Ramírez,ramiral03,2011,0.3215822222222222,-11.248686709333326
1316,Aaron Hill,hillaa01,2006,0.32269346733668336,-11.87449439999998
1317,Robert Andino,andinro01,2011,0.30233466135458165,-1.7116996318725004
1318,Alexei Ramírez,ramiral03,2013,0.30407934131736525,-2.6243302769461003
1319,Alexei Ramírez,ramiral03,2009,0.3185946398659966,-9.894397799999991
1320,Jermaine Dye,dyeje01,2007,0.3437262969588551,-22.54441328050089
1321,Aaron Hill,hillaa01,2014,0.2893733826247689,4.61109908207027
1322,Starlin Castro,castrst01,2015,0.28846760070052535,5.04414094746063
1323,Trevor Plouffe,plouftr01,2013,0.3090115384615385,-5.34125055307695
1324,Kenji Johjima,johjike01,2007,0.32973684210526316,-15.71735521052632
1325,Casey Blake,blakeca01,2007,0.3393404580152672,-20.520763127938935
1326,Alcides Escobar,escobal02,2014,0.30672340425531924,-4.266802246808549
1327,Kazuo Matsui,matsuka01,2009,0.2915184466019417,3.3182097258252554
1328,Melky Cabrera,cabreme01,2010,0.29239350912778905,2.8505326774847806
1329,Chris Young,youngch04,2007,0.32629260450160774,-14.104662598713842
1330,Juan Pierre,pierrju01,2011,0.2963583815028902,0.8374359421965227
1331,Salvador Perez,perezsa02,2015,0.30031329690346087,-1.3106806469945518
1332,DJ LeMahieu,lemahdj01,2014,0.2917881679389313,2.7233041217557243
1333,Willy Taveras,taverwi01,2006,0.3022447916666667,-2.5367498156250203
1334,Paul Konerko,konerpa01,2013,0.2982123552123552,-0.6898597845559529
1335,Kurt Suzuki,suzukku01,2010,0.29702587800369684,-0.09642351312382758
1336,Jean Segura,segurje01,2014,0.2717232472324723,12.5491072907749
1337,A.J. Pierzynski,pierza.01,2010,0.3020868686868687,-2.757762015757585
1338,Hank Blalock,blaloha01,2006,0.31479843750000003,-9.155664169687514
1339,José López,lopezjo01,2006,0.31401401869158874,-8.8133240813084
1340,Ty Wigginton,wiggity01,2007,0.3432417218543047,-23.452044998013257
1341,Franklin Gutierrez,gutiefr01,2010,0.2931189710610933,1.5576808488745613
1342,Ryan Theriot,theriry01,2007,0.30209693877551025,-2.9927987377551126
1343,Nick Punto,puntoni01,2006,0.3219902723735409,-12.97277976614787
1344,Jordy Mercer,mercejo03,2014,0.298814126394052,-1.5008456304832531
1345,Melky Cabrera,cabreme01,2007,0.3166212624584718,-10.417380331561468
1346,Jeff Keppinger,keppije01,2008,0.2908397565922921,2.397667800405676
1347,Jamey Carroll,carroja01,2012,0.2996245283018868,-2.1461815973584955
1348,Jesús Montero,monteje01,2012,0.295528233151184,-0.2473515792349854
1349,Gerardo Parra,parrage01,2014,0.2985257548845471,-1.7466118330373188
1350,J.J. Hardy,hardyjj01,2014,0.30261769911504427,-3.8132656661947113
1351,Delmon Young,youngde03,2007,0.3149455081001473,-10.079223971723131
1352,Alfonso Soriano,soriaal01,2009,0.31298255813953485,-9.127421963953473
1353,Jason Kipnis,kipnija01,2014,0.2890072463768116,2.854228204347832
1354,Nick Markakis,markani01,2013,0.3043098995695839,-4.839647814060223
1355,Salvador Perez,perezsa02,2014,0.3034950331125828,-4.80207882880797
1356,Ian Desmond,desmoia01,2011,0.2890718849840256,2.401898131948869
1357,Pedro Feliz,felizpe01,2007,0.30559183673469387,-5.89082996734693
1358,Jay Bruce,bruceja01,2015,0.3088268330733229,-7.508867087051483
1359,Scott Podsednik,podsesc01,2006,0.3047118353344769,-5.450682659005151
1360,Ichiro Suzuki,suzukic01,2011,0.2804908062234795,6.6538671199434205
1361,Mark Teahen,teahema01,2009,0.3210814159292036,-13.658200128495595
1362,Erick Aybar,aybarer01,2015,0.2805015873015873,6.618474784761908
1363,Coco Crisp,crispco01,2007,0.31546127366609295,-10.907192681239252
1364,Chone Figgins,figgich01,2010,0.29805547445255476,-2.2813932683211693
1365,Carl Crawford,crawfca02,2011,0.30182990654205605,-4.25923813345794
1366,Brendan Harris,harribr01,2007,0.34107054673721343,-23.95609572169314
1367,Clint Barmes,barmecl01,2009,0.31598657718120804,-11.489931954362397
1368,Brandon Inge,ingebr01,2007,0.30311150442477874,-5.160250589026553
1369,Yadier Molina,molinya01,2015,0.2870760456273764,2.8101503171102884
1370,Jason Kendall,kendaja01,2009,0.2896828793774318,1.3762991435798284
1371,Willy Taveras,taverwi01,2008,0.2765927342256214,7.893552537667304
1372,Aaron Hill,hillaa01,2011,0.289769366197183,1.263041325000053
1373,Shannon Stewart,stewash01,2007,0.32915898251192366,-18.468329142448304
1374,B.J. Upton,uptonbj01,2014,0.2769094076655052,7.565163059930315
1375,Michael Young,youngmi02,2012,0.2969722222222222,-2.539586683333317
1376,Mark Loretta,loretma01,2006,0.3155728571428571,-11.933003009428548
1377,Asdrúbal Cabrera,cabreas01,2015,0.3187124542124542,-13.523324601098883
1378,Austin Jackson,jacksau01,2014,0.2923099236641221,-0.4076606653435011
1379,Avisaíl García,garciav01,2015,0.29550167224080265,-2.024066698996654
1380,Melvin Mora,morame01,2007,0.332421965317919,-20.59036415838146
1381,Russell Martin,martiru01,2009,0.3086481802426343,-8.739510908145567
1382,Ronnie Belliard,belliro01,2006,0.31575042735042735,-12.301817696410268
1383,Chris Johnson,johnsch05,2014,0.2889225700164745,1.0765804915980297
1384,Ryan Theriot,theriry01,2009,0.31888838612368026,-13.931319866968321
1385,Delmon Young,youngde03,2008,0.3233121951219513,-16.193961372682978
1386,Pedro Feliz,felizpe01,2006,0.29965414710485133,-4.4609959333333435
1387,Adam Jones,jonesad01,2008,0.31182226562500004,-10.587082401953154
1388,Vladimir Guerrero,guerrvl01,2011,0.3194838160136286,-14.439134010562146
1389,Orlando Cabrera,cabreor01,2008,0.3140895316804408,-11.77109315619835
1390,Jhonny Peralta,peraljh01,2006,0.3119141494435612,-10.87303961907792
1391,Juan Pierre,pierrju01,2007,0.3068053596614951,-8.327793603667146
1392,Anthony Gose,gosean01,2015,0.30404502814258916,-7.007167972983124
1393,Wilson Ramos,ramoswi01,2015,0.26462549800796814,12.679164388047813
1394,Elvis Andrus,andruel01,2014,0.2906222222222222,-0.4235287733333468
1395,Jason Bartlett,bartlja01,2011,0.2787879282218597,5.385589820228386
1396,Aaron Hill,hillaa01,2010,0.2923864818024263,-1.5859524890814516
1397,Jhonny Peralta,peraljh01,2012,0.30090017211703957,-5.934216027194479
1398,Miguel Tejada,tejadmi01,2008,0.3169576399394856,-14.13562511255672
1399,Yunel Escobar,escobyu01,2010,0.301100538599641,-6.294432649551176
1400,Garret Anderson,anderga01,2009,0.3057312030075188,-8.640536322180457
1401,Ichiro Suzuki,suzukic01,2012,0.2998575803981623,-5.782746471975479
1402,Rafael Furcal,furcara02,2007,0.3075824175824176,-9.656452021978028
1403,Elvis Andrus,andruel01,2015,0.2921610429447853,-1.983195502147236
1404,Mark Ellis,ellisma01,2008,0.30992000000000003,-10.995632672000013
1405,Jason Kendall,kendaja01,2007,0.2754714003944773,6.164406267455611
1406,Juan Uribe,uribeju01,2007,0.29436823104693144,-3.3171572707581376
1407,Zack Cozart,cozarza01,2013,0.2887330016583748,-0.6286037472636927
1408,Orlando Cabrera,cabreor01,2010,0.29183646616541353,-2.210853037969935
1409,Pablo Sandoval,sandopa01,2015,0.28778727634194834,-0.27558353121275303
1410,Jeff Francoeur,francje02,2009,0.3147188498402556,-13.755857080511193
1411,Jose Altuve,altuvjo01,2013,0.29659728506787325,-4.782055641628942
1412,Alexei Ramírez,ramiral03,2015,0.2788384491114701,4.090320958642984
1413,David Eckstein,eckstda01,2006,0.31345719489981777,-13.414819418579194
1414,Iván Rodríguez,rodriiv01,2007,0.30799610136452243,-10.913362832748552
1415,Andrelton Simmons,simmoan01,2015,0.28970138888888886,-1.7829586958333241
1416,Shea Hillenbrand,hillesh02,2006,0.32577836879432626,-19.877459073404253
1417,Gordon Beckham,beckhgo01,2011,0.28505090909090913,0.4330559730908927
1418,Ronny Cedeño,cedenro02,2010,0.2945274949083503,-4.386815734826865
1419,Derek Jeter,jeterde01,2014,0.2787523961661342,3.483361767731621
1420,Stephen Drew,drewst01,2007,0.30026272577996715,-7.335386660098521
1421,Adeiny Hechavarría,hechaad01,2014,0.29024822695035457,-2.546468829787216
1422,Felipe López,lopezfe01,2007,0.2939398496240601,-4.4428951909774135
1423,Justin Smoak,smoakju01,2012,0.28808067542213883,-1.7123319515947344
1424,Ray Durham,durhara01,2007,0.28042720306513413,1.8056792954022889
1425,Allen Craig,craigal01,2014,0.26927524752475246,7.38351498138616
1426,Clint Barmes,barmecl01,2006,0.2564019607843137,13.72230304117647
1427,Kevin Kouzmanoff,kouzmke01,2010,0.2963681506849315,-6.297450276369862
1428,Nyjer Morgan,morgany01,2010,0.287843137254902,-2.1035232941176893
1429,Andrelton Simmons,simmoan01,2014,0.27324035087719295,5.140302718947389
1430,Yuniesky Betancourt,betanyu01,2006,0.30941594454072785,-13.193520966724403
1431,Carlos Gómez,gomezca01,2008,0.29103436988543374,-4.179671268739771
1432,Jean Segura,segurje01,2015,0.2683903281519861,6.666122095336817
1433,Jack Wilson,wilsoja02,2006,0.30224957264957264,-10.319141103589732
1434,Vernon Wells,wellsve01,2009,0.311524926686217,-15.008363395894442
1435,Miguel Olivo,olivomi01,2011,0.27601785714285715,2.6310868535714143
1436,Ryan Theriot,theriry01,2010,0.28631904761904764,-3.0012245628571605
1437,Michael Bourn,bournmi01,2008,0.2674161735700197,6.423361680473409
1438,Álex Ríos,riosal01,2009,0.3020015847860539,-10.9651058570523
1439,Alberto Callaspo,callaal01,2010,0.2965427135678392,-8.274760799999981
1440,Kurt Suzuki,suzukku01,2011,0.30214090019569473,-11.684786771819976
1441,Zack Cozart,cozarza01,2012,0.2982173913043478,-10.31237866956522
1442,Alex Gordon,gordoal01,2007,0.31616302521008405,-19.568185365042037
1443,J.J. Hardy,hardyjj01,2012,0.29026780626780624,-6.696261750427325
1444,Ángel Pagán,paganan01,2015,0.28007622504537205,-1.6187732217785857
1445,Mike Moustakas,moustmi01,2013,0.28748828125,-5.506036172656248
1446,Emilio Bonifácio,bonifem01,2009,0.2766327345309381,-0.45645427904190683
1447,Xander Bogaerts,bogaexa01,2014,0.2937952622673434,-9.070577424365439
1448,José Castillo,castijo02,2006,0.2914321880650994,-7.9386466350813585
1449,Jhonny Peralta,peraljh01,2009,0.30679315707620525,-15.781690278071515
1450,Julio Lugo,lugoju01,2007,0.28636977491961413,-5.736596664308681
1451,Mark Teahen,teahema01,2008,0.3129337641357028,-19.63301683295639
1452,Starlin Castro,castrst01,2013,0.2799801136363636,-3.300701505113622
1453,Robinson Canó,canoro01,2008,0.3106365079365079,-19.02400601047617
1454,Erick Aybar,aybarer01,2010,0.2864298093587521,-7.026623885615223
1455,Royce Clayton,claytro01,2006,0.28513821138211376,-6.670609717073141
1456,José López,lopezjo01,2007,0.28216847826086955,-5.295248398913039
1457,Craig Biggio,biggicr01,2007,0.290492700729927,-9.588746448905098
1458,Bobby Crosby,crosbbo01,2008,0.2880859504132231,-8.454970325950388
1459,Adam Everett,everead01,2006,0.27814882032667876,-3.974749756805817
1460,Jeff Francoeur,francje02,2012,0.2855656565656565,-7.844403521212101
1461,Jorge Cantú,cantujo01,2010,0.30575048732943466,-17.97018169590642
1462,Zack Cozart,cozarza01,2014,0.2539084112149533,7.919493251214952
1463,Yunel Escobar,escobyu01,2012,0.2841783333333333,-7.480510776999978
1464,Mark Ellis,ellisma01,2011,0.2818568627450981,-6.339388725882362
1465,Chris Owings,owingch01,2015,0.2546531365313653,6.9570065217712305
1466,Yuniesky Betancourt,betanyu01,2011,0.2806282271944922,-6.184866259896705
1467,Craig Biggio,biggicr01,2006,0.31390682196339437,-22.839707858236288
1468,Jemile Weeks,weeksje01,2012,0.275711155378486,-3.8755111677290657
1469,Alcides Escobar,escobal02,2013,0.24700316455696203,10.3832669943038
1470,A.J. Pierzynski,pierza.01,2007,0.3086719681908548,-20.50140884532799
1471,Casey McGehee,mcgehca01,2011,0.2749496644295302,-3.874638828859087
1472,Delmon Young,youngde03,2012,0.30534925864909385,-19.42950051103786
1473,Alcides Escobar,escobal02,2011,0.2794507772020725,-6.6159451005181324
1474,Álex González,gonzaal02,2011,0.28105612244897954,-7.958885174489762
1475,Brandon Moss,mossbr01,2015,0.3080708812260537,-21.610765221839095
1476,Jimmy Rollins,rolliji01,2015,0.28283807829181495,-9.200159969750885
1477,Yuniesky Betancourt,betanyu01,2009,0.2735211267605634,-4.540132000000014
1478,Marcus Semien,semiema01,2015,0.31092487479131886,-23.59823747979967
1479,Yuniesky Betancourt,betanyu01,2008,0.30192979452054797,-19.38919876404111
1480,Omar Vizquel,vizquom01,2007,0.27663063063063065,-7.455401978378376
1481,Alcides Escobar,escobal02,2015,0.27054307692307694,-4.570610938153866
1482,Tony Peña,penato02,2007,0.27995075757575755,-10.566018584090884
1483,José López,lopezjo01,2010,0.2694895330112721,-5.503663461835739
1484,Nick Punto,puntoni01,2007,0.25962759924385637,-1.1710535799622086
1485,Adeiny Hechavarría,hechaad01,2013,0.25141186736474697,2.6681811005235474
1486,Brad Ausmus,ausmubr01,2006,0.27128105906313643,-8.489724956008125
1487,César Izturis,izturce01,2010,0.2485861386138614,2.651516242376232
1488,Darwin Barney,barneda01,2013,0.2515955882352941,0.30629005735296033
1489,Alcides Escobar,escobal02,2010,0.27008872458410355,-9.013359073567486
1490,Matt Dominguez,dominma01,2014,0.25983416252072966,-6.034369631840789
1491,Jeff Francoeur,francje02,2008,0.2875579598145286,-23.130887063369407
1492,Ángel Berroa,berroan01,2006,0.25742393509127787,-9.448854373225153
1493,Álex Ríos,riosal01,2011,0.2673922261484099,-15.174660619081294
1494,Ronny Cedeño,cedenro02,2006,0.26305967450271245,-19.387662993128373
