Rk,Player,Season,Age,Team,Lg,G,PA,AB,R,H,1B,2B,3B,HR,RBI,SB,CS,BB,SO,BA,OBP,SLG,OPS,OPS+,TB,GIDP,HBP,SH,SF,IBB,WPA,WPA/LI,Clutch,RE24,REW,RE24/boLI,aLI,Pos,Player-additional
1,Álex Rodríguez,2007,31,NYY,AL,158,708,583,143,183,98,31,0,54,156,24,4,95,120,.314,.422,.645,1.067,176,376,15,21,0,9,11,7.5,6.5,0.9,82.54,7.5,79.23,1.00,*5/D,rodrial01
2,Albert Pujols,2009,29,STL,NL,160,700,568,124,186,93,45,1,47,135,16,4,115,64,.327,.443,.658,1.101,189,374,23,9,0,8,44,8.0,7.2,0.6,78.73,7.5,77.75,1.03,*3/HD,pujolal01
3,Miguel Cabrera,2013,30,DET,AL,148,652,555,103,193,122,26,1,44,137,3,0,90,94,.348,.442,.636,1.078,190,353,19,5,0,2,19,6.7,6.9,-0.2,76.24,7.2,74.44,0.99,*5/DH,cabremi01
4,Bryce Harper,2015,22,WSN,NL,153,654,521,118,172,91,38,1,42,99,6,4,124,131,.330,.460,.649,1.109,198,338,15,5,0,4,15,6.2,7.9,-1.8,75.70,7.3,84.83,1.01,*98/D,harpebr03
5,Ryan Howard,2006,26,PHI,NL,159,704,581,104,182,98,25,1,58,149,0,0,108,181,.313,.425,.659,1.084,167,383,7,9,0,6,37,8.2,7.4,0.4,74.92,6.7,83.35,1.06,*3/H,howarry01
6,Albert Pujols,2008,28,STL,NL,148,641,524,100,187,106,44,0,37,116,7,3,104,54,.357,.462,.653,1.114,192,342,16,5,0,8,34,6.5,6.5,-0.1,73.33,6.9,75.08,1.02,*3/HD4,pujolal01
7,Mike Trout,2013,21,LAA,AL,157,716,589,109,190,115,39,9,27,97,33,7,110,136,.323,.432,.557,.988,179,328,8,9,0,8,10,4.7,7.1,-2.4,73.25,7.3,79.23,1.01,*87/D,troutmi01
8,Albert Pujols,2006,26,STL,NL,143,634,535,119,177,94,33,1,49,137,7,2,92,50,.331,.431,.671,1.102,178,359,20,4,0,3,28,9.4,6.4,2.8,72.14,6.6,75.02,1.02,*3/H,pujolal01
9,Chris Davis,2013,27,BAL,AL,160,673,584,103,167,71,42,1,53,138,4,1,72,199,.286,.370,.634,1.004,168,370,4,10,0,7,12,8.0,5.9,2.0,71.06,6.8,66.79,1.02,*3/D,davisch02
10,Prince Fielder,2009,25,MIL,NL,162,719,591,103,177,93,35,3,46,141,2,3,110,138,.299,.412,.602,1.014,166,356,14,9,0,9,21,8.0,6.7,1.0,70.74,6.7,74.56,1.04,*3,fieldpr01
11,Lance Berkman,2006,30,HOU,NL,152,646,536,95,169,95,29,0,45,136,3,2,98,106,.315,.420,.621,1.041,163,333,11,4,0,8,22,5.6,5.8,-0.5,70.52,6.5,68.73,1.04,*39/7HD,berkmla01
12,Miguel Cabrera,2011,28,DET,AL,161,688,572,111,197,119,48,0,30,105,2,1,108,89,.344,.448,.586,1.033,179,335,24,3,0,5,22,7.6,6.2,1.3,70.12,6.7,70.91,1.01,*3/DH,cabremi01
13,Joey Votto,2010,26,CIN,NL,150,648,547,106,177,102,36,2,37,113,16,5,91,125,.324,.424,.600,1.024,171,328,11,7,0,3,8,6.9,6.4,0.4,69.19,6.6,71.73,1.01,*3/H,vottojo01
14,Magglio Ordóñez,2007,33,DET,AL,157,679,595,117,216,134,54,0,28,139,4,1,76,79,.363,.434,.595,1.029,166,354,20,2,0,5,8,6.3,5.3,0.7,68.36,6.2,63.80,1.04,*9D/H,ordonma01
15,Paul Goldschmidt,2013,25,ARI,NL,160,710,602,103,182,107,36,3,36,125,15,7,99,145,.302,.401,.551,.952,160,332,25,3,0,5,19,8.0,5.3,1.9,67.27,6.6,55.41,1.11,*3/H,goldspa01
16,Matt Kemp,2011,26,LAD,NL,161,689,602,115,195,119,33,4,39,126,40,11,74,159,.324,.399,.586,.986,172,353,16,6,0,7,24,6.3,6.4,-0.5,66.53,6.7,69.88,1.05,*8/DH,kempma01
17,José Bautista,2011,30,TOR,AL,149,655,513,105,155,86,24,2,43,103,9,5,132,111,.302,.447,.608,1.056,182,312,8,6,0,4,24,8.0,6.9,0.8,66.46,6.3,74.44,1.05,*95/D,bautijo02
18,Joey Votto,2015,31,CIN,NL,158,695,545,95,171,107,33,2,29,80,11,3,143,135,.314,.459,.541,1.000,174,295,11,5,0,2,15,6.2,6.7,-0.5,65.45,6.4,68.97,1.01,*3/H,vottojo01
19,Mike Trout,2014,22,LAA,AL,157,705,602,115,173,89,39,9,36,111,16,2,83,184,.287,.377,.561,.939,169,338,6,10,0,10,6,7.0,5.5,1.6,65.17,6.6,55.24,0.97,*8/D,troutmi01
20,Ryan Braun,2011,27,MIL,NL,150,629,563,109,187,110,38,6,33,111,33,6,58,93,.332,.397,.597,.994,166,336,9,5,0,3,2,6.4,6.8,0.1,64.96,6.3,70.00,0.94,*7/HD,braunry02
21,David Ortiz,2007,31,BOS,AL,149,667,549,116,182,94,52,1,35,117,3,1,111,103,.332,.445,.621,1.066,171,341,16,4,0,3,12,4.6,6.2,-1.8,64.26,5.7,72.67,1.04,*D/3H,ortizda01
22,Freddie Freeman,2013,23,ATL,NL,147,629,551,89,176,124,27,2,23,109,1,0,66,121,.319,.396,.501,.897,147,276,10,7,0,5,10,6.0,4.3,1.6,63.89,6.3,50.52,1.01,*3/H,freemfr01
23,Joey Votto,2011,27,CIN,NL,161,719,599,101,185,113,40,3,29,103,8,6,110,129,.309,.416,.531,.947,155,318,20,4,0,6,15,7.1,5.4,1.3,63.30,6.1,60.28,1.06,*3/H,vottojo01
24,Miguel Cabrera,2006,23,FLA,NL,158,676,576,112,195,117,50,2,26,114,9,6,86,108,.339,.430,.568,.998,159,327,18,10,0,4,27,4.7,5.4,-0.4,63.22,6.0,63.77,0.94,*5/D,cabremi01
25,Carlos Beltrán,2006,29,NYM,NL,140,617,510,127,140,60,38,1,41,116,18,3,95,99,.275,.388,.594,.982,150,303,6,4,1,7,6,5.3,4.4,1.2,62.75,5.8,58.98,0.96,*8/HD,beltrca01
26,Manny Ramírez,2008,36,BOSLAD,ALNL,153,654,552,102,183,109,36,1,37,121,3,0,87,124,.332,.430,.601,1.031,166,332,17,11,0,4,24,7.1,5.6,1.2,62.41,5.8,65.63,1.05,*7D/H,ramirma02
27,Prince Fielder,2011,27,MIL,NL,162,692,569,95,170,95,36,1,38,120,1,1,107,106,.299,.415,.566,.981,164,322,17,10,0,6,32,7.7,6.1,1.6,61.99,6.0,66.86,1.00,*3/D,fieldpr01
28,Miguel Cabrera,2010,27,DET,AL,150,648,548,111,180,96,45,1,38,126,3,3,89,95,.328,.420,.622,1.042,178,341,17,3,0,8,32,7.5,5.9,0.8,60.93,5.8,68.11,1.11,*3/D,cabremi01
29,Lance Berkman,2008,32,HOU,NL,159,665,554,114,173,94,46,4,29,106,18,4,99,108,.312,.420,.567,.986,160,314,13,7,0,5,18,7.0,5.0,1.9,60.50,5.8,56.34,1.01,*3/DH,berkmla01
30,Travis Hafner,2006,29,CLE,AL,129,564,454,100,140,66,31,1,42,117,0,0,100,111,.308,.439,.659,1.097,181,299,10,7,0,2,16,4.6,4.9,-0.2,59.30,5.4,62.84,0.97,*D/3H,hafnetr01
31,Anthony Rizzo,2015,25,CHC,NL,160,701,586,94,163,91,38,3,31,101,17,6,78,105,.278,.387,.512,.899,146,300,9,30,0,7,9,7.4,5.5,1.8,59.30,5.9,59.08,1.02,*3,rizzoan01
32,Paul Goldschmidt,2015,27,ARI,NL,159,695,567,103,182,109,38,2,33,110,21,5,118,151,.321,.435,.570,1.005,168,323,16,2,0,7,29,6.1,5.9,0.2,59.24,5.7,66.91,0.99,*3/DH,goldspa01
33,Jacoby Ellsbury,2011,27,BOS,AL,158,732,660,119,212,129,46,5,32,105,39,15,52,98,.321,.376,.552,.928,146,364,8,9,3,5,1,6.2,4.8,1.6,59.01,5.6,53.48,0.98,*8/HD,ellsbja01
34,Mark Teixeira,2008,28,ATLLAA,ALNL,157,685,574,102,177,103,41,0,33,121,2,0,97,93,.308,.410,.552,.962,152,317,17,7,0,7,13,6.1,4.9,0.8,58.97,5.5,59.09,1.08,*3/D,teixema01
35,David Ortiz,2006,30,BOS,AL,151,686,558,115,160,75,29,2,54,137,1,0,119,117,.287,.413,.636,1.049,161,355,12,4,0,5,23,7.8,6.5,1.4,58.29,5.2,71.67,0.99,*D3/H,ortizda01
36,Josh Donaldson,2015,29,TOR,AL,158,711,620,122,184,100,41,2,41,123,6,0,73,133,.297,.371,.568,.939,151,352,16,6,2,10,0,6.0,5.7,0.8,57.47,5.5,61.61,0.92,*5/DH,donaljo02
37,Edwin Encarnación,2012,29,TOR,AL,151,644,542,93,152,86,24,0,42,110,13,3,84,94,.280,.384,.557,.941,153,302,6,11,0,7,12,4.8,4.8,0.2,57.12,5.5,55.42,0.97,D3/75,encared01
38,Josh Hamilton,2010,29,TEX,AL,133,571,518,95,186,111,40,3,32,100,8,1,43,95,.359,.411,.633,1.044,170,328,11,5,1,4,5,6.2,5.2,0.8,56.70,5.2,61.45,1.04,*78D/H,hamiljo03
39,Joe Mauer,2009,26,MIN,AL,138,606,523,94,191,132,30,1,28,96,4,1,76,63,.365,.444,.587,1.031,171,307,13,2,0,5,14,3.8,5.1,-1.0,56.18,5.2,64.76,0.93,*2D/H,mauerjo01
40,Albert Pujols,2010,30,STL,NL,159,700,587,115,183,101,39,1,42,118,14,4,103,76,.312,.414,.596,1.011,173,350,23,4,0,6,38,5.3,6.0,-0.6,55.73,5.5,69.40,0.99,*3/H,pujolal01
41,Derrek Lee,2009,33,CHC,NL,141,615,532,91,163,90,36,2,35,111,1,0,76,109,.306,.393,.579,.972,146,308,12,3,0,4,6,3.7,4.8,-1.3,55.30,5.1,55.52,1.05,*3/D,leede02
42,Matt Holliday,2007,27,COL,NL,158,713,636,120,216,124,50,6,36,137,11,4,63,126,.340,.405,.607,1.012,151,386,23,10,0,4,7,4.8,5.5,-0.9,55.13,4.9,60.47,1.04,*7/D,hollima01
43,Victor Martinez,2014,35,DET,AL,151,641,561,87,188,123,33,0,32,103,3,2,70,42,.335,.409,.565,.974,172,317,17,4,0,6,28,4.4,4.6,-0.1,54.74,5.4,54.33,0.97,*D3/2H,martivi01
44,Carlos Peña,2007,29,TBD,AL,148,612,490,99,138,62,29,1,46,121,1,0,103,142,.282,.411,.627,1.037,172,307,7,10,1,8,10,3.9,4.9,-0.9,54.63,5.1,60.37,0.99,*3/DH,penaca01
45,Bobby Abreu,2006,32,NYYPHI,ALNL,156,686,548,98,163,105,41,2,15,107,30,6,124,138,.297,.424,.462,.886,126,253,13,3,2,9,6,4.7,3.2,1.4,54.35,4.9,38.25,1.01,*9/8DH,abreubo01
46,José Bautista,2010,29,TOR,AL,161,683,569,109,148,56,35,3,54,124,9,2,100,116,.260,.378,.617,.995,164,351,10,10,0,4,2,4.1,5.6,-0.9,54.20,5.1,63.74,0.89,*95/3D8,bautijo02
47,Adrián González,2010,28,SDP,NL,160,693,591,87,176,112,33,0,31,101,0,0,93,114,.298,.393,.511,.904,152,302,15,2,2,4,35,4.7,4.4,0.3,54.11,5.5,50.58,1.00,*3/D,gonzaad01
48,Derek Jeter,2006,32,NYY,AL,154,715,623,118,214,158,39,3,14,97,34,5,69,102,.343,.417,.483,.900,132,301,13,12,7,4,4,6.0,3.8,2.2,54.04,4.9,44.76,1.00,*6/D,jeterde01
49,Vladimir Guerrero,2007,32,LAA,AL,150,660,574,89,186,113,45,1,27,125,2,3,71,62,.324,.403,.547,.950,147,314,19,9,0,6,28,5.9,3.7,2.3,53.82,4.9,42.00,0.99,9D,guerrvl01
50,Lance Berkman,2011,35,STL,NL,145,587,488,90,147,91,23,2,31,94,2,6,92,93,.301,.412,.547,.959,164,267,7,3,0,4,17,5.7,4.7,0.7,53.42,5.3,53.00,1.05,*937/HD,berkmla01
51,Mike Trout,2012,20,LAA,AL,139,639,559,129,182,117,27,8,30,83,49,5,67,139,.326,.399,.564,.963,168,315,7,6,0,7,4,5.3,5.8,-0.1,53.41,5.3,62.76,0.92,*87/9H,troutmi01
52,Jim Thome,2006,35,CHW,AL,143,610,490,108,141,73,26,0,42,109,0,0,107,147,.288,.416,.598,1.014,155,293,4,6,0,7,12,3.2,5.1,-1.8,52.74,4.7,59.53,0.97,*D/H3,thomeji01
53,Matt Carpenter,2013,27,STL,NL,157,717,626,126,199,126,55,7,11,78,3,3,72,98,.318,.392,.481,.873,140,301,4,9,3,7,1,4.4,4.4,0.6,52.09,5.2,46.30,0.88,*45/H39,carpema01
54,Ryan Braun,2009,25,MIL,NL,158,708,635,113,203,126,39,6,32,114,20,6,57,121,.320,.386,.551,.937,146,350,6,13,0,3,1,4.4,4.5,0.0,51.65,4.9,50.70,0.99,*7/H,braunry02
55,Chipper Jones,2007,35,ATL,NL,134,600,513,108,173,98,42,4,29,102,5,1,82,75,.337,.425,.604,1.029,165,310,21,0,0,5,10,4.4,5.3,-1.1,51.61,4.8,56.13,1.05,*5/DH6,jonesch06
56,Chase Headley,2012,28,SDP,NL,161,699,604,95,173,109,31,2,31,115,17,6,86,157,.286,.376,.498,.875,145,301,7,4,0,5,2,4.1,4.8,-0.6,51.60,5.3,54.30,1.00,*5/H3,headlch01
57,Ryan Braun,2012,28,MIL,NL,154,677,598,108,191,111,36,3,41,112,30,7,63,128,.319,.391,.595,.987,158,356,12,11,0,5,15,5.1,5.7,-0.5,51.51,4.9,63.46,0.98,*7/DH,braunry02
58,Todd Helton,2007,33,COL,NL,154,682,557,86,178,117,42,2,17,91,0,1,116,74,.320,.434,.494,.928,133,275,15,2,0,7,16,4.6,3.8,0.6,51.39,4.6,46.53,1.05,*3/DH,heltoto01
59,Joey Votto,2009,25,CIN,NL,131,544,469,82,151,87,38,1,25,84,4,1,70,106,.322,.414,.567,.981,156,266,8,4,0,1,10,6.1,5.0,1.5,51.19,4.8,52.84,0.95,*3/H,vottojo01
60,Adrián González,2011,29,BOS,AL,159,715,630,108,213,138,45,3,27,117,1,0,74,119,.338,.410,.548,.957,155,345,28,6,0,5,20,3.8,4.5,-0.4,51.16,4.8,55.46,0.95,*3/9D,gonzaad01
61,Mike Trout,2015,23,LAA,AL,159,682,575,104,172,93,32,6,41,90,11,7,92,158,.299,.402,.590,.991,176,339,11,10,0,5,14,5.0,5.9,-0.4,50.79,5.1,63.85,0.92,*8/D,troutmi01
62,Buster Posey,2012,25,SFG,NL,148,610,530,78,178,114,39,1,24,103,1,1,69,96,.336,.408,.549,.957,171,291,19,2,0,9,7,4.8,4.9,-0.3,50.78,5.2,54.19,1.05,*23/HD,poseybu01
63,Prince Fielder,2007,23,MIL,NL,158,681,573,109,165,78,35,2,50,119,2,2,90,121,.288,.395,.618,1.013,157,354,9,14,0,4,21,5.2,5.3,0.2,50.62,4.7,63.34,0.94,*3/DH,fieldpr01
64,Robinson Canó,2013,30,NYY,AL,160,681,605,81,190,122,41,0,27,107,7,1,65,85,.314,.383,.516,.899,147,312,18,6,0,5,16,4.9,4.1,0.9,50.43,4.9,48.23,0.99,*4/D6,canoro01
65,Shin-Soo Choo,2013,30,CIN,NL,154,712,569,107,162,105,34,2,21,54,20,11,112,133,.285,.423,.462,.885,145,263,3,26,3,2,5,5.4,4.9,0.5,50.33,5.0,52.81,0.98,*8/7H,choosh01
66,Prince Fielder,2012,28,DET,AL,162,690,581,83,182,118,33,1,30,108,1,0,85,84,.313,.412,.528,.940,151,307,19,17,0,7,18,4.9,4.4,0.3,50.28,4.8,54.26,1.03,*3/D,fieldpr01
67,Joey Votto,2013,29,CIN,NL,162,726,581,101,177,120,30,3,24,73,6,3,135,138,.305,.435,.491,.926,156,285,15,4,0,6,19,3.7,4.8,-1.2,49.83,5.0,58.98,1.02,*3/H,vottojo01
68,Giancarlo Stanton,2014,24,MIA,NL,145,638,539,89,155,86,31,1,37,105,13,1,94,170,.288,.395,.555,.950,164,299,16,3,0,2,24,5.1,5.1,-0.4,49.65,5.0,60.09,1.09,*9/DH,stantmi03
69,Miguel Cabrera,2007,24,FLA,NL,157,680,588,91,188,114,38,2,34,119,2,1,79,127,.320,.401,.565,.965,150,332,17,5,1,7,23,4.8,4.3,0.5,49.15,4.6,46.73,1.00,*5/DH,cabremi01
70,Matt Holliday,2013,33,STL,NL,141,602,520,103,156,102,31,1,22,94,6,1,69,86,.300,.389,.490,.879,142,255,31,9,0,4,5,3.9,3.6,0.6,49.01,4.9,40.95,0.93,*7/DH,hollima01
71,Chipper Jones,2008,36,ATL,NL,128,534,439,82,160,113,24,1,22,75,4,0,90,61,.364,.470,.574,1.044,176,252,13,1,0,4,16,3.7,4.6,-0.8,48.83,4.6,51.43,0.99,*5H/D,jonesch06
72,Hanley Ramírez,2009,25,FLA,NL,151,652,576,101,197,130,42,1,24,106,27,8,61,101,.342,.410,.543,.954,148,313,9,9,1,5,14,3.5,4.9,-1.4,48.31,4.5,57.52,0.99,*6/H,ramirha01
73,Albert Pujols,2007,27,STL,NL,158,679,565,99,185,114,38,1,32,103,2,6,99,58,.327,.429,.568,.997,157,321,27,7,0,8,22,4.7,4.8,0.0,48.05,4.5,57.28,0.98,*3/H,pujolal01
74,Andrew McCutchen,2012,25,PIT,NL,157,673,593,107,194,128,29,6,31,96,20,12,70,132,.327,.400,.553,.953,162,328,9,5,0,5,13,4.6,4.9,-0.1,48.04,4.8,54.03,0.97,*8/H,mccutan01
75,Manny Ramírez,2006,34,BOS,AL,130,558,449,79,144,81,27,1,35,102,0,1,100,102,.321,.439,.619,1.058,165,278,13,1,0,8,16,3.8,4.4,-0.9,48.02,4.3,51.80,1.07,*7/DH,ramirma02
76,Paul Konerko,2010,34,CHW,AL,149,631,548,89,171,101,30,1,39,111,0,1,72,110,.312,.393,.584,.977,160,320,9,5,0,6,7,3.7,5.1,-1.5,47.86,4.5,58.47,1.02,*3D/H,konerpa01
77,Chase Utley,2009,30,PHI,NL,156,687,571,112,161,98,28,4,31,93,23,0,88,110,.282,.397,.508,.905,137,290,5,24,0,4,3,4.6,4.8,0.3,47.83,4.5,55.50,0.90,*4/H,utleych01
78,Joe Mauer,2012,29,MIN,AL,147,641,545,81,174,129,31,4,10,85,8,4,90,88,.319,.416,.446,.861,140,243,23,2,1,3,10,4.1,2.8,1.2,47.62,4.7,34.18,1.02,2D3/H,mauerjo01
79,Andrew McCutchen,2015,28,PIT,NL,157,685,566,91,165,103,36,3,23,96,11,5,98,133,.292,.401,.488,.889,144,276,9,12,0,9,12,5.1,3.6,1.5,47.42,4.7,42.14,1.00,*8/DH,mccutan01
80,Jason Bay,2009,30,BOS,AL,151,638,531,103,142,74,29,3,36,119,13,3,94,162,.267,.384,.537,.921,134,285,9,9,0,4,4,4.5,3.7,1.0,47.39,4.3,41.77,0.97,*7/D,bayja01
81,Miguel Cabrera,2015,32,DET,AL,119,511,429,64,145,98,28,1,18,76,1,1,77,82,.338,.440,.534,.974,169,229,19,3,0,2,15,4.5,3.6,0.9,47.23,4.6,41.13,1.00,3D/H,cabremi01
82,José Abreu,2014,27,CHW,AL,145,622,556,80,176,103,35,2,36,107,3,1,51,131,.317,.383,.581,.964,173,323,14,11,0,4,15,4.4,4.6,-0.3,47.14,4.8,50.51,1.01,*3D/H,abreujo02
83,Allen Craig,2013,28,STL,NL,134,563,508,71,160,116,29,2,13,97,2,0,40,100,.315,.373,.457,.830,129,232,12,10,0,5,2,3.0,2.3,0.9,46.96,4.7,31.00,0.94,379/HD,craigal01
84,Kris Bryant,2015,23,CHC,NL,151,650,559,87,154,92,31,5,26,99,13,4,77,199,.275,.369,.488,.858,135,273,7,9,0,5,0,6.1,4.0,1.8,46.92,4.7,41.23,1.05,*5/789H3D,bryankr01
85,Ryan Howard,2009,29,PHI,NL,160,703,616,105,172,86,37,4,45,141,8,1,75,186,.279,.360,.571,.931,141,352,11,6,0,6,8,6.4,3.9,2.5,46.85,4.4,41.00,0.99,*3/DH,howarry01
86,Miguel Cabrera,2012,29,DET,AL,161,697,622,109,205,121,40,0,44,139,4,1,66,98,.330,.393,.606,.999,164,377,28,3,0,6,17,4.8,5.9,-1.1,46.77,4.4,62.94,0.99,*5/D3,cabremi01
87,Jason Giambi,2006,35,NYY,AL,139,579,446,92,113,51,25,0,37,113,2,0,110,106,.253,.413,.558,.971,148,249,10,16,0,7,12,4.2,3.7,0.1,46.44,4.2,42.94,1.09,D3/H,giambja01
88,Jim Thome,2007,36,CHW,AL,130,536,432,79,119,65,19,0,35,96,0,1,95,134,.275,.410,.563,.973,150,243,10,6,0,3,11,2.9,3.5,-0.7,46.38,4.2,44.30,1.00,*D/H3,thomeji01
89,Matt Holliday,2008,28,COL,NL,139,623,539,107,173,108,38,2,25,88,28,2,74,104,.321,.409,.538,.947,138,290,9,8,0,2,6,4.9,4.4,0.5,45.96,4.1,49.65,1.02,*7,hollima01
90,Grady Sizemore,2008,25,CLE,AL,157,745,634,101,170,93,39,5,33,90,38,5,98,130,.268,.374,.502,.876,133,318,5,11,0,2,14,3.7,3.6,0.3,45.92,4.3,39.60,0.95,*8/D,sizemgr01
91,Josh Hamilton,2012,31,TEX,AL,148,636,562,103,160,84,31,2,43,128,7,4,60,162,.285,.354,.577,.930,141,324,9,5,0,9,13,2.7,4.4,-1.4,45.86,4.3,48.80,0.90,*87D/9H,hamiljo03
92,Jermaine Dye,2006,32,CHW,AL,146,611,539,103,170,96,27,3,44,120,7,3,59,118,.315,.385,.622,1.006,151,335,15,6,0,7,4,4.9,4.3,0.7,45.65,4.1,51.65,0.98,*9/H,dyeje01
93,Jayson Werth,2014,35,WSN,NL,147,629,534,85,156,102,37,1,16,82,9,1,83,113,.292,.394,.455,.849,134,243,9,9,0,3,3,4.4,3.7,0.7,45.54,4.5,39.86,1.01,*9/DH,werthja01
94,David Wright,2007,24,NYM,NL,160,711,604,113,196,123,42,1,30,107,34,5,94,115,.325,.416,.546,.963,149,330,14,6,0,7,6,4.2,5.2,-0.7,45.34,4.2,55.98,0.94,*5/H,wrighda03
95,Chase Utley,2007,28,PHI,NL,132,613,530,104,176,101,48,5,22,103,9,1,50,89,.332,.410,.566,.976,146,300,7,25,1,7,1,3.7,4.7,-1.0,45.27,4.1,55.51,0.98,*4/3H,utleych01
96,Carlos González,2010,24,COL,NL,145,636,587,111,197,120,34,9,34,117,26,8,40,135,.336,.376,.598,.974,143,351,9,2,0,7,8,3.1,4.5,-1.6,45.14,4.1,49.95,1.06,*789/H,gonzaca01
97,José Bautista,2014,33,TOR,AL,155,673,553,101,158,96,27,0,35,103,6,2,104,96,.286,.403,.524,.928,162,290,18,9,1,6,11,3.8,5.6,-1.7,44.74,4.5,59.03,0.97,*9D38/H,bautijo02
98,Josh Hamilton,2008,27,TEX,AL,156,704,624,98,190,118,35,5,32,130,9,1,64,126,.304,.371,.530,.901,135,331,8,7,0,9,9,3.7,3.6,0.3,44.71,4.2,44.66,0.94,*89D/H,hamiljo03
99,Jason Heyward,2010,20,ATL,NL,142,623,520,83,144,92,29,5,18,72,11,6,91,128,.277,.393,.456,.849,131,237,13,10,0,2,2,4.8,4.1,0.7,44.67,4.4,45.44,1.01,*9/H,heywaja01
100,Victor Martinez,2011,32,DET,AL,145,595,540,76,178,126,40,0,12,103,1,0,46,51,.330,.380,.470,.850,131,254,20,2,0,7,6,3.3,2.5,0.7,44.53,4.3,29.66,1.02,*D2/3H,martivi01
101,Garrett Atkins,2006,26,COL,NL,157,695,602,117,198,120,48,1,29,120,4,0,79,76,.329,.409,.556,.965,136,335,24,7,0,7,6,3.3,3.6,-0.4,44.50,3.9,41.54,1.04,*5/3,atkinga01
102,Michael Brantley,2014,27,CLE,AL,156,676,611,94,200,133,45,2,20,97,23,1,52,56,.327,.385,.506,.890,148,309,16,8,0,5,4,4.3,4.3,-0.3,44.38,4.4,44.12,1.07,*78/DH,brantmi02
103,Miguel Cabrera,2014,31,DET,AL,159,685,611,101,191,113,52,1,25,109,1,1,60,117,.313,.371,.524,.895,150,320,21,3,0,11,10,4.4,4.4,0.6,44.26,4.4,49.10,0.87,*3D5/H,cabremi01
104,Justin Morneau,2008,27,MIN,AL,163,712,623,97,187,113,47,4,23,129,0,1,76,85,.300,.374,.499,.873,134,311,20,3,0,10,16,3.8,2.8,0.7,44.25,4.2,32.88,1.10,*3/D,morneju01
105,Chris Davis,2015,29,BAL,AL,160,670,573,100,150,72,31,0,47,117,2,3,84,208,.262,.361,.562,.923,147,322,6,8,0,5,6,3.9,3.6,0.3,44.23,4.3,49.14,0.99,*39D,davisch02
106,Nate McLouth,2008,26,PIT,NL,152,685,597,113,165,89,46,4,26,94,23,3,65,93,.276,.356,.497,.853,125,297,5,12,5,6,11,3.8,2.6,1.1,44.12,4.2,34.05,1.05,*8/79H,mclouna01
107,Adrián González,2009,27,SDP,NL,160,681,552,90,153,84,27,2,40,99,1,1,119,109,.277,.407,.551,.958,162,304,23,5,1,4,22,3.9,4.8,-0.8,44.06,4.4,51.86,0.98,*3/HD,gonzaad01
108,David Ortiz,2013,37,BOS,AL,137,600,518,84,160,90,38,2,30,103,4,0,76,88,.309,.395,.564,.959,159,292,21,1,0,5,27,2.4,3.4,-1.1,44.05,4.2,41.58,1.03,*D/3H,ortizda01
109,Justin Morneau,2006,25,MIN,AL,157,661,592,97,190,118,37,1,34,130,3,3,53,93,.321,.375,.559,.934,140,331,10,5,0,11,9,4.6,3.3,1.1,44.02,4.0,40.32,1.04,*3/DH,morneju01
110,Carlos Quentin,2008,25,CHW,AL,130,569,480,96,138,75,26,1,36,100,7,3,66,80,.288,.394,.571,.965,149,274,16,20,0,3,0,3.9,3.9,0.1,43.78,4.0,43.38,0.97,*7,quentca01
111,Kevin Youkilis,2008,29,BOS,AL,145,621,538,91,168,92,43,4,29,115,3,5,62,108,.312,.390,.569,.958,144,306,11,12,0,9,7,2.3,3.1,-0.8,43.76,4.0,40.65,1.01,*35/9H,youklke01
112,Kevin Youkilis,2009,30,BOS,AL,136,588,491,99,150,86,36,1,27,94,7,2,77,125,.305,.413,.548,.961,146,269,9,16,0,4,6,2.6,3.6,-0.9,43.59,3.9,46.01,0.93,35/7H,youklke01
113,José Bautista,2015,34,TOR,AL,153,666,543,108,136,64,29,3,40,114,8,2,110,106,.250,.377,.536,.913,145,291,19,5,0,8,2,3.7,4.2,-0.1,43.50,4.2,51.06,0.91,*9D/H,bautijo02
114,Mark Teixeira,2007,27,ATLTEX,ALNL,132,575,494,86,151,86,33,2,30,105,0,0,72,112,.306,.400,.563,.963,149,278,7,7,0,2,13,2.4,2.1,0.3,43.07,4.0,33.75,1.02,*3/D,teixema01
115,Ben Zobrist,2009,28,TBR,AL,152,599,501,91,149,87,28,7,27,91,17,6,91,104,.297,.405,.543,.948,149,272,7,2,1,4,4,4.2,3.5,0.5,43.04,4.0,40.97,1.04,49H6/7835D,zobribe01
116,Edwin Encarnación,2013,30,TOR,AL,142,621,530,90,144,78,29,1,36,104,7,1,82,62,.272,.370,.534,.904,145,283,20,4,0,5,7,3.4,4.6,-1.1,42.72,4.1,48.64,1.01,3D5,encared01
117,Josh Donaldson,2013,27,OAK,AL,158,668,579,89,174,110,37,3,24,93,5,2,76,110,.301,.384,.499,.883,145,289,15,6,1,6,2,4.6,3.7,1.3,42.61,4.2,40.11,0.93,*5/D36,donaljo02
118,Joe Mauer,2008,25,MIN,AL,146,633,536,98,176,132,31,4,9,85,1,1,84,50,.328,.413,.451,.864,134,242,21,1,1,11,8,4.8,3.6,1.1,42.60,4.1,40.31,1.02,*2/HD,mauerjo01
119,Andrew McCutchen,2014,27,PIT,NL,146,648,548,89,172,103,38,6,25,83,18,3,84,115,.314,.410,.542,.952,166,297,9,10,0,6,8,4.9,5.0,0.0,42.41,4.3,53.78,1.00,*8,mccutan01
120,Robinson Canó,2010,27,NYY,AL,160,696,626,103,200,127,41,3,29,109,3,2,57,77,.319,.381,.534,.914,141,334,19,8,0,5,14,4.1,3.9,0.5,42.13,3.9,42.31,0.92,*4/DH,canoro01
121,Brad Hawpe,2007,28,COL,NL,152,606,516,80,150,84,33,4,29,116,0,2,81,137,.291,.387,.539,.926,130,278,13,3,1,5,11,3.9,3.6,0.0,42.13,3.8,40.93,1.09,*9H,hawpebr01
122,Ryan Ludwick,2008,29,STL,NL,152,617,538,104,161,81,40,3,37,113,4,4,62,146,.299,.375,.591,.966,151,318,8,8,1,8,3,2.6,4.7,-2.3,42.02,4.0,57.56,1.03,*978H,ludwiry01
123,Mark Teixeira,2009,29,NYY,AL,156,707,609,103,178,93,43,3,39,122,2,0,81,114,.292,.383,.565,.948,141,344,13,12,0,5,9,3.5,3.9,-0.4,41.75,3.8,49.59,1.01,*3/DH,teixema01
124,Carl Crawford,2010,28,TBR,AL,154,663,600,110,184,122,30,13,19,90,47,10,46,104,.307,.356,.495,.851,135,297,2,3,3,5,3,3.5,3.4,0.0,41.67,4.1,37.75,1.02,*7/HD,crawfca02
125,David Wright,2008,25,NYM,NL,160,736,626,115,189,112,42,2,33,124,15,5,94,118,.302,.390,.534,.924,142,334,15,4,0,11,5,4.2,5.4,-1.1,41.56,4.0,54.52,0.99,*5/D,wrighda03
126,Edwin Encarnación,2015,32,TOR,AL,146,624,528,94,146,76,31,0,39,111,3,2,77,98,.277,.372,.557,.929,148,294,14,9,0,10,5,3.4,4.1,-0.6,41.41,4.0,44.90,0.96,D3/H,encared01
127,Robinson Canó,2011,28,NYY,AL,159,681,623,104,188,107,46,7,28,118,8,2,38,96,.302,.349,.533,.882,133,332,18,12,0,8,11,3.1,2.8,0.4,41.32,3.9,35.75,0.98,*4/DH,canoro01
128,Matt Carpenter,2015,29,STL,NL,154,665,574,101,156,81,44,3,28,84,4,3,81,151,.272,.365,.505,.871,135,290,5,6,0,4,5,5.3,3.3,1.8,41.31,4.1,34.98,1.04,*54/3H,carpema01
129,Matt Holliday,2009,29,OAKSTL,ALNL,156,670,581,94,182,116,39,3,24,109,14,7,72,101,.313,.394,.515,.909,140,299,13,10,0,7,8,3.2,3.1,-0.1,40.95,3.9,38.04,1.08,*7/H,hollima01
130,Jason Bay,2008,29,BOSPIT,ALNL,155,670,577,111,165,95,35,4,31,101,10,0,81,137,.286,.373,.522,.895,134,301,7,4,0,8,4,5.6,5.0,0.7,40.67,3.8,50.59,1.00,*7/H,bayja01
131,Matt Holliday,2014,34,STL,NL,156,667,574,83,156,99,37,0,20,90,4,1,74,100,.272,.370,.441,.811,127,253,20,17,0,2,4,4.4,3.6,0.7,40.45,4.1,36.00,1.04,*7/D,hollima01
132,Ryan Howard,2007,27,PHI,NL,144,648,529,94,142,69,26,0,47,136,1,0,107,199,.268,.392,.584,.976,145,309,13,5,0,7,35,3.4,3.5,-0.2,40.29,3.7,38.13,1.03,*3/HD,howarry01
133,Curtis Granderson,2011,30,NYY,AL,156,691,583,136,153,76,26,10,41,119,25,10,85,169,.262,.364,.552,.916,142,322,12,12,4,7,0,3.1,3.9,-0.8,40.29,3.8,42.11,0.99,*8/HD,grandcu01
134,José Abreu,2015,28,CHW,AL,154,668,613,88,178,111,34,3,30,101,0,0,39,140,.290,.347,.502,.850,135,308,16,15,0,1,11,2.2,2.6,-0.5,40.21,4.0,32.69,1.03,*3D,abreujo02
135,Aubrey Huff,2010,33,SFG,NL,157,668,569,100,165,99,35,5,26,86,7,0,83,91,.290,.385,.506,.891,142,288,17,9,0,7,5,3.3,3.8,-0.5,40.10,4.0,43.31,1.02,379/H,huffau01
136,Carlos Beltrán,2011,34,NYMSFG,NL,142,598,520,78,156,89,39,6,22,84,4,2,71,88,.300,.385,.525,.910,154,273,18,3,0,4,7,3.5,4.0,-0.6,40.09,4.0,43.29,1.03,*9/HD,beltrca01
137,Andrew McCutchen,2013,26,PIT,NL,157,674,583,97,185,121,38,5,21,84,27,10,78,101,.317,.404,.508,.911,157,296,13,9,0,4,12,4.5,5.3,-1.0,40.02,4.1,54.68,1.04,*8/HD,mccutan01
138,Nelson Cruz,2015,34,SEA,AL,152,655,590,90,178,111,22,1,44,93,3,2,59,164,.302,.369,.566,.936,159,334,6,5,0,1,9,3.9,4.2,-0.5,39.48,4.0,48.93,1.05,9D,cruzne02
139,Joe Mauer,2006,23,MIN,AL,140,608,521,86,181,128,36,4,13,84,8,3,79,54,.347,.429,.507,.936,144,264,24,1,0,7,21,2.4,3.0,-0.4,39.44,3.6,38.73,0.95,*2D/H,mauerjo01
140,Shin-Soo Choo,2010,27,CLE,AL,144,646,550,81,165,110,31,2,22,90,22,7,83,118,.300,.401,.484,.885,147,266,11,11,0,2,11,4.7,3.8,0.9,39.36,3.9,39.07,0.99,*9/D,choosh01
141,Ryan Braun,2010,26,MIL,NL,157,685,619,101,188,117,45,1,25,103,14,3,56,105,.304,.365,.501,.866,131,310,17,6,0,3,1,3.0,3.6,-0.3,39.07,3.8,41.25,0.93,*7/HD,braunry02
142,Adam Lind,2009,25,TOR,AL,151,654,587,93,179,98,46,0,35,114,1,1,58,110,.305,.370,.562,.932,141,330,15,5,0,4,7,2.7,3.0,-0.4,39.02,3.6,33.96,1.04,D7/H,lindad01
143,Josh Willingham,2012,33,MIN,AL,145,615,519,85,135,69,30,1,35,110,3,2,76,141,.260,.366,.524,.890,143,272,15,14,0,6,4,5.1,3.4,1.2,39.01,3.8,38.02,1.10,*7D/H,willijo03
144,Matt Holliday,2010,30,STL,NL,158,675,596,95,186,112,45,1,28,103,9,5,69,93,.312,.390,.532,.922,149,317,13,8,0,2,10,4.0,4.3,-0.5,39.01,3.9,47.16,1.05,*7/HD,hollima01
145,Carlos Beltrán,2008,31,NYM,NL,161,706,606,116,172,100,40,5,27,112,25,3,92,96,.284,.376,.500,.876,130,303,11,1,1,6,13,5.1,3.5,1.2,38.97,3.7,39.49,1.07,*8/HD,beltrca01
146,Ryan Howard,2008,28,PHI,NL,162,700,610,105,153,75,26,4,48,146,1,1,81,199,.251,.339,.543,.881,125,331,11,3,0,6,17,2.4,3.1,-0.8,38.96,3.6,38.04,1.08,*3/HD,howarry01
147,Lance Berkman,2007,31,HOU,NL,153,668,561,95,156,96,24,2,34,102,7,3,94,125,.278,.386,.510,.896,130,286,11,8,0,5,11,3.5,3.5,-0.1,38.88,3.6,38.46,1.03,*39/H8D,berkmla01
148,Melky Cabrera,2014,29,TOR,AL,139,621,568,81,171,117,35,3,16,73,6,2,43,67,.301,.351,.458,.808,128,260,19,3,2,5,3,2.3,3.1,-0.7,38.80,3.9,34.29,0.96,*7/9D8H,cabreme01
149,David Wright,2012,29,NYM,NL,156,670,581,91,178,114,41,2,21,93,15,10,81,112,.306,.391,.492,.883,144,286,15,3,0,5,16,4.1,3.6,0.4,38.72,3.9,39.99,1.01,*5/6H,wrighda03
150,Todd Helton,2006,32,COL,NL,145,649,546,94,165,105,40,5,15,81,3,2,91,64,.302,.404,.476,.880,117,260,10,6,0,6,15,4.0,2.4,1.7,38.67,3.4,33.19,0.97,*3,heltoto01
151,Paul Goldschmidt,2012,24,ARI,NL,145,587,514,82,147,83,43,1,20,82,18,3,60,130,.286,.359,.490,.850,126,252,9,4,0,9,4,3.4,3.8,-0.2,38.58,3.7,38.64,0.96,*3/H,goldspa01
152,Shin-Soo Choo,2015,32,TEX,AL,149,653,555,94,153,96,32,3,22,82,4,2,76,147,.276,.375,.463,.838,125,257,7,15,2,5,1,2.3,2.5,0.0,38.37,3.7,29.34,0.92,*9/HD,choosh01
153,Adam Dunn,2007,27,CIN,NL,152,632,522,101,138,69,27,2,40,106,9,2,101,165,.264,.386,.554,.940,136,289,12,5,0,4,8,2.6,3.6,-1.2,38.36,3.5,47.06,1.04,*7/HD,dunnad01
154,Carlos Santana,2013,27,CLE,AL,154,642,541,75,145,85,39,1,20,74,3,1,93,110,.268,.377,.455,.832,135,246,7,4,0,4,6,4.3,2.7,1.8,38.10,3.8,33.66,0.97,2D3/H,santaca01
155,Hunter Pence,2011,28,HOUPHI,NL,154,668,606,84,190,125,38,5,22,97,8,2,56,124,.314,.370,.502,.871,139,304,15,1,0,5,3,3.4,3.4,-0.1,38.07,3.8,36.05,1.03,*9/H,pencehu01
156,David Ortiz,2014,38,BOS,AL,142,602,518,59,136,74,27,0,35,104,0,0,75,95,.263,.355,.517,.873,141,268,18,3,0,6,22,4.2,2.9,0.9,38.04,3.7,34.66,1.11,*D/H3,ortizda01
157,Matt Holliday,2012,32,STL,NL,157,688,599,95,177,112,36,2,27,102,4,4,75,132,.295,.379,.497,.877,138,298,16,9,0,5,3,2.9,3.7,-0.7,37.99,3.8,38.33,0.99,*7/HD,hollima01
158,Adam Dunn,2009,29,WSN,NL,159,668,546,81,146,79,29,0,38,105,0,1,116,177,.267,.398,.529,.928,144,289,8,4,0,2,16,2.6,3.2,-1.0,37.96,3.6,40.56,1.17,379/DH,dunnad01
159,Hanley Ramírez,2008,24,FLA,NL,153,693,589,125,177,106,34,4,33,67,35,12,92,122,.301,.400,.540,.940,143,318,5,8,0,4,9,4.8,4.4,0.4,37.85,3.6,43.22,1.00,*6/HD,ramirha01
160,Aramis Ramírez,2012,34,MIL,NL,149,630,570,92,171,91,50,3,27,105,9,2,44,82,.300,.360,.540,.901,136,308,14,12,0,4,3,4.6,3.6,0.8,37.74,3.6,40.74,1.05,*5/DH,ramirar01
161,Milton Bradley,2008,30,TEX,AL,126,510,414,78,133,78,32,1,22,77,5,3,80,112,.321,.436,.563,.999,162,233,10,9,0,6,13,2.7,4.0,-1.2,37.54,3.5,45.72,0.97,D9/H7,bradlmi01
162,Michael Cuddyer,2013,34,COL,NL,130,540,489,74,162,108,31,3,20,84,10,3,46,100,.331,.389,.530,.919,136,259,13,2,0,3,5,2.9,3.3,-0.5,37.47,3.5,32.06,1.04,*93/HD,cuddymi01
163,Curtis Granderson,2015,34,NYM,NL,157,682,580,98,150,89,33,2,26,70,11,6,91,151,.259,.364,.457,.821,127,265,3,7,0,4,3,3.7,2.8,1.0,37.14,3.7,34.55,0.98,*9H/8D,grandcu01
164,Matt Holliday,2006,26,COL,NL,155,667,602,119,196,112,45,5,34,114,10,5,47,110,.326,.387,.586,.973,137,353,22,15,0,3,3,2.4,3.6,-1.4,37.10,3.3,41.01,1.07,*7/DH,hollima01
165,Alex Gordon,2011,27,KCR,AL,151,690,611,101,185,113,45,4,23,87,17,8,67,139,.303,.376,.502,.879,140,307,9,7,0,3,2,3.7,3.6,-0.1,36.96,3.6,40.19,1.03,*7/3H,gordoal01
166,Carlos Delgado,2006,34,NYM,NL,144,618,524,89,139,69,30,2,38,114,0,0,74,120,.265,.361,.548,.909,131,287,12,10,0,10,11,3.1,2.7,0.2,36.70,3.4,31.37,1.03,*3/HD,delgaca01
167,Aubrey Huff,2008,31,BAL,AL,154,661,598,96,182,100,48,2,32,108,4,0,53,89,.304,.360,.552,.912,137,330,9,3,0,7,7,1.9,3.0,-1.2,36.64,3.4,37.88,1.06,D53/H,huffau01
168,Yadier Molina,2012,29,STL,NL,138,563,505,65,159,109,28,0,22,76,12,3,45,55,.315,.373,.501,.874,137,253,10,5,3,5,4,4.2,3.3,1.0,36.59,3.6,34.55,0.98,*2/H3,molinya01
169,Grady Sizemore,2006,23,CLE,AL,162,751,655,134,190,98,53,11,28,76,22,6,78,153,.290,.375,.533,.907,133,349,2,13,1,4,8,3.5,3.8,0.0,36.54,3.4,41.14,0.90,*8/HD,sizemgr01
170,Mike Morse,2011,29,WSN,NL,146,575,522,73,158,91,36,0,31,95,2,3,36,126,.303,.360,.550,.910,147,287,9,13,0,4,5,3.6,2.8,0.4,36.54,3.6,35.93,1.12,37H/D,morsemi01
171,Jimmy Rollins,2007,28,PHI,NL,162,778,716,139,212,124,38,20,30,94,41,6,49,85,.296,.344,.531,.875,119,380,11,7,0,6,5,3.2,3.4,-0.2,36.52,3.3,36.61,0.99,*6,rolliji01
172,Álex Rodríguez,2010,34,NYY,AL,137,595,522,74,141,80,29,2,30,125,4,3,59,98,.270,.341,.506,.847,123,264,7,3,0,11,1,3.9,2.4,1.4,36.47,3.4,25.56,1.03,*5D/H,rodrial01
173,Ryan Howard,2011,31,PHI,NL,152,644,557,81,141,77,30,1,33,116,1,0,75,172,.253,.346,.488,.835,126,272,10,7,0,5,16,4.7,3.1,1.5,36.38,3.6,33.87,1.03,*3/HD,howarry01
174,Jayson Werth,2013,34,WSN,NL,129,532,462,84,147,98,24,0,25,82,10,1,60,101,.318,.398,.532,.931,153,246,9,5,0,5,3,2.6,3.6,-1.0,36.29,3.6,40.66,1.01,*9/DH,werthja01
175,Frank Thomas,2006,38,OAK,AL,137,559,466,77,126,76,11,0,39,114,0,0,81,81,.270,.381,.545,.926,140,254,13,6,0,6,3,3.4,3.1,0.2,36.16,3.3,35.42,1.04,*D/H,thomafr04
176,Chase Utley,2006,27,PHI,NL,160,739,658,131,203,127,40,4,32,102,15,4,63,132,.309,.379,.527,.906,125,347,9,14,0,4,1,4.2,3.8,0.4,36.13,3.3,42.12,1.01,*4/3DH,utleych01
177,Carlos Guillén,2006,30,DET,AL,153,622,543,100,174,109,41,5,19,85,20,9,71,87,.320,.400,.519,.920,136,282,16,4,0,4,10,3.1,3.4,-0.3,35.85,3.3,36.75,1.01,*6/3DH,guillca01
178,Anthony Rizzo,2014,24,CHC,NL,140,616,524,89,150,89,28,1,32,78,5,4,73,116,.286,.386,.527,.913,152,276,8,15,0,4,7,4.0,4.5,-0.6,35.72,3.6,43.20,1.01,*3,rizzoan01
179,David Wright,2006,23,NYM,NL,154,661,582,96,181,110,40,5,26,116,20,5,66,113,.311,.381,.531,.912,133,309,15,5,0,8,13,4.5,2.5,1.8,35.61,3.3,30.19,1.07,*5/D,wrighda03
180,Yoenis Céspedes,2015,29,DETNYM,ALNL,159,676,633,101,184,101,42,6,35,105,7,5,33,141,.291,.328,.542,.870,136,343,14,5,0,5,5,2.4,2.8,-0.3,35.61,3.5,31.88,0.96,*78/DH,cespeyo01
181,Adrián González,2007,25,SDP,NL,161,720,646,101,182,103,46,3,30,100,0,0,65,140,.282,.347,.502,.849,126,324,6,3,0,6,9,4.4,2.6,1.9,35.42,3.5,30.26,0.98,*3,gonzaad01
182,Nick Markakis,2008,24,BAL,AL,157,697,595,106,182,113,48,1,20,87,10,7,99,113,.306,.406,.491,.897,136,292,10,2,0,1,7,2.0,3.0,-0.9,35.30,3.3,35.50,1.01,*9/H,markani01
183,Pablo Sandoval,2009,22,SFG,NL,153,633,572,79,189,115,44,5,25,90,5,5,52,83,.330,.387,.556,.943,144,318,10,4,0,5,13,4.2,3.7,0.6,35.27,3.3,37.31,0.97,*53/H2D,sandopa01
184,Ryan Zimmerman,2010,25,WSN,NL,142,603,525,85,161,104,32,0,25,85,4,1,69,98,.307,.388,.510,.899,142,268,16,4,0,5,6,3.6,3.7,0.0,35.18,3.4,36.23,0.97,*5/HD,zimmery01
185,Justin Upton,2011,23,ARI,NL,159,674,592,105,171,96,39,5,31,88,21,9,59,126,.289,.369,.529,.898,141,313,8,19,0,4,9,3.0,4.3,-1.2,35.09,3.4,46.28,0.96,*9/H,uptonju01
186,Mark Teixeira,2011,31,NYY,AL,156,684,589,90,146,80,26,1,39,111,4,1,76,110,.248,.341,.494,.835,121,291,12,11,0,8,3,1.5,2.8,-1.2,35.01,3.3,36.00,0.92,*3/DH,teixema01
187,Jorge Posada,2007,36,NYY,AL,144,589,506,91,171,108,42,1,20,90,2,0,74,98,.338,.426,.543,.970,153,275,18,6,0,3,7,2.7,3.2,-0.4,34.90,3.2,37.92,0.94,*2H/D3,posadjo01
188,Paul Konerko,2006,30,CHW,AL,152,643,566,97,177,112,30,0,35,113,1,0,60,104,.313,.381,.551,.932,134,312,25,8,0,9,3,1.9,3.2,-1.2,34.90,3.1,31.81,1.01,*3D/H,konerpa01
189,Adrián González,2013,31,LAD,NL,157,641,583,69,171,117,32,0,22,100,1,0,47,98,.293,.342,.461,.803,125,269,12,1,0,10,6,4.2,2.2,1.9,34.89,3.6,22.39,1.03,*3/HD,gonzaad01
190,Carlos González,2011,25,COL,NL,127,542,481,92,142,86,27,3,26,92,20,5,48,105,.295,.363,.526,.889,125,253,11,7,0,6,8,2.4,3.0,-0.8,34.84,3.2,33.03,1.08,*798/H,gonzaca01
191,Bobby Abreu,2009,35,LAA,AL,152,667,563,96,165,118,29,3,15,103,30,8,94,113,.293,.390,.435,.825,118,245,15,1,0,9,7,2.9,2.5,0.3,34.84,3.2,28.80,1.01,*9D7/H,abreubo01
192,Nolan Arenado,2015,24,COL,NL,157,665,616,97,177,88,43,4,42,130,2,5,34,110,.287,.323,.575,.898,124,354,17,4,0,11,13,2.8,3.4,-0.5,34.75,3.2,39.09,0.98,*5/H,arenano01
193,Hunter Pence,2013,30,SFG,NL,162,687,629,91,178,111,35,5,27,99,22,3,52,115,.283,.339,.483,.822,133,304,17,3,0,3,3,1.7,3.9,-2.4,34.64,3.6,38.41,1.12,*9,pencehu01
194,Prince Fielder,2010,26,MIL,NL,161,714,578,94,151,94,25,0,32,83,1,0,114,138,.261,.401,.471,.871,135,272,12,21,0,1,17,2.5,3.7,-1.2,34.62,3.4,39.94,0.98,*3/D,fieldpr01
195,Jason Kipnis,2013,26,CLE,AL,149,658,564,86,160,103,36,4,17,84,30,7,76,143,.284,.366,.452,.818,130,255,10,3,5,10,3,3.6,3.2,0.6,34.48,3.5,28.16,0.96,*4/DH,kipnija01
196,Hunter Pence,2014,31,SFG,NL,162,708,650,106,180,121,29,10,20,74,13,6,52,130,.277,.332,.445,.777,121,289,13,3,0,3,3,3.9,2.6,1.3,34.47,3.6,28.74,0.99,*9/8H,pencehu01
197,Mark Teixeira,2010,30,NYY,AL,158,712,601,113,154,85,36,0,33,108,0,1,93,122,.256,.365,.481,.846,124,289,15,13,0,5,6,1.3,2.3,-0.9,34.38,3.2,28.78,0.92,*3/DH,teixema01
198,David Peralta,2015,27,ARI,NL,149,517,462,61,144,91,26,10,17,78,9,4,44,107,.312,.371,.522,.893,137,241,7,4,0,7,2,3.4,2.7,0.7,34.30,3.3,30.33,1.03,*7H/98,peralda01
199,Allen Craig,2012,27,STL,NL,119,514,469,76,144,87,35,0,22,92,2,1,37,89,.307,.354,.522,.876,137,245,15,1,0,7,1,2.8,3.1,-0.4,34.20,3.4,33.92,1.06,39/7HD,craigal01
200,Robinson Canó,2014,31,SEA,AL,157,665,595,77,187,134,37,2,14,82,10,3,61,68,.314,.382,.454,.836,142,270,19,6,0,3,20,1.6,2.4,-0.8,34.19,3.5,26.37,0.96,*4/D,canoro01
201,Nick Johnson,2006,27,WSN,NL,147,628,500,100,145,76,46,0,23,77,10,3,110,99,.290,.428,.520,.948,149,260,12,13,2,3,15,3.3,3.5,-0.6,34.11,3.3,41.34,1.12,*3/H,johnsni01
202,Álex Rodríguez,2006,30,NYY,AL,154,674,572,113,166,104,26,1,35,121,15,4,90,139,.290,.392,.523,.914,134,299,22,8,0,4,8,1.1,3.0,-2.0,34.03,3.1,32.68,1.05,*5/DH,rodrial01
203,Andrew McCutchen,2011,24,PIT,NL,158,678,572,87,148,86,34,5,23,89,23,10,89,126,.259,.364,.456,.820,130,261,7,9,2,6,3,2.8,2.8,0.0,33.96,3.5,30.33,0.98,*8/HD,mccutan01
204,Garrett Jones,2012,31,PIT,NL,145,515,475,68,130,72,28,3,27,86,2,0,33,103,.274,.317,.516,.832,126,245,3,0,0,7,2,3.7,2.8,1.0,33.93,3.4,28.63,0.99,39H/D,jonesga02
205,Miguel Montero,2012,28,ARI,NL,141,573,486,65,139,97,25,2,15,88,0,0,73,130,.286,.391,.438,.829,123,213,15,12,0,2,6,2.1,2.4,-0.3,33.74,3.3,28.14,0.98,*2/H,montemi01
206,Raúl Ibañez,2007,35,SEA,AL,149,636,573,80,167,106,35,5,21,105,0,0,53,97,.291,.351,.480,.831,121,275,14,3,0,7,4,1.7,1.8,0.0,33.72,3.2,22.03,0.96,*7D/H,ibanera01
207,Bobby Abreu,2008,34,NYY,AL,156,684,609,100,180,117,39,4,20,100,22,11,73,109,.296,.371,.471,.843,120,287,14,1,0,1,2,2.6,2.2,0.5,33.69,3.1,27.29,0.97,*9/DH,abreubo01
208,Buster Posey,2014,27,SFG,NL,147,605,547,72,170,118,28,2,22,89,0,1,47,69,.311,.364,.490,.854,143,268,16,3,0,8,5,4.9,3.0,2.1,33.69,3.5,34.43,0.97,*23/HD,poseybu01
209,Pat Burrell,2007,30,PHI,NL,155,598,472,77,121,65,26,0,30,97,0,0,114,120,.256,.400,.502,.902,128,237,10,4,0,8,1,3.0,3.2,-0.3,33.57,3.1,37.15,1.00,*7H/D,burrepa01
210,AJ Pollock,2015,27,ARI,NL,157,673,609,111,192,127,39,6,20,76,39,7,53,89,.315,.367,.498,.865,130,303,19,2,0,9,0,3.3,3.8,-0.4,33.55,3.3,39.85,0.99,*8/H,polloaj01
211,David Wright,2009,26,NYM,NL,144,618,535,88,164,112,39,3,10,72,27,9,74,140,.307,.390,.447,.837,124,239,16,3,0,6,8,3.4,2.6,0.6,33.51,3.2,28.54,1.07,*5/H,wrighda03
212,Chase Utley,2010,31,PHI,NL,115,511,425,75,117,79,20,2,16,65,13,2,63,63,.275,.387,.445,.832,123,189,4,18,0,5,3,1.7,2.6,-0.7,33.42,3.2,27.30,0.87,*4/H,utleych01
213,Derrek Lee,2007,31,CHC,NL,150,650,567,91,180,114,43,1,22,82,6,5,71,114,.317,.400,.513,.913,130,291,15,9,0,3,8,3.2,3.8,-0.3,33.31,3.0,42.68,0.93,*3/HD,leede02
214,Matt Kemp,2009,24,LAD,NL,159,667,606,97,180,122,25,7,26,101,34,8,52,139,.297,.352,.490,.842,125,297,14,3,0,6,6,2.5,2.7,-0.3,33.03,3.2,31.06,1.07,*8/9H,kempma01
215,Todd Helton,2009,35,COL,NL,151,645,544,79,177,121,38,3,15,86,0,1,89,73,.325,.416,.489,.904,128,266,15,2,0,10,5,2.6,3.0,-0.2,32.97,3.0,37.49,0.94,*3/H,heltoto01
216,Jason Bay,2006,27,PIT,NL,159,689,570,101,163,96,29,3,35,109,11,2,102,156,.286,.396,.532,.928,138,303,15,8,0,9,9,1.8,3.6,-2.0,32.94,3.1,43.98,1.14,*7/H,bayja01
217,Aramis Ramírez,2008,30,CHC,NL,149,645,554,97,160,88,44,1,27,111,2,2,74,94,.289,.380,.518,.898,127,287,13,11,0,6,7,3.3,3.0,0.2,32.89,3.0,32.79,1.02,*5/DH,ramirar01
218,Hanley Ramírez,2007,23,FLA,NL,154,706,639,125,212,129,48,6,29,81,51,14,52,95,.332,.386,.562,.948,145,359,10,7,4,4,3,2.7,4.0,-1.2,32.87,3.1,44.56,0.99,*6/HD,ramirha01
219,Jayson Werth,2010,31,PHI,NL,156,652,554,106,164,89,46,2,27,85,13,3,82,147,.296,.388,.532,.921,144,295,11,7,0,9,6,2.9,3.9,-1.1,32.84,3.2,43.09,1.02,*98/H,werthja01
220,Joey Votto,2008,24,CIN,NL,151,589,526,69,156,97,32,3,24,84,7,5,59,102,.297,.368,.506,.874,125,266,7,2,0,2,9,2.1,2.6,-0.4,32.64,3.1,27.84,0.97,*3/H,vottojo01
221,Adrián González,2012,30,BOSLAD,ALNL,159,684,629,75,188,122,47,1,18,108,2,0,42,110,.299,.344,.463,.806,117,291,10,5,0,8,5,2.1,0.7,1.4,32.63,3.2,12.77,1.03,*39/DH,gonzaad01
222,Buster Posey,2015,28,SFG,NL,150,623,557,74,177,130,28,0,19,95,2,0,56,52,.318,.379,.470,.849,133,262,17,3,0,7,10,3.4,2.6,0.5,32.61,3.3,29.33,1.10,23/HD,poseybu01
223,Carlos Beltrán,2007,30,NYM,NL,144,636,554,93,153,84,33,3,33,112,23,2,69,111,.276,.353,.525,.878,125,291,8,2,1,10,10,2.1,2.7,-0.5,32.58,3.1,34.95,0.94,*8/H,beltrca01
224,Albert Pujols,2011,31,STL,NL,147,651,579,105,173,107,29,0,37,99,9,1,61,58,.299,.366,.541,.906,148,313,29,4,0,7,15,4.7,4.4,0.2,32.44,3.3,42.35,1.01,*3/5H,pujolal01
225,Johnny Damon,2008,34,NYY,AL,143,623,555,95,168,119,27,5,17,71,29,8,64,82,.303,.375,.461,.836,118,256,5,1,2,1,0,1.7,1.9,0.0,32.28,3.0,20.59,0.94,*78D/H3,damonjo01
226,Aramis Ramírez,2007,29,CHC,NL,132,558,506,72,157,92,35,4,26,101,0,0,43,66,.310,.366,.549,.915,128,278,13,4,0,5,8,4.4,2.8,1.2,32.23,2.9,30.24,1.08,*5/DH,ramirar01
227,Alfonso Soriano,2006,30,WSN,NL,159,728,647,119,179,90,41,2,46,95,41,17,67,160,.277,.351,.560,.911,135,362,3,9,2,3,16,2.5,2.9,-0.5,32.23,3.1,36.68,1.04,*7/H,soriaal01
228,Evan Longoria,2011,25,TBR,AL,133,574,483,78,118,60,26,1,31,99,3,2,80,93,.244,.355,.495,.850,138,239,11,6,0,5,6,3.6,3.3,0.3,32.21,3.2,36.80,0.99,*5/DH,longoev01
229,David Ortiz,2011,35,BOS,AL,146,605,525,84,162,92,40,1,29,96,1,1,78,83,.309,.398,.554,.953,154,291,24,1,0,1,12,1.9,3.8,-1.9,32.06,3.0,36.79,1.02,*D/H3,ortizda01
230,Carl Crawford,2007,25,TBD,AL,143,627,584,93,184,127,37,9,11,80,50,10,32,112,.315,.355,.466,.820,117,272,11,5,1,2,5,3.5,1.8,1.8,32.04,3.0,20.74,0.97,*7/DH,crawfca02
231,Yoenis Céspedes,2012,26,OAK,AL,129,540,487,70,142,89,25,5,23,82,16,4,43,102,.292,.356,.505,.861,139,246,9,7,0,3,5,3.8,3.1,1.0,32.02,3.2,32.85,0.93,78D/H,cespeyo01
232,Adrian Beltré,2014,35,TEX,AL,148,614,549,79,178,125,33,1,19,77,1,1,57,74,.324,.388,.492,.879,144,270,15,3,0,5,13,2.4,3.7,-1.2,31.90,3.2,38.26,0.95,*5D,beltrad01
233,Adrián González,2008,26,SDP,NL,162,700,616,103,172,103,32,1,36,119,0,0,74,142,.279,.361,.510,.871,140,314,24,7,0,3,18,3.6,3.1,0.2,31.89,3.2,33.35,1.12,*3/H,gonzaad01
234,Adrián González,2015,33,LAD,NL,156,643,571,76,157,96,33,0,28,90,0,1,62,107,.275,.350,.480,.830,130,274,21,6,0,3,10,3.7,3.0,0.6,31.78,3.2,30.07,1.00,*3/HD,gonzaad01
235,Yadier Molina,2013,30,STL,NL,136,541,505,68,161,105,44,0,12,80,3,2,30,55,.319,.359,.477,.836,129,241,14,3,0,3,4,2.9,1.8,1.3,31.76,3.2,19.86,0.92,*2/3H,molinya01
236,Kendrys Morales,2009,26,LAA,AL,152,622,566,86,173,94,43,2,34,108,3,7,46,117,.306,.355,.569,.924,139,322,15,2,0,8,10,2.8,2.8,0.0,31.72,3.0,29.61,1.00,*3/H,moralke01
237,Michael Young,2011,34,TEX,AL,159,689,631,88,213,155,41,6,11,106,6,2,47,78,.338,.380,.474,.854,125,299,17,2,0,9,7,3.0,2.3,1.1,31.68,3.0,29.06,0.89,D534/6,youngmi02
238,Nick Johnson,2009,30,FLAWSN,NL,133,574,457,71,133,99,24,2,8,62,2,4,99,84,.291,.426,.405,.831,122,185,15,12,1,5,4,3.6,2.1,1.2,31.64,3.0,26.25,1.08,*3/H,johnsni01
239,Chase Utley,2008,29,PHI,NL,159,707,607,113,177,99,41,4,33,104,14,2,64,104,.292,.380,.535,.915,136,325,9,27,1,8,14,1.6,3.8,-2.3,31.55,3.0,44.30,1.02,*4/3,utleych01
240,Edwin Encarnación,2014,31,TOR,AL,128,542,477,75,128,65,27,2,34,98,2,0,62,82,.268,.354,.547,.901,152,261,18,2,0,1,6,1.6,2.7,-1.1,31.53,3.2,31.04,1.00,3D/7H,encared01
241,Yasiel Puig,2014,23,LAD,NL,148,640,558,92,165,103,37,9,16,69,11,7,67,124,.296,.382,.480,.863,145,268,7,12,2,1,3,2.1,3.3,-1.0,31.47,3.3,33.92,0.90,*98/HD,puigya01
242,Aramis Ramírez,2011,33,CHC,NL,149,626,565,80,173,111,35,1,26,93,1,1,43,69,.306,.361,.510,.871,136,288,12,10,0,8,5,4.1,3.1,0.7,31.36,3.1,31.46,1.07,*5/DH,ramirar01
243,Lance Berkman,2009,33,HOU,NL,136,563,460,73,126,69,31,1,25,80,7,4,97,98,.274,.399,.509,.907,140,234,13,1,0,4,14,2.1,2.9,-0.8,31.26,3.0,34.66,1.02,*3/H,berkmla01
244,Jayson Werth,2009,30,PHI,NL,159,676,571,98,153,90,26,1,36,99,20,3,91,156,.268,.373,.506,.879,129,289,11,8,0,6,8,1.6,2.9,-1.2,31.08,3.0,36.16,0.92,*98/H7,werthja01
245,Carlos Delgado,2008,36,NYM,NL,159,686,598,96,162,91,32,1,38,115,1,1,72,124,.271,.353,.518,.871,128,310,16,8,0,8,19,2.4,2.7,-0.4,31.03,3.0,29.86,1.04,*3/HD,delgaca01
246,Evan Longoria,2010,24,TBR,AL,151,661,574,96,169,96,46,5,22,104,15,5,72,124,.294,.372,.507,.879,143,291,15,5,0,10,12,3.3,3.0,0.2,31.02,3.1,33.51,1.06,*5,longoev01
247,Dan Uggla,2010,30,FLA,NL,159,674,589,100,169,105,31,0,33,105,4,1,78,149,.287,.369,.508,.877,131,299,9,2,0,5,2,2.7,3.2,-0.5,31.00,3.0,36.23,1.00,*4/H,ugglada01
248,Ryan Braun,2015,31,MIL,NL,140,568,506,87,144,89,27,3,25,84,24,4,54,115,.285,.356,.498,.854,131,252,20,4,0,3,4,1.7,2.4,-0.5,30.92,3.1,28.91,0.91,*9/HD,braunry02
249,Mike Lowell,2007,33,BOS,AL,154,653,589,79,191,131,37,2,21,120,3,2,53,71,.324,.378,.501,.879,124,295,19,3,0,8,4,1.1,1.6,-0.5,30.87,2.8,25.00,1.01,*5/H,lowelmi01
250,José Reyes,2011,28,NYM,NL,126,586,537,101,181,127,31,16,7,44,39,7,43,41,.337,.384,.493,.877,144,265,5,0,2,4,9,2.0,2.8,-0.8,30.79,3.1,32.02,1.04,*6/H,reyesjo01
251,Brian McCann,2009,25,ATL,NL,138,551,488,63,137,80,35,1,21,94,4,1,49,83,.281,.349,.486,.834,119,237,17,5,3,6,3,1.3,2.3,-1.1,30.78,2.9,28.04,1.07,*2H/D,mccanbr01
252,Aramis Ramírez,2006,28,CHC,NL,157,660,594,93,173,93,38,4,38,119,2,1,50,63,.291,.352,.561,.912,126,333,15,9,0,7,4,2.4,2.8,-0.4,30.77,2.8,34.55,0.99,*5/H,ramirar01
253,Lucas Duda,2014,28,NYM,NL,153,596,514,74,130,73,27,0,30,92,3,2,69,135,.253,.349,.481,.830,137,247,9,9,0,4,8,2.2,1.9,0.2,30.76,3.2,26.51,1.05,*3H/D7,dudalu01
254,Grady Sizemore,2007,24,CLE,AL,162,748,628,118,174,111,34,5,24,78,33,10,101,155,.277,.390,.462,.852,123,290,3,17,0,2,9,2.3,2.5,-0.2,30.66,2.8,30.61,1.01,*8/HD,sizemgr01
255,Derek Jeter,2007,33,NYY,AL,156,714,639,102,206,151,39,4,12,73,15,8,56,100,.322,.388,.452,.840,121,289,21,14,3,2,3,2.5,2.8,-0.1,30.51,2.8,32.40,0.95,*6/H,jeterde01
256,Brandon Moss,2013,29,OAK,AL,145,505,446,73,114,58,23,3,30,87,4,2,50,140,.256,.337,.522,.859,136,233,4,6,0,3,3,2.7,3.3,-0.5,30.30,3.0,38.62,0.97,*39H/7D58,mossbr01
257,Anthony Rendon,2014,24,WSN,NL,153,683,613,111,176,110,39,6,21,83,17,3,58,104,.287,.351,.473,.824,126,290,11,5,2,5,2,1.4,2.9,-1.4,30.21,3.0,30.87,0.98,*54/H,rendoan01
258,Jack Cust,2007,28,OAK,AL,124,507,395,61,101,56,18,1,26,82,0,2,105,164,.256,.408,.504,.912,146,199,6,1,0,6,2,3.2,2.2,1.0,30.21,2.9,27.66,1.00,D97/H,custja01
259,Shin-Soo Choo,2009,26,CLE,AL,156,685,583,87,175,111,38,6,20,86,21,2,78,151,.300,.394,.489,.883,136,285,9,17,0,7,5,2.1,3.0,-0.8,30.15,2.9,31.80,0.99,*97D/H8,choosh01
260,Adrián González,2014,32,LAD,NL,159,660,591,83,163,95,41,0,27,116,1,1,56,112,.276,.335,.482,.817,131,285,13,2,0,11,9,2.5,2.4,0.1,30.02,3.1,23.08,1.01,*3/HD,gonzaad01
261,Ben Zobrist,2011,30,TBR,AL,156,674,588,99,158,86,46,6,20,91,19,6,77,128,.269,.353,.469,.822,131,276,9,2,2,5,1,1.2,2.0,-0.7,30.01,3.0,23.68,0.95,*49/DH,zobribe01
262,Justin Morneau,2014,33,COL,NL,135,550,502,62,160,108,32,3,17,82,0,3,34,60,.319,.364,.496,.860,125,249,7,6,0,8,4,3.9,2.0,1.8,29.96,2.8,21.95,1.03,*3/HD,morneju01
263,Victor Martinez,2007,28,CLE,AL,147,645,562,78,169,104,40,0,25,114,0,0,62,76,.301,.374,.505,.879,129,284,19,10,0,11,12,2.5,2.3,0.0,29.90,2.8,32.02,1.06,*23/DH,martivi01
264,Andre Ethier,2012,30,LAD,NL,149,618,556,79,158,101,36,1,20,89,2,2,50,124,.284,.351,.460,.812,123,256,13,9,0,3,6,2.5,2.8,-0.6,29.82,3.0,29.99,1.13,*9/DH8,ethiean01
265,Adam Dunn,2008,28,ARICIN,NL,158,651,517,79,122,59,23,0,40,100,2,1,122,164,.236,.386,.513,.898,131,265,7,7,0,5,13,2.9,2.9,0.0,29.81,2.7,34.77,1.00,*793/DH,dunnad01
266,Robinson Canó,2012,29,NYY,AL,161,697,627,105,196,114,48,1,33,94,3,2,61,96,.313,.379,.550,.929,148,345,22,7,0,2,10,2.2,3.7,-1.5,29.75,2.9,41.24,1.00,*4/DH,canoro01
267,Dustin Pedroia,2011,27,BOS,AL,159,731,635,102,195,134,37,3,21,91,26,8,86,85,.307,.387,.474,.861,131,301,12,1,2,7,6,2.4,3.1,-0.6,29.75,2.8,29.68,0.97,*4/H,pedrodu01
268,Andruw Jones,2006,29,ATL,NL,156,669,565,107,148,78,29,0,41,129,4,1,82,127,.262,.363,.531,.894,126,300,13,13,0,9,9,4.1,3.2,0.6,29.73,2.8,33.96,1.11,*8/DH,jonesan01
269,Carlos Peña,2008,30,TBR,AL,139,607,490,76,121,64,24,2,31,102,1,1,96,166,.247,.377,.494,.871,129,242,6,12,0,9,7,3.9,2.7,0.9,29.69,2.8,30.45,1.11,*3/DH,penaca01
270,Jason Bartlett,2009,29,TBR,AL,137,567,500,90,160,110,29,7,14,66,30,7,54,89,.320,.389,.490,.879,132,245,5,5,4,4,2,2.2,3.3,-1.2,29.68,2.8,32.94,1.03,*6/D,bartlja01
271,Josh Donaldson,2014,28,OAK,AL,158,695,608,93,155,93,31,2,29,98,8,0,76,130,.255,.342,.456,.798,127,277,16,7,0,4,5,3.2,2.5,0.6,29.65,3.0,27.97,1.03,*5/DH,donaljo02
272,Brad Hawpe,2008,29,COL,NL,138,569,488,69,138,86,24,3,25,85,2,2,76,134,.283,.381,.498,.879,121,243,7,3,0,2,6,2.0,2.2,-0.3,29.61,2.7,26.90,1.06,*9/H,hawpebr01
273,Corey Hart,2010,28,MIL,NL,145,614,558,91,158,89,34,4,31,102,7,6,45,140,.283,.340,.525,.865,130,293,14,6,0,5,2,3.1,2.9,0.2,29.59,2.9,28.35,0.99,*9/H,hartco01
274,Mark DeRosa,2008,33,CHC,NL,149,593,505,103,144,90,30,3,21,87,6,0,69,106,.285,.376,.481,.857,117,243,9,9,2,8,0,1.9,1.8,0.0,29.41,2.7,22.11,0.99,4975/H36,derosma01
275,Nick Swisher,2006,25,OAK,AL,157,672,556,106,141,80,24,2,35,95,1,2,97,152,.254,.372,.493,.864,125,274,13,11,2,6,7,2.2,2.7,-0.6,29.35,2.7,32.82,1.04,37/DH89,swishni01
276,Adam Lind,2015,31,MIL,NL,149,572,502,72,139,87,32,0,20,87,0,0,66,100,.277,.360,.460,.820,123,231,7,1,0,3,11,2.4,2.1,0.4,29.32,2.9,23.14,0.96,*3H/D,lindad01
277,Troy Tulowitzki,2010,25,COL,NL,122,529,470,89,148,86,32,3,27,95,11,2,48,78,.315,.381,.568,.949,138,267,17,5,1,5,4,1.5,2.9,-1.4,29.25,2.7,32.82,1.01,*6,tulowtr01
278,Adam Dunn,2010,30,WSN,NL,158,648,558,85,145,69,36,2,38,103,0,1,77,199,.260,.356,.536,.892,138,299,10,9,0,4,10,3.1,3.2,-0.2,29.22,2.9,32.38,1.03,*3/HD,dunnad01
279,Raúl Ibañez,2009,37,PHI,NL,134,565,500,93,136,67,32,3,34,93,4,0,56,119,.272,.347,.552,.899,132,276,16,4,0,5,8,3.6,3.0,0.8,29.21,2.8,31.00,0.93,*7/HD,ibanera01
280,Troy Tulowitzki,2011,26,COL,NL,143,606,537,81,162,94,36,2,30,105,9,3,59,79,.302,.372,.544,.916,131,292,16,4,1,5,12,2.8,3.1,-0.6,29.20,2.7,29.06,1.13,*6/H,tulowtr01
281,Andre Ethier,2008,26,LAD,NL,141,596,525,90,160,97,38,5,20,77,6,3,59,88,.305,.375,.510,.885,132,268,6,4,1,7,0,3.3,2.8,0.5,29.19,2.8,28.04,1.01,*97/H,ethiean01
282,Mookie Betts,2015,22,BOS,AL,145,654,597,92,174,106,42,8,18,77,21,6,46,82,.291,.341,.479,.820,117,286,2,2,3,6,1,1.9,2.6,-0.6,29.19,2.8,30.99,0.98,*89/HD,bettsmo01
283,Jason Kubel,2009,27,MIN,AL,146,578,514,73,154,89,35,2,28,103,1,1,56,106,.300,.369,.539,.907,137,277,13,3,0,5,9,2.4,2.6,-0.2,29.16,2.7,27.96,1.00,D97H,kubelja01
284,Freddie Freeman,2014,24,ATL,NL,162,708,607,93,175,110,43,4,18,78,3,4,90,145,.288,.386,.461,.847,139,280,18,8,0,3,4,2.7,3.2,-0.5,29.02,3.0,35.23,0.98,*3,freemfr01
285,Kendrys Morales,2015,32,KCR,AL,158,639,569,81,165,100,41,2,22,106,0,0,58,103,.290,.362,.485,.847,127,276,24,8,0,4,4,2.6,2.5,0.1,28.98,2.8,27.83,1.00,*D/3H,moralke01
286,Josh Hamilton,2011,30,TEX,AL,121,538,487,80,145,84,31,5,25,94,8,1,39,93,.298,.346,.536,.882,130,261,8,2,0,10,13,4.9,3.5,2.3,28.94,2.7,34.58,0.85,*78/D,hamiljo03
287,Chipper Jones,2011,39,ATL,NL,126,512,455,56,125,73,33,1,18,70,2,2,51,80,.275,.344,.470,.814,121,214,10,0,0,6,10,2.6,2.0,0.5,28.91,2.9,26.57,1.02,*5H/D,jonesch06
288,Mark Teixeira,2006,26,TEX,AL,162,727,628,99,177,98,45,1,33,110,2,0,89,128,.282,.371,.514,.886,126,323,17,4,0,6,12,1.2,2.2,-0.9,28.89,2.6,26.59,0.94,*3/D,teixema01
289,Miguel Cabrera,2009,26,DET,AL,160,685,611,96,198,130,34,0,34,103,6,2,68,107,.324,.396,.547,.942,144,334,22,5,0,1,14,1.5,3.5,-1.9,28.84,2.7,42.02,0.97,*3/DH,cabremi01
290,J.D. Martinez,2015,27,DET,AL,158,657,596,93,168,95,33,2,38,102,3,2,53,178,.282,.344,.535,.879,139,319,11,5,0,3,7,1.1,2.6,-1.4,28.83,2.8,33.61,0.98,*9D/H,martijd02
291,Justin Upton,2009,21,ARI,NL,138,588,526,84,158,95,30,7,26,86,20,5,55,137,.300,.366,.532,.899,129,280,10,2,1,4,3,2.3,2.6,-0.3,28.78,2.7,24.16,1.02,*9/HD,uptonju01
292,Howie Kendrick,2014,30,LAA,AL,157,674,617,85,181,136,33,5,7,75,14,5,48,110,.293,.347,.397,.744,116,245,15,4,3,2,8,2.0,1.3,0.7,28.66,3.0,16.45,1.00,*4/D,kendrho01
293,Raúl Ibañez,2008,36,SEA,AL,162,707,635,85,186,117,43,3,23,110,2,4,64,110,.293,.358,.479,.837,124,304,13,3,0,5,11,2.6,1.4,1.1,28.47,2.7,16.49,1.04,*7/D,ibanera01
294,Carlos Lee,2006,30,MILTEX,ALNL,161,695,624,102,187,112,37,1,37,116,19,2,58,65,.300,.355,.540,.895,126,337,22,2,0,11,6,2.5,3.0,-0.4,28.46,2.7,33.77,0.98,*7D/H,leeca01
295,Álex Rodríguez,2015,39,NYY,AL,151,620,523,83,131,75,22,1,33,86,4,0,84,145,.250,.356,.486,.842,129,254,17,6,0,7,5,2.3,3.1,-0.7,28.40,2.8,34.30,0.99,*DH/53,rodrial01
296,Alex Avila,2011,24,DET,AL,141,551,464,63,137,81,33,4,19,82,3,1,73,131,.295,.389,.506,.895,142,235,8,3,3,8,9,2.8,3.0,-0.2,28.36,2.7,31.85,0.97,*2/DH5,avilaal01
297,Mark Reynolds,2009,25,ARI,NL,155,662,578,98,150,75,30,1,44,102,24,9,76,223,.260,.349,.543,.892,127,314,8,5,0,3,3,3.1,2.5,0.4,28.23,2.6,33.54,1.05,*53/H,reynoma01
298,Corey Hart,2007,25,MIL,NL,140,566,505,86,149,83,33,9,24,81,23,7,36,99,.295,.353,.539,.892,127,272,6,13,5,7,3,2.9,2.9,0.0,28.19,2.6,30.15,0.98,*98H,hartco01
299,Ryan Zimmerman,2009,24,WSN,NL,157,694,610,110,178,105,37,3,33,106,2,0,72,119,.292,.364,.525,.888,133,320,22,2,0,9,9,2.9,3.3,-0.8,28.15,2.7,36.23,1.13,*5/HD,zimmery01
300,Ryan Zimmerman,2012,27,WSN,NL,145,641,578,93,163,101,36,1,25,95,5,2,57,116,.282,.346,.478,.824,121,276,20,2,0,4,8,1.6,2.0,-0.4,28.12,2.8,25.87,1.00,*5/H,zimmery01
301,Hanley Ramírez,2010,26,FLA,NL,142,619,543,92,163,112,28,2,21,76,32,10,64,93,.300,.378,.475,.853,126,258,14,7,0,5,12,2.2,3.1,-0.8,28.10,2.7,34.33,0.96,*6/H,ramirha01
302,Scott Rolen,2006,31,STL,NL,142,594,521,94,154,83,48,1,22,95,7,4,56,69,.296,.369,.518,.887,126,270,10,9,0,8,7,1.0,2.4,-1.5,28.08,2.6,27.12,1.06,*5,rolensc01
303,J.D. Drew,2006,30,LAD,NL,146,594,494,84,140,80,34,6,20,100,2,3,89,106,.283,.393,.498,.891,126,246,4,4,1,6,8,2.6,2.6,0.1,28.08,2.6,30.67,1.00,*9H/D,drewj.01
304,Chase Utley,2013,34,PHI,NL,131,531,476,73,135,86,25,6,18,69,8,3,45,79,.284,.348,.475,.823,126,226,12,5,0,5,4,2.8,2.5,0.3,28.05,2.8,28.87,1.00,*4/HD,utleych01
305,José Reyes,2006,23,NYM,NL,153,703,647,122,194,128,30,17,19,81,64,17,53,81,.300,.354,.487,.841,115,315,6,1,2,0,6,2.1,1.9,0.2,27.96,2.6,17.95,0.97,*6/H,reyesjo01
306,Michael Brantley,2015,28,CLE,AL,137,596,529,68,164,104,45,0,15,84,15,1,60,51,.310,.379,.480,.859,129,254,14,2,0,5,8,2.1,1.7,0.4,27.95,2.7,19.16,0.99,*78D/H,brantmi02
307,Aaron Hill,2012,30,ARI,NL,156,668,609,93,184,108,44,6,26,85,14,5,52,86,.302,.360,.522,.882,133,318,15,4,1,2,7,1.8,3.1,-1.2,27.85,2.7,36.86,0.91,*4/H,hillaa01
308,Brian McCann,2008,24,ATL,NL,145,573,509,68,153,87,42,1,23,87,5,0,57,64,.301,.373,.523,.896,135,266,17,4,0,3,4,0.9,2.2,-1.4,27.79,2.7,29.40,1.11,*2H,mccanbr01
309,Raúl Ibañez,2006,34,SEA,AL,159,699,626,103,181,110,33,5,33,123,2,4,65,115,.289,.353,.516,.869,125,323,13,1,0,7,15,2.0,2.3,-0.4,27.77,2.6,25.52,1.03,*7/D,ibanera01
310,Ian Kinsler,2008,26,TEX,AL,121,583,518,102,165,102,41,4,18,71,26,2,45,67,.319,.375,.517,.892,134,268,12,6,7,7,1,2.0,2.9,-0.8,27.75,2.6,28.55,0.96,*4/H,kinslia01
311,Adam LaRoche,2014,34,WSN,NL,140,586,494,73,128,83,19,0,26,92,3,0,82,108,.259,.362,.455,.817,124,225,13,2,0,8,9,4.0,2.5,1.2,27.72,2.8,24.97,1.07,*3/HD,larocad01
312,Ichiro Suzuki,2007,33,SEA,AL,161,736,678,111,238,203,22,7,6,68,37,8,49,77,.351,.396,.431,.827,122,292,7,3,4,2,13,2.0,1.8,0.3,27.70,2.6,19.02,0.95,*8/D,suzukic01
313,Adrian Beltré,2012,33,TEX,AL,156,654,604,95,194,123,33,2,36,102,1,0,36,82,.321,.359,.561,.921,139,339,8,5,0,9,8,2.9,3.1,0.1,27.66,2.6,37.27,0.91,*5D/H,beltrad01
314,Gary Matthews,2006,31,TEX,AL,147,690,620,102,194,125,44,6,19,79,10,7,58,99,.313,.371,.495,.866,121,307,8,4,0,8,5,1.6,2.0,-0.3,27.64,2.5,22.89,0.94,*8/9HD,matthga02
315,Prince Fielder,2008,24,MIL,NL,159,694,588,86,162,96,30,2,34,102,3,2,84,134,.276,.372,.507,.879,130,298,12,12,0,10,19,2.9,2.6,0.3,27.54,2.6,28.67,1.02,*3/D,fieldpr01
316,Michael Cuddyer,2006,27,MIN,AL,150,635,557,102,158,88,41,5,24,109,6,0,62,130,.284,.362,.504,.867,124,281,11,10,0,6,5,2.6,2.3,0.3,27.48,2.5,22.70,0.99,*9/3HD7,cuddymi01
317,Matt Holliday,2011,31,STL,NL,124,516,446,83,132,74,36,0,22,75,2,1,60,93,.296,.388,.525,.912,151,234,21,8,0,2,4,3.0,3.2,-0.2,27.47,2.8,33.58,1.02,*7/DH,hollima01
318,Christian Yelich,2014,22,MIA,NL,144,660,582,94,165,120,30,6,9,54,21,7,70,137,.284,.362,.402,.764,115,234,9,3,3,2,3,2.4,2.6,-0.3,27.38,2.8,26.07,1.03,*78/H,yelicch01
319,Carlos Beltrán,2013,36,STL,NL,145,600,554,79,164,107,30,3,24,84,2,1,38,90,.296,.339,.491,.830,127,272,12,1,1,6,1,1.1,2.0,-0.7,27.38,2.7,23.98,0.95,*9/HD,beltrca01
320,Adam LaRoche,2006,26,ATL,NL,149,557,492,89,140,69,38,1,32,90,0,2,55,128,.285,.354,.561,.915,130,276,9,2,1,7,5,1.4,2.4,-1.0,27.33,2.5,30.35,1.03,*3H,larocad01
321,David Murphy,2012,30,TEX,AL,147,521,457,65,139,92,29,3,15,61,10,5,54,74,.304,.380,.479,.859,126,219,7,4,0,4,7,1.6,1.5,0.2,27.31,2.6,21.53,0.94,*79H/D8,murphda07
322,Russell Martin,2007,24,LAD,NL,151,620,540,87,158,104,32,3,19,87,21,9,67,89,.293,.374,.469,.843,116,253,16,7,0,6,1,2.1,2.4,-0.4,27.25,2.5,29.98,1.06,*2/HD,martiru01
323,Martín Prado,2012,28,ATL,NL,156,690,617,81,186,128,42,6,10,70,17,4,58,69,.301,.359,.438,.796,114,270,19,2,4,9,2,2.3,2.2,0.3,27.23,2.7,23.26,0.93,*7564/3H,pradoma01
324,Brandon Belt,2013,25,SFG,NL,150,571,509,76,147,87,39,4,17,67,5,2,52,125,.289,.360,.481,.841,139,245,4,6,1,3,4,3.6,2.2,1.1,27.12,2.8,27.86,1.08,*3H,beltbr01
325,Miguel Cabrera,2008,25,DET,AL,160,684,616,85,180,105,36,2,37,127,1,0,56,126,.292,.349,.537,.887,130,331,16,3,0,9,6,3.4,2.7,0.6,27.07,2.5,31.23,1.02,*35/DH,cabremi01
326,Asdrúbal Cabrera,2009,23,CLE,AL,131,581,523,81,161,109,42,4,6,68,17,4,44,89,.308,.361,.438,.799,114,229,13,1,10,3,1,2.1,1.5,0.7,27.03,2.6,16.70,0.98,64/H,cabreas01
327,Plácido Polanco,2007,31,DET,AL,142,641,587,105,200,152,36,3,9,67,7,3,37,30,.341,.388,.458,.846,121,269,9,11,2,4,3,2.9,2.2,0.9,27.02,2.5,25.77,0.94,*4/HD,polanpl01
328,Delmon Young,2010,24,MIN,AL,153,613,570,77,170,102,46,1,21,112,5,4,28,81,.298,.333,.493,.826,124,281,16,6,0,9,5,4.1,2.3,1.6,26.95,2.6,23.77,1.05,*7/HD,youngde03
329,Shane Victorino,2011,30,PHI,NL,132,586,519,95,145,85,27,16,17,61,19,3,55,63,.279,.355,.491,.847,130,255,4,6,6,0,1,3.1,3.2,0.1,26.91,2.7,31.96,0.96,*8/H,victosh01
330,Andre Ethier,2009,27,LAD,NL,160,685,596,92,162,86,42,3,31,106,6,4,72,116,.272,.361,.508,.869,132,303,19,13,0,4,10,4.8,3.2,1.1,26.81,2.6,36.08,1.12,*9/H,ethiean01
331,Jack Cust,2008,29,OAK,AL,148,598,481,77,111,59,19,0,33,77,0,0,111,197,.231,.375,.476,.851,130,229,7,2,0,4,3,2.2,2.9,-0.7,26.80,2.6,31.99,1.04,7D/9H,custja01
332,Jonathan Lucroy,2014,28,MIL,NL,153,655,585,73,176,108,53,2,13,69,4,4,66,71,.301,.373,.465,.837,131,272,13,2,0,2,3,4.0,2.4,1.6,26.75,2.7,26.08,1.00,*23/HD,lucrojo01
333,Jay Bruce,2013,26,CIN,NL,160,697,626,89,164,90,43,1,30,109,7,3,63,185,.262,.329,.478,.807,120,299,9,2,0,5,13,2.8,2.0,0.6,26.50,2.7,24.36,1.03,*9,bruceja01
334,David DeJesus,2008,28,KCR,AL,135,577,518,70,159,115,25,7,12,73,11,8,46,71,.307,.366,.452,.818,118,234,10,5,4,4,3,2.4,1.4,1.0,26.47,2.5,13.53,0.98,*789/D,dejesda01
335,Álex Rodríguez,2008,32,NYY,AL,138,594,510,104,154,86,33,0,35,103,18,3,65,117,.302,.392,.573,.965,150,292,16,14,0,5,9,0.4,3.6,-3.2,26.45,2.4,41.84,1.09,*5/D,rodrial01
336,José Reyes,2008,25,NYM,NL,159,763,688,113,204,132,37,19,16,68,56,15,66,82,.297,.358,.475,.833,119,327,9,1,5,3,8,1.4,2.6,-1.1,26.39,2.5,25.19,0.96,*6,reyesjo01
337,Freddy Sánchez,2006,28,PIT,NL,157,632,582,85,200,139,53,2,6,85,3,2,31,52,.344,.378,.473,.851,119,275,12,7,3,9,6,2.0,1.8,0.1,26.36,2.5,19.91,1.08,564H,sanchfr01
338,Matt Carpenter,2014,28,STL,NL,158,709,595,99,162,119,33,2,8,59,5,3,95,111,.272,.375,.375,.750,112,223,3,8,2,9,2,2.8,2.0,0.9,26.32,2.7,23.30,0.96,*5/9HD,carpema01
339,David Ortiz,2015,39,BOS,AL,146,614,528,73,144,70,37,0,37,108,0,1,77,95,.273,.360,.553,.913,140,292,16,0,0,9,16,2.4,3.4,-0.9,26.26,2.5,37.99,0.98,*D/3H,ortizda01
340,Kelly Johnson,2007,25,ATL,NL,147,608,521,91,144,92,26,10,16,68,9,5,79,117,.276,.375,.457,.831,116,238,8,4,2,2,3,1.2,2.4,-1.1,26.25,2.5,23.86,0.96,*4H,johnske05
341,Albert Pujols,2012,32,LAA,AL,154,670,607,85,173,93,50,0,30,105,8,1,52,76,.285,.343,.516,.859,138,313,19,5,0,6,16,2.7,2.4,0.7,26.25,2.6,25.10,0.89,*3D/5,pujolal01
342,Gaby Sánchez,2010,26,FLA,NL,151,643,572,72,156,97,37,3,19,85,5,0,57,101,.273,.341,.448,.788,108,256,14,5,3,6,2,2.0,1.6,0.5,26.23,2.5,18.57,0.98,*3/H,sanchga01
343,Nick Swisher,2010,29,NYY,AL,150,635,566,91,163,98,33,3,29,89,1,2,58,139,.288,.359,.511,.870,129,289,13,6,3,2,0,2.5,2.5,0.2,26.23,2.5,26.82,0.92,*9D/H38,swishni01
344,Buster Posey,2013,26,SFG,NL,148,595,520,61,153,103,34,1,15,72,2,1,60,70,.294,.371,.450,.821,134,234,15,8,0,7,8,2.1,2.2,-0.3,26.16,2.7,26.44,1.08,*23/DH,poseybu01
345,Paul Konerko,2011,35,CHW,AL,149,639,543,69,163,107,25,0,31,105,1,1,77,89,.300,.388,.517,.906,141,281,14,8,0,11,17,2.2,3.1,-1.0,26.05,2.5,37.18,1.05,*3D/H,konerpa01
346,Ryan Zimmerman,2013,28,WSN,NL,147,633,568,84,156,102,26,2,26,79,6,0,60,133,.275,.344,.465,.809,120,264,16,2,0,3,2,4.3,3.0,1.6,26.03,2.6,29.54,0.94,*5/DH,zimmery01
347,Rickie Weeks,2010,27,MIL,NL,160,754,651,112,175,110,32,4,29,83,11,4,76,184,.269,.366,.464,.830,123,302,5,25,0,2,0,1.9,2.7,-0.7,26.00,2.5,28.80,0.96,*4/D,weeksri01
348,Aaron Hill,2009,27,TOR,AL,158,734,682,103,195,122,37,0,36,108,6,2,42,98,.286,.330,.499,.829,114,340,17,5,1,4,1,2.1,2.6,-0.6,25.97,2.4,23.87,1.05,*4/DH,hillaa01
349,Adam LaRoche,2012,32,WSN,NL,154,647,571,76,155,86,35,1,33,100,1,1,67,138,.271,.343,.510,.853,127,291,10,0,0,9,7,2.5,2.6,-0.2,25.94,2.5,27.94,1.06,*3/H,larocad01
350,Kevin Youkilis,2007,28,BOS,AL,145,625,528,85,152,99,35,2,16,83,4,2,77,105,.288,.390,.453,.843,117,239,9,15,0,5,0,0.7,1.8,-1.2,25.91,2.3,22.78,1.02,*35/H,youklke01
351,Andre Ethier,2010,28,LAD,NL,139,585,517,71,151,94,33,1,23,82,2,1,59,102,.292,.364,.493,.857,133,255,11,3,0,6,11,0.9,1.7,-0.8,25.89,2.6,25.69,1.02,*9/H3,ethiean01
352,Carlos González,2012,26,COL,NL,135,579,518,89,157,99,31,5,22,85,20,5,56,115,.303,.371,.510,.881,122,264,11,2,0,3,11,1.0,2.1,-1.1,25.79,2.4,27.46,0.95,*7/H,gonzaca01
353,Evan Longoria,2009,23,TBR,AL,157,671,584,100,164,87,44,0,33,113,9,0,72,140,.281,.364,.526,.889,133,307,27,8,0,7,11,1.9,2.4,-0.4,25.70,2.4,27.54,0.99,*5/DH,longoev01
354,Billy Butler,2012,26,KCR,AL,161,679,614,72,192,130,32,1,29,107,2,1,54,111,.313,.373,.510,.882,138,313,20,7,0,4,9,2.8,3.3,-0.6,25.63,2.5,36.37,1.03,*D3/H,butlebi03
355,Joe Mauer,2010,27,MIN,AL,137,584,510,88,167,114,43,1,9,75,1,4,65,53,.327,.402,.469,.871,140,239,19,3,0,6,14,3.2,2.7,0.7,25.42,2.5,30.14,0.93,*2D/H,mauerjo01
356,Torii Hunter,2009,33,LAA,AL,119,506,451,74,135,86,26,1,22,90,18,4,47,92,.299,.366,.508,.873,128,229,9,3,0,5,4,1.8,1.4,0.1,25.38,2.4,18.64,1.11,*8/DH,hunteto01
357,Jose Altuve,2014,24,HOU,AL,158,707,660,85,225,168,47,3,7,59,56,9,36,53,.341,.377,.453,.830,135,299,20,5,1,5,7,3.1,2.5,0.4,25.34,2.6,23.60,1.02,*4/DH,altuvjo01
358,B.J. Upton,2007,22,TBD,AL,129,548,474,86,142,92,25,1,24,82,22,8,65,154,.300,.386,.508,.894,136,241,14,4,1,4,4,1.7,2.7,-1.1,25.20,2.4,30.17,1.05,84/DH,uptonbj01
359,Eric Hosmer,2013,23,KCR,AL,159,680,623,86,188,134,34,3,17,79,11,4,51,100,.302,.353,.448,.801,118,279,15,1,1,4,4,3.4,1.9,1.5,25.15,2.4,21.80,1.02,*3/H9D,hosmeer01
360,Hideki Matsui,2010,36,LAA,AL,145,558,482,55,132,86,24,1,21,84,0,1,67,98,.274,.361,.459,.820,126,221,10,1,0,4,6,2.1,1.5,0.6,25.14,2.5,18.25,0.97,*D7/H,matsuhi01
361,Ben Zobrist,2012,31,TBR,AL,157,668,560,88,151,85,39,7,20,74,14,9,97,103,.270,.377,.471,.848,137,264,13,3,2,6,7,2.2,2.9,-0.8,25.14,2.5,29.15,1.03,946/D,zobribe01
362,Miguel Montero,2011,27,ARI,NL,140,553,493,65,139,84,36,1,18,86,1,1,47,97,.282,.351,.469,.820,121,231,14,8,1,4,10,1.3,1.8,-0.5,25.07,2.5,22.18,0.99,*2/H,montemi01
363,Troy Tulowitzki,2013,28,COL,NL,126,512,446,72,139,87,27,0,25,82,1,0,57,85,.312,.391,.540,.931,139,241,9,4,0,5,5,2.4,2.9,-0.7,25.06,2.3,34.04,1.05,*6/H,tulowtr01
364,Prince Fielder,2013,29,DET,AL,162,712,624,82,174,113,36,0,25,106,1,1,75,117,.279,.362,.457,.819,122,285,20,9,0,4,5,2.1,2.1,0.0,24.92,2.4,28.89,1.02,*3D,fieldpr01
365,Ryan Braun,2008,24,MIL,NL,151,663,611,92,174,91,39,7,37,106,14,4,42,129,.285,.335,.553,.888,130,338,13,6,0,4,4,3.8,3.2,0.8,24.92,2.4,34.19,0.97,*7/HD,braunry02
366,Dan Uggla,2008,28,FLA,NL,146,619,531,97,138,68,37,1,32,92,5,5,77,171,.260,.360,.514,.874,126,273,10,8,0,3,6,2.8,2.5,0.3,24.85,2.3,27.37,1.01,*4/H,ugglada01
367,Carlos Gómez,2013,27,MIL,NL,147,590,536,80,152,91,27,10,24,73,40,7,37,146,.284,.338,.506,.843,128,271,11,10,1,6,2,2.3,2.7,-0.5,24.69,2.5,28.41,1.03,*8/H,gomezca01
368,Victor Martinez,2009,30,BOSCLE,AL,155,672,588,88,178,121,33,1,23,108,1,0,75,74,.303,.381,.480,.861,127,282,17,3,0,6,3,3.3,1.8,1.5,24.67,2.3,24.07,0.99,23/HD,martivi01
369,Josh Willingham,2007,28,FLA,NL,144,604,521,75,138,81,32,4,21,89,8,1,66,122,.265,.364,.463,.827,115,241,11,16,0,1,1,1.2,1.1,0.1,24.66,2.3,16.04,1.01,*7/HD,willijo03
370,Vladimir Guerrero,2006,31,LAA,AL,156,665,607,92,200,132,34,1,33,116,15,5,50,68,.329,.382,.552,.934,138,335,16,4,0,4,25,3.2,2.7,0.5,24.62,2.3,28.21,1.03,*9D,guerrvl01
371,Carlos Gómez,2014,28,MIL,NL,148,644,574,95,163,102,34,4,23,73,34,12,47,141,.284,.356,.477,.833,129,274,10,19,1,3,0,1.4,3.3,-1.9,24.60,2.5,31.51,1.03,*8/HD,gomezca01
372,Torii Hunter,2012,36,LAA,AL,140,584,534,81,167,126,24,1,16,92,9,1,38,133,.313,.365,.451,.817,129,241,15,8,1,3,1,3.5,2.6,1.3,24.56,2.5,23.92,0.90,*9/DH,hunteto01
373,Johnny Damon,2009,35,NYY,AL,143,626,550,107,155,92,36,3,24,82,12,0,71,98,.282,.365,.489,.854,118,269,9,2,2,1,1,3.7,2.8,0.8,24.55,2.2,27.80,1.06,*7/HD,damonjo01
374,Carl Crawford,2006,24,TBD,AL,151,653,600,89,183,129,20,16,18,77,58,9,37,85,.305,.348,.482,.830,113,289,8,4,9,2,3,0.8,1.7,-0.8,24.51,2.3,21.21,1.02,*7/D8H,crawfca02
375,Justin Morneau,2009,28,MIN,AL,135,590,508,85,139,77,31,1,30,100,0,0,72,86,.274,.363,.516,.878,130,262,12,3,0,7,12,1.2,2.6,-1.4,24.44,2.3,27.03,1.00,*3D,morneju01
376,Frank Thomas,2007,39,TOR,AL,155,624,531,63,147,91,30,0,26,95,0,0,81,94,.277,.377,.480,.857,125,255,14,7,0,5,3,1.7,1.9,-0.2,24.31,2.3,22.34,1.00,*D/H,thomafr04
377,Brandon Phillips,2011,30,CIN,NL,150,675,610,94,183,125,38,2,18,82,14,9,44,85,.300,.353,.457,.810,118,279,15,9,5,6,3,1.8,2.2,-0.6,24.25,2.4,25.66,1.09,*4/H,phillbr01
378,Chipper Jones,2009,37,ATL,NL,143,596,488,80,129,86,23,2,18,71,4,1,101,89,.264,.388,.430,.818,117,210,14,1,0,6,18,2.2,2.0,0.2,24.24,2.3,21.92,1.01,*5/HD,jonesch06
379,Ian Kinsler,2009,27,TEX,AL,144,640,566,101,143,76,32,4,31,86,31,5,59,77,.253,.327,.488,.814,107,276,9,6,3,6,0,1.1,1.2,0.0,24.24,2.2,15.07,0.95,*4,kinslia01
380,Carlos González,2015,29,COL,NL,153,608,554,87,150,83,25,2,40,97,2,0,46,133,.271,.325,.540,.864,116,299,11,1,1,6,6,4.2,3.0,1.4,24.01,2.2,28.35,0.96,*9/H,gonzaca01
381,Ryan Zimmerman,2006,21,WSN,NL,157,682,614,84,176,106,47,3,20,110,11,8,61,120,.287,.351,.471,.822,114,289,15,2,1,4,7,4.4,1.4,2.5,23.97,2.3,14.28,1.13,*5,zimmery01
382,Ryan Howard,2010,30,PHI,NL,143,620,550,87,152,93,23,5,31,108,1,1,59,157,.276,.353,.505,.859,127,278,14,8,0,3,11,1.7,2.0,-0.4,23.96,2.3,27.33,1.03,*3/DH,howarry01
383,Álex Rodríguez,2009,33,NYY,AL,124,535,444,78,127,79,17,1,30,100,14,2,80,97,.286,.402,.532,.933,138,236,13,8,0,3,7,3.7,2.4,1.0,23.94,2.2,29.80,1.07,*5/DH,rodrial01
384,David Ortiz,2010,34,BOS,AL,145,606,518,86,140,71,36,1,32,102,0,1,82,145,.270,.370,.529,.899,137,274,12,2,0,4,14,2.6,2.7,-0.2,23.87,2.2,30.55,1.05,*D/H3,ortizda01
385,Shane Victorino,2009,28,PHI,NL,156,694,620,102,181,119,39,13,10,62,25,8,60,71,.292,.358,.445,.803,110,276,5,6,4,4,1,2.5,1.7,1.0,23.85,2.3,20.05,0.91,*8/H,victosh01
386,David Wright,2010,27,NYM,NL,157,670,587,87,166,98,36,3,29,103,19,11,69,161,.283,.354,.503,.856,131,295,12,2,0,12,9,1.8,2.4,-0.7,23.81,2.4,28.52,1.03,*5/DH,wrighda03
387,Ray Durham,2006,34,SFG,NL,137,555,498,79,146,83,30,7,26,93,7,2,51,61,.293,.360,.538,.898,127,268,17,2,2,2,6,3.2,2.1,0.9,23.81,2.2,23.70,1.06,*4/H,durhara01
388,Travis Hafner,2007,30,CLE,AL,152,661,545,80,145,94,25,2,24,100,1,1,102,115,.266,.385,.451,.837,120,246,15,7,0,5,17,1.7,2.3,-0.6,23.79,2.2,24.31,1.03,*D3/H,hafnetr01
389,Brad Hawpe,2006,27,COL,NL,150,575,499,67,146,85,33,6,22,84,5,5,74,123,.293,.383,.515,.898,120,257,8,0,0,2,11,2.4,2.2,0.0,23.79,2.1,22.38,1.12,*9H,hawpebr01
390,Kevin Youkilis,2011,32,BOS,AL,120,517,431,68,111,60,32,2,17,80,3,0,68,100,.258,.373,.459,.833,123,198,14,14,0,4,3,1.6,1.6,-0.1,23.72,2.3,18.35,1.04,*5/3D,youklke01
391,Curtis Granderson,2007,26,DET,AL,158,676,612,122,185,101,38,23,23,74,26,1,52,141,.302,.361,.552,.913,135,338,3,5,5,2,3,0.5,3.0,-2.4,23.71,2.2,30.62,0.94,*8/H7,grandcu01
392,Justin Upton,2014,26,ATL,NL,154,641,566,77,153,88,34,2,29,102,8,4,60,171,.270,.342,.491,.833,133,278,10,6,0,8,1,1.9,2.7,-1.0,23.68,2.4,27.82,1.14,*7/HD,uptonju01
393,Adrian Beltré,2011,32,TEX,AL,124,525,487,82,144,79,33,0,32,105,1,1,25,53,.296,.331,.561,.892,131,273,13,5,0,8,0,1.5,2.7,-1.1,23.64,2.2,28.75,0.96,*5D/H,beltrad01
394,Billy Butler,2011,25,KCR,AL,159,673,597,74,174,111,44,0,19,95,2,1,66,95,.291,.361,.461,.822,125,275,16,3,0,7,15,0.7,1.2,-0.5,23.58,2.3,17.31,1.06,*D3/H,butlebi03
395,Shane Victorino,2013,32,BOS,AL,122,532,477,82,140,97,26,2,15,61,21,3,25,75,.294,.351,.451,.801,118,215,5,18,10,2,0,2.1,1.7,0.5,23.55,2.3,18.07,0.97,*98/H,victosh01
396,Domonic Brown,2013,25,PHI,NL,139,540,496,65,135,83,21,4,27,83,8,3,39,97,.272,.324,.494,.818,124,245,5,1,0,4,5,2.6,2.2,0.2,23.53,2.4,22.48,1.06,*7/H9,browndo01
397,Chone Figgins,2007,29,LAA,AL,115,503,442,81,146,113,24,6,3,58,41,12,51,81,.330,.393,.432,.825,117,191,7,0,2,8,0,2.9,1.8,1.1,23.50,2.2,17.55,0.97,59/4HD,figgich01
398,Hideki Matsui,2009,35,NYY,AL,142,528,456,62,125,75,21,1,28,90,0,1,64,75,.274,.367,.509,.876,123,232,4,4,0,2,1,1.4,1.4,-0.1,23.47,2.1,19.03,1.07,*DH,matsuhi01
399,Giancarlo Stanton,2013,23,MIA,NL,116,504,425,62,106,56,26,0,24,62,1,0,74,140,.249,.365,.480,.845,131,204,10,4,0,1,5,3.8,3.3,0.2,23.45,2.3,31.16,1.09,*9,stantmi03
400,Conor Jackson,2008,26,ARI,NL,144,612,540,87,162,113,31,6,12,75,10,2,59,61,.300,.376,.446,.823,110,241,14,9,1,3,3,0.8,2.0,-1.2,23.44,2.1,20.88,0.98,73/H,jacksco01
401,Nelson Cruz,2014,33,BAL,AL,159,678,613,87,166,92,32,2,40,108,4,5,55,140,.271,.333,.525,.859,137,322,17,5,0,5,8,2.4,2.5,-0.2,23.43,2.3,23.88,1.07,D79,cruzne02
402,Brian Roberts,2008,30,BAL,AL,155,704,611,107,181,113,51,8,9,57,40,10,82,104,.296,.378,.450,.828,118,275,8,2,3,6,3,2.1,1.9,0.1,23.41,2.2,19.11,1.02,*4/H,roberbr01
403,Alex Gordon,2014,30,KCR,AL,156,643,563,87,150,96,34,1,19,74,12,3,65,126,.266,.351,.432,.783,118,243,11,11,0,4,5,2.9,0.7,2.2,23.41,2.3,11.40,1.01,*7,gordoal01
404,Carlos Peña,2011,33,CHC,NL,153,606,493,72,111,53,27,3,28,80,2,2,101,161,.225,.357,.462,.819,123,228,6,4,1,7,7,3.2,2.2,0.7,23.40,2.3,21.52,1.10,*3/H,penaca01
405,Giancarlo Stanton,2011,21,FLA,NL,150,601,516,79,135,66,30,5,34,87,5,5,70,166,.262,.356,.537,.893,141,277,11,9,0,6,6,2.1,4.0,-2.0,23.19,2.3,40.89,1.07,*9/H8D,stantmi03
406,Justin Upton,2013,25,ATL,NL,149,643,558,94,147,91,27,2,27,70,8,1,75,161,.263,.354,.464,.818,124,259,12,5,1,4,4,2.5,2.9,-0.2,23.13,2.3,28.32,0.96,*79/HD,uptonju01
407,Carlos Quentin,2010,27,CHW,AL,131,527,453,73,110,57,25,2,26,87,2,2,50,83,.243,.342,.479,.821,119,217,16,20,0,4,3,1.0,2.1,-1.1,23.11,2.2,20.21,1.06,9D/H,quentca01
408,Nomar Garciaparra,2006,32,LAD,NL,122,523,469,82,142,89,31,2,20,93,3,0,42,30,.303,.367,.505,.872,120,237,15,8,0,4,9,1.5,1.4,0.0,23.10,2.1,16.57,1.06,*3/H,garcino01
409,Vernon Wells,2006,27,TOR,AL,154,677,611,91,185,108,40,5,32,106,17,4,54,90,.303,.357,.542,.899,129,331,13,3,0,9,0,2.3,2.1,0.3,23.09,2.1,23.73,0.95,*8/D,wellsve01
410,Michael Young,2007,30,TEX,AL,156,692,639,80,201,154,37,1,9,94,13,3,47,107,.315,.366,.418,.783,106,267,21,5,0,1,5,2.3,0.8,1.5,23.01,2.1,8.02,1.04,*6/D,youngmi02
411,Carlos Beltrán,2012,35,STL,NL,151,619,547,83,147,88,26,1,32,97,13,6,65,124,.269,.346,.495,.842,128,271,9,2,1,4,15,2.4,2.2,0.1,22.92,2.3,21.78,1.03,*9H/8D,beltrca01
412,Ichiro Suzuki,2009,35,SEA,AL,146,678,639,88,225,179,31,4,11,46,26,9,32,71,.352,.386,.465,.851,129,297,1,4,2,1,15,3.7,2.0,1.5,22.92,2.2,22.27,1.04,*9/D,suzukic01
413,Vladimir Guerrero,2010,35,TEX,AL,152,643,593,83,178,121,27,1,29,115,4,5,35,60,.300,.345,.496,.841,119,294,19,9,0,6,5,2.3,2.0,0.2,22.89,2.1,18.55,1.07,*D9/H7,guerrvl01
414,Chris Coghlan,2009,24,FLA,NL,128,565,504,84,162,116,31,6,9,47,8,5,53,77,.321,.390,.460,.850,122,232,3,4,3,1,2,1.6,1.7,0.0,22.87,2.2,19.15,0.94,*7/H4,coghlch01
415,Jason Kipnis,2015,28,CLE,AL,141,641,565,86,171,112,43,7,9,52,12,8,57,107,.303,.372,.451,.823,120,255,5,9,4,6,6,1.9,2.2,-0.2,22.78,2.2,23.55,0.93,*4D/H,kipnija01
416,Carlos Peña,2009,31,TBR,AL,135,570,471,91,107,41,25,2,39,100,3,3,87,163,.227,.356,.537,.893,133,253,5,9,0,3,11,1.9,1.7,0.2,22.77,2.1,23.19,0.99,*3/H,penaca01
417,Adam Jones,2013,27,BAL,AL,160,689,653,100,186,117,35,1,33,108,14,3,25,136,.285,.318,.493,.811,118,322,15,8,0,3,4,2.6,1.7,0.9,22.77,2.2,19.99,1.02,*8/D,jonesad01
418,Josh Harrison,2014,26,PIT,NL,143,550,520,77,164,106,38,7,13,52,18,7,22,81,.315,.347,.490,.837,133,255,6,4,2,2,1,3.5,2.4,1.3,22.72,2.3,23.03,0.97,579H4/6,harrijo05
419,Kyle Seager,2014,26,SEA,AL,159,654,590,71,158,102,27,4,25,96,7,5,52,118,.268,.334,.454,.788,127,268,12,8,1,3,3,1.1,0.7,0.5,22.72,2.4,16.40,1.00,*5/DH,seageky01
420,Bobby Abreu,2010,36,LAA,AL,154,667,573,88,146,84,41,1,20,78,24,10,87,132,.255,.352,.435,.787,118,249,13,2,0,5,3,2.7,2.5,0.5,22.69,2.2,24.66,0.90,*97D/H,abreubo01
421,Dexter Fowler,2012,26,COL,NL,143,530,454,72,136,94,18,11,13,53,12,5,68,128,.300,.389,.474,.863,119,215,5,0,6,2,1,1.7,2.1,-0.3,22.67,2.1,25.13,0.93,*8H,fowlede01
422,Justin Upton,2015,27,SDP,NL,150,620,542,85,136,81,26,3,26,81,19,5,68,159,.251,.336,.454,.790,119,246,10,4,0,5,5,1.9,3.3,-1.4,22.63,2.3,30.84,1.00,*7/HD,uptonju01
423,Brian Giles,2008,37,SDP,NL,147,653,559,81,171,115,40,4,12,63,2,2,87,52,.306,.398,.456,.854,138,255,18,2,0,5,2,2.5,2.2,0.1,22.60,2.3,25.11,1.09,*9/H8,gilesbr02
424,Troy Glaus,2008,31,STL,NL,151,637,544,69,147,86,33,1,27,99,0,1,87,104,.270,.372,.483,.856,125,263,14,3,0,3,3,2.6,2.0,0.6,22.59,2.2,21.13,1.01,*5/3H,glaustr01
425,Joe Mauer,2013,30,MIN,AL,113,508,445,62,144,98,35,0,11,47,0,1,61,89,.324,.404,.476,.880,142,212,7,0,0,2,7,2.1,2.5,-0.4,22.57,2.2,25.47,1.00,2D/3H,mauerjo01
426,Shin-Soo Choo,2012,29,CLE,AL,155,686,598,88,169,108,43,2,16,67,21,7,73,150,.283,.373,.441,.815,129,264,10,14,0,1,0,2.4,2.6,0.0,22.56,2.3,24.17,0.93,*9/H,choosh01
427,Jason Heyward,2012,22,ATL,NL,158,651,587,93,158,95,30,6,27,82,21,8,58,152,.269,.335,.479,.814,117,281,4,2,0,3,1,2.4,3.1,-0.6,22.51,2.2,32.27,0.96,*9/H8,heywaja01
428,Neil Walker,2014,28,PIT,NL,137,571,512,74,139,88,25,3,23,76,2,2,45,88,.271,.342,.467,.809,126,239,12,11,1,2,2,3.3,2.2,0.9,22.42,2.3,23.98,1.07,*4/H,walkene01
429,Dustin Pedroia,2008,24,BOS,AL,157,726,653,118,213,140,54,2,17,83,20,1,50,52,.326,.376,.493,.869,123,322,17,7,7,9,1,3.0,2.2,1.0,22.41,2.0,24.03,0.95,*4/H,pedrodu01
430,Matt Kemp,2015,30,SDP,NL,154,648,596,80,158,101,31,3,23,100,12,2,39,147,.265,.312,.443,.755,109,264,17,5,0,8,0,1.8,1.6,0.2,22.39,2.3,16.77,0.98,*9/DH,kempma01
431,Michael Young,2006,29,TEX,AL,162,748,691,93,217,148,52,3,14,103,7,3,48,96,.314,.356,.459,.814,108,317,27,1,0,8,0,2.5,1.2,1.5,22.39,2.0,10.71,0.93,*6/D,youngmi02
432,Hanley Ramírez,2014,30,LAD,NL,128,512,449,64,127,79,35,0,13,71,14,5,56,84,.283,.369,.448,.817,133,201,10,6,0,1,2,1.3,2.2,-0.9,22.39,2.3,25.88,0.97,*6/HD,ramirha01
433,Marlon Byrd,2013,35,NYMPIT,NL,147,579,532,75,155,91,35,5,24,88,2,4,31,144,.291,.336,.511,.847,138,272,11,8,1,7,2,1.9,2.4,-0.7,22.36,2.3,29.53,1.07,*9H/78,byrdma01
434,Austin Jackson,2012,25,DET,AL,137,617,543,103,163,108,29,10,16,66,12,9,67,134,.300,.377,.479,.856,129,260,9,2,2,3,0,3.1,2.5,0.5,22.34,2.1,24.96,1.01,*8/H,jacksau01
435,Billy Butler,2009,23,KCR,AL,159,672,608,78,183,110,51,1,21,93,1,0,58,103,.301,.362,.492,.853,125,299,20,2,0,4,3,2.4,2.6,0.0,22.31,2.1,27.79,0.92,*3D/H,butlebi03
436,Chone Figgins,2009,31,LAA,AL,158,729,615,114,183,141,30,7,5,54,42,17,101,114,.298,.395,.393,.789,110,242,8,1,8,4,0,2.7,1.7,1.0,22.31,2.1,19.58,1.01,*5/4D7,figgich01
437,Hideki Matsui,2007,33,NYY,AL,143,634,547,100,156,99,28,4,25,103,4,2,73,73,.285,.367,.488,.855,123,267,9,3,0,10,2,1.3,2.3,-0.8,22.29,2.1,30.80,0.95,*7D,matsuhi01
438,Manny Machado,2015,22,BAL,AL,162,713,633,102,181,115,30,1,35,86,20,8,70,111,.286,.359,.502,.861,132,318,17,4,2,4,2,1.2,3.3,-2.0,22.25,2.2,32.49,0.92,*5/6,machama01
439,Evan Longoria,2013,27,TBR,AL,160,693,614,91,165,91,39,3,32,88,1,0,70,162,.269,.343,.498,.842,133,306,16,3,0,6,10,2.1,3.0,-0.8,22.22,2.2,32.72,0.97,*5D,longoev01
440,Josh Reddick,2015,28,OAK,AL,149,582,526,67,143,94,25,4,20,77,10,2,49,65,.272,.333,.449,.781,116,236,7,0,1,2,1,1.2,1.8,-0.6,22.21,2.2,21.11,1.03,*9H/D8,reddijo01
441,Felipe López,2009,29,ARIMIL,NL,151,680,604,88,187,137,38,3,9,57,6,6,71,100,.310,.383,.427,.810,112,258,5,2,1,2,4,0.4,1.6,-1.2,22.10,2.1,20.50,0.98,*4/HD,lopezfe01
442,Brad Hawpe,2009,30,COL,NL,145,588,501,82,143,75,42,3,23,86,1,3,79,145,.285,.384,.519,.903,125,260,17,4,0,4,7,2.6,3.4,-0.8,22.09,2.0,33.28,1.04,*9/HD,hawpebr01
443,Prince Fielder,2015,31,TEX,AL,158,693,613,78,187,136,28,0,23,98,0,0,64,88,.305,.378,.463,.841,126,284,21,11,0,5,14,1.2,1.7,-0.4,21.94,2.1,22.28,0.93,*D3/H,fieldpr01
444,Brian McCann,2010,26,ATL,NL,143,566,479,63,129,83,25,0,21,77,5,2,74,98,.269,.375,.453,.828,124,217,12,9,0,4,10,2.4,2.2,-0.1,21.87,2.2,23.10,1.14,*2H/D,mccanbr01
445,Curtis Granderson,2012,31,NYY,AL,160,684,596,102,138,73,18,4,43,106,10,3,75,195,.232,.319,.492,.811,115,293,5,5,1,7,4,0.8,2.5,-1.7,21.86,2.1,25.58,1.01,*8/HD,grandcu01
446,Ángel Pagán,2010,28,NYM,NL,151,633,579,80,168,119,31,7,11,69,37,9,44,97,.290,.340,.425,.765,108,246,9,1,6,3,5,-0.7,0.8,-1.5,21.86,2.2,12.21,1.00,*897/H,paganan01
447,Carlos Lee,2011,35,HOU,NL,155,653,585,66,161,101,38,4,18,94,4,3,59,60,.275,.342,.446,.788,117,261,9,3,0,6,8,0.6,2.2,-1.7,21.82,2.2,23.34,1.12,73/DH,leeca01
448,Pat Burrell,2006,29,PHI,NL,144,567,462,80,119,65,24,1,29,95,0,0,98,131,.258,.388,.502,.890,122,232,11,3,0,4,5,1.2,2.4,-1.3,21.78,2.0,29.98,1.11,*7H/D,burrepa01
449,Andrew McCutchen,2010,23,PIT,NL,154,653,570,94,163,107,35,5,16,56,33,10,70,89,.286,.365,.449,.814,121,256,6,5,1,7,1,2.0,2.2,-0.1,21.75,2.2,23.24,0.95,*8/H,mccutan01
450,Curtis Granderson,2008,27,DET,AL,141,629,553,112,155,94,26,13,22,66,12,4,71,111,.280,.365,.494,.858,124,273,7,3,1,1,1,2.6,2.3,0.5,21.74,2.0,24.93,0.97,*8/H,grandcu01
451,Garrett Atkins,2007,27,COL,NL,157,684,605,83,182,121,35,1,25,111,3,1,67,96,.301,.367,.486,.853,113,294,16,2,0,10,3,0.1,1.4,-1.3,21.68,2.0,18.64,1.05,*53/H,atkinga01
452,Asdrúbal Cabrera,2011,25,CLE,AL,151,667,604,87,165,105,32,3,25,92,17,5,44,119,.273,.332,.460,.792,121,278,10,11,4,4,5,1.6,0.6,0.9,21.41,2.2,5.57,1.01,*6,cabreas01
453,Casey McGehee,2010,27,MIL,NL,157,670,610,70,174,112,38,1,23,104,1,1,50,102,.285,.337,.464,.801,114,283,18,2,0,8,5,1.8,1.4,0.3,21.37,2.1,16.41,1.03,*5/3D,mcgehca01
454,Mitch Moreland,2015,29,TEX,AL,132,515,471,51,131,81,27,0,23,85,1,0,32,112,.278,.330,.482,.812,116,227,9,7,0,5,2,3.7,1.7,1.9,21.36,2.1,14.96,1.03,*3H/D,morelmi01
455,Carlos Guillén,2007,31,DET,AL,151,630,564,86,167,102,35,9,21,102,13,8,55,93,.296,.357,.502,.859,122,283,14,3,0,8,10,1.8,0.9,1.0,21.09,1.9,10.64,1.02,*63/HD,guillca01
456,Adam Eaton,2014,25,CHW,AL,123,538,486,76,146,109,26,10,1,35,15,9,43,83,.300,.362,.401,.763,120,195,4,5,2,2,0,2.7,1.3,1.4,21.03,2.2,13.92,1.02,*8,eatonad02
457,Jason Kubel,2012,30,ARI,NL,141,571,506,75,128,64,30,4,30,90,1,1,57,151,.253,.327,.506,.833,120,256,11,2,0,6,7,1.3,2.4,-1.0,20.97,2.0,24.60,0.97,*7H/D9,kubelja01
458,José Bautista,2013,32,TOR,AL,118,528,452,82,117,65,24,0,28,73,7,2,69,84,.259,.358,.498,.856,132,225,13,3,0,4,2,2.8,2.4,0.3,20.96,2.0,29.07,1.02,*9/D53,bautijo02
459,Starling Marte,2015,26,PIT,NL,153,633,579,84,166,115,30,2,19,81,30,10,27,123,.287,.337,.444,.780,113,257,14,19,3,5,3,1.3,1.9,-0.6,20.86,2.1,22.28,1.02,*78/H,martest01
460,Ryan Ludwick,2009,30,STL,NL,139,542,486,63,129,86,20,1,22,97,4,2,41,106,.265,.329,.447,.775,105,217,5,7,1,4,3,0.9,1.1,-0.3,20.81,2.0,9.49,1.11,*9H/78,ludwiry01
461,Nick Markakis,2007,23,BAL,AL,161,710,637,97,191,122,43,3,23,112,18,6,61,112,.300,.362,.485,.848,121,309,22,5,1,6,5,2.3,1.3,0.8,20.77,1.9,17.21,1.07,*9/H,markani01
462,Miguel Tejada,2006,32,BAL,AL,162,709,648,99,214,153,37,0,24,100,6,2,46,79,.330,.379,.498,.878,126,323,28,9,0,6,10,1.4,3.1,-1.7,20.74,1.9,32.54,1.00,*6D,tejadmi01
463,Seth Smith,2014,31,SDP,NL,136,521,443,55,118,70,31,5,12,48,1,1,69,87,.266,.367,.440,.807,134,195,9,4,0,4,3,2.1,2.2,-0.1,20.73,2.2,23.01,1.01,*79H/D,smithse01
464,Josh Willingham,2011,32,OAK,AL,136,563,488,69,120,65,26,0,29,98,4,1,56,150,.246,.332,.477,.810,121,233,6,11,0,8,3,1.7,0.9,0.7,20.72,2.0,13.79,1.07,7D/H,willijo03
465,Starling Marte,2014,25,PIT,NL,135,545,495,73,144,96,29,6,13,56,30,11,33,131,.291,.356,.453,.808,127,224,5,17,0,0,0,3.4,3.2,0.0,20.64,2.1,28.76,1.07,*78/H,martest01
466,Brett Gardner,2015,31,NYY,AL,151,656,571,94,148,103,26,3,16,66,20,5,68,135,.259,.343,.399,.742,103,228,8,6,8,3,1,0.7,0.9,-0.1,20.62,2.0,11.01,0.95,*78/H,gardnbr01
467,Ryan Braun,2014,30,MIL,NL,135,580,530,68,141,86,30,6,19,81,11,5,41,113,.266,.324,.453,.777,113,240,17,6,0,3,3,1.0,0.8,0.2,20.59,2.1,14.77,0.99,*9/8DH,braunry02
468,Ian Desmond,2012,26,WSN,NL,130,547,513,72,150,90,33,2,25,73,21,6,30,113,.292,.335,.511,.845,125,262,17,3,0,1,1,4.1,2.7,1.1,20.58,2.0,25.12,1.09,*6/H,desmoia01
469,Matt Duffy,2015,24,SFG,NL,149,612,573,77,169,123,28,6,12,77,12,0,30,96,.295,.334,.428,.762,108,245,22,5,2,2,0,2.1,0.6,1.5,20.50,2.1,11.69,0.99,*5H/463,duffyma01
470,Ryan Roberts,2011,30,ARI,NL,143,555,482,86,120,74,25,2,19,65,18,9,66,98,.249,.341,.427,.768,108,206,6,2,3,2,2,3.1,1.9,1.2,20.49,2.0,17.24,1.00,54H/76,roberry01
471,Corey Hart,2012,30,MIL,NL,149,622,562,91,152,83,35,4,30,83,5,0,44,151,.270,.334,.507,.841,120,285,13,11,2,3,5,2.5,1.2,1.2,20.43,2.0,14.71,1.02,39/H,hartco01
472,Derek Jeter,2009,35,NYY,AL,153,716,634,107,212,166,27,1,18,66,30,5,72,90,.334,.406,.465,.871,125,295,18,5,4,1,4,1.4,2.6,-1.1,20.38,1.9,26.57,0.97,*6/DH,jeterde01
473,Troy Tulowitzki,2009,24,COL,NL,151,628,543,101,161,95,25,9,32,92,20,11,73,112,.297,.377,.552,.930,131,300,20,3,0,9,4,0.6,3.0,-2.3,20.37,1.8,31.48,1.03,*6,tulowtr01
474,Dan Uggla,2006,26,FLA,NL,154,683,611,105,172,112,26,7,27,90,6,6,48,123,.282,.339,.480,.818,112,293,5,9,7,8,1,0.7,1.3,-0.5,20.32,1.9,15.78,0.93,*4/HD,ugglada01
475,Mike Moustakas,2015,26,KCR,AL,147,614,549,73,156,99,34,1,22,82,1,2,43,76,.284,.348,.470,.817,119,258,14,13,4,5,1,0.5,2.2,-1.7,20.29,2.0,23.03,0.99,*5/H,moustmi01
476,Denard Span,2009,25,MIN,AL,145,676,578,97,180,146,16,10,8,68,23,10,70,89,.311,.392,.415,.807,115,240,7,10,12,6,3,0.1,1.6,-1.6,20.25,1.9,13.99,1.05,*879/H,spande01
477,Édgar Rentería,2007,30,ATL,NL,124,543,494,87,164,121,30,1,12,57,11,2,46,77,.332,.390,.470,.860,124,232,14,1,2,0,0,1.9,1.9,0.1,20.17,1.9,25.28,0.95,*6/H,renteed01
478,Yunel Escobar,2009,26,ATL,NL,141,604,528,89,158,116,26,2,14,76,5,4,57,62,.299,.377,.436,.812,115,230,21,10,7,2,3,2.1,1.0,1.0,20.16,1.9,12.15,1.05,*6/H,escobyu01
479,Cody Ross,2012,31,BOS,AL,130,528,476,70,127,70,34,1,22,81,2,3,42,129,.267,.326,.481,.807,115,229,11,3,1,6,3,2.5,1.7,0.6,20.15,1.9,16.18,1.06,*97D/8H,rossco01
480,Xavier Nady,2008,29,NYYPIT,ALNL,148,607,555,76,169,106,37,1,25,97,2,1,39,103,.305,.357,.510,.867,127,283,14,9,0,4,2,3.2,2.1,1.1,20.12,1.9,23.49,1.01,*97/DH3,nadyxa01
481,Alfonso Soriano,2012,36,CHC,NL,151,615,561,68,147,80,33,2,32,108,6,2,44,153,.262,.322,.499,.821,118,280,18,7,0,3,5,2.0,2.0,-0.2,20.11,2.0,21.73,1.06,*7/DH,soriaal01
482,Jason Heyward,2014,24,ATL,NL,149,649,573,74,155,115,26,3,11,58,20,4,67,98,.271,.351,.384,.735,109,220,2,6,0,3,3,2.8,2.3,0.5,20.09,2.1,21.35,1.00,*9/H,heywaja01
483,Jimmy Rollins,2011,32,PHI,NL,142,631,567,87,152,112,22,2,16,63,30,8,58,59,.268,.338,.399,.736,101,226,9,3,0,3,5,-0.4,1.0,-1.4,20.06,2.0,13.08,0.99,*6/HD,rolliji01
484,Denard Span,2014,30,WSN,NL,147,668,610,94,184,132,39,8,5,37,31,7,50,65,.302,.355,.416,.771,113,254,6,2,3,3,1,3.9,2.2,1.8,19.97,2.0,20.36,0.99,*8,spande01
485,Lyle Overbay,2006,29,TOR,AL,157,640,581,82,181,112,46,1,22,92,5,3,55,96,.312,.372,.508,.880,125,295,19,2,0,2,7,2.0,2.0,0.1,19.96,1.8,23.67,0.96,*3D/H,overbly01
486,Álex Ríos,2012,31,CHW,AL,157,640,605,93,184,114,37,8,25,91,23,6,26,92,.304,.334,.516,.850,126,312,18,4,0,5,3,2.3,1.6,0.5,19.95,1.9,15.17,1.05,*9/H,riosal01
487,Kelly Johnson,2010,28,ARI,NL,154,671,585,93,166,99,36,5,26,71,13,7,79,148,.284,.370,.496,.865,127,290,12,2,3,2,1,1.6,2.2,-0.6,19.94,1.9,22.38,1.00,*4/HD,johnske05
488,Edwin Encarnación,2007,24,CIN,NL,139,560,502,66,145,103,25,1,16,76,8,1,39,86,.289,.356,.438,.794,101,220,5,14,0,1,4,0.7,1.0,-0.3,19.84,1.8,9.84,1.05,*5/H,encared01
489,Colby Rasmus,2010,23,STL,NL,144,534,464,85,128,74,28,3,23,66,12,8,63,148,.276,.361,.498,.859,132,231,5,1,2,4,9,0.6,1.7,-1.1,19.81,2.0,20.24,1.02,*8H/D,rasmuco01
490,Kelly Johnson,2008,26,ATL,NL,150,614,547,86,157,100,39,6,12,69,11,6,52,113,.287,.349,.446,.795,109,244,3,2,9,4,2,2.4,1.0,1.4,19.76,1.9,10.39,0.98,*4H,johnske05
491,Freddie Freeman,2012,22,ATL,NL,147,620,540,91,140,82,33,2,23,94,2,0,64,129,.259,.340,.456,.796,113,246,10,7,0,9,4,1.4,1.7,-0.2,19.70,1.9,21.92,0.99,*3/H,freemfr01
492,Raúl Ibañez,2010,38,PHI,NL,155,636,561,75,154,96,37,5,16,83,4,3,68,108,.275,.349,.444,.793,111,249,15,0,0,7,11,1.8,1.4,0.4,19.61,1.9,14.45,0.96,*7/H3D,ibanera01
493,Daniel Nava,2013,30,BOS,AL,134,536,458,77,139,98,29,0,12,66,0,2,51,93,.303,.385,.445,.831,127,204,10,15,4,8,2,1.3,1.8,-0.5,19.56,1.9,20.56,1.03,*973/HD8,navada01
494,Brian Giles,2006,35,SDP,NL,158,717,604,87,159,107,37,1,14,83,9,4,104,60,.263,.374,.397,.771,107,240,18,5,0,4,6,1.7,1.5,0.2,19.56,1.9,17.01,1.03,*9,gilesbr02
495,Andrés Torres,2010,32,SFG,NL,139,570,507,84,136,69,43,8,16,63,26,7,56,128,.268,.343,.479,.823,122,243,10,2,5,0,2,2.0,0.9,1.0,19.52,1.9,15.10,1.07,*897H,torrean02
496,Ángel Pagán,2012,30,SFG,NL,154,659,605,95,174,113,38,15,8,56,29,7,48,97,.288,.338,.440,.778,120,266,6,0,2,4,5,2.4,1.6,1.0,19.45,2.0,16.97,0.95,*8/HD,paganan01
497,Chase Utley,2014,35,PHI,NL,155,664,589,74,159,106,36,6,11,78,10,1,53,85,.270,.339,.407,.746,108,240,8,13,0,9,12,1.2,1.5,-0.4,19.44,2.0,14.53,1.13,*4/H3D,utleych01
498,Brett Gardner,2013,29,NYY,AL,145,609,539,81,147,96,33,10,8,52,24,8,52,127,.273,.344,.416,.759,110,224,8,8,7,3,1,2.8,1.6,1.2,19.44,1.9,16.20,0.99,*8/HD,gardnbr01
499,Carlos Lee,2007,31,HOU,NL,162,697,627,93,190,114,43,1,32,119,10,5,53,63,.303,.354,.528,.882,125,331,27,4,0,13,10,2.0,2.0,-0.2,19.42,1.8,22.02,1.12,*7/DH,leeca01
500,Jon Jay,2012,27,STL,NL,117,502,443,70,135,105,22,4,4,40,19,7,34,71,.305,.373,.400,.773,113,177,9,15,9,1,3,0.8,1.4,-0.6,19.40,1.9,15.21,0.95,*8/H,jayjo02
501,Lorenzo Cain,2015,29,KCR,AL,140,604,551,101,169,113,34,6,16,72,28,6,37,98,.307,.361,.477,.838,125,263,16,12,0,4,4,3.8,2.1,1.8,19.36,1.9,21.55,0.98,*8/9DH,cainlo01
502,Jorge Cantú,2009,27,FLA,NL,149,643,585,67,169,111,42,0,16,100,3,1,47,81,.289,.345,.443,.788,105,259,15,6,0,5,4,3.1,2.2,0.6,19.32,1.8,21.10,1.12,*35/DH,cantujo01
503,Stephen Drew,2010,27,ARI,NL,151,633,565,83,157,97,33,12,15,61,10,5,62,108,.278,.352,.458,.810,113,259,7,3,2,1,2,1.3,1.3,0.0,19.28,1.8,18.54,1.02,*6/H,drewst01
504,Geovany Soto,2008,25,CHC,NL,141,563,494,66,141,81,35,2,23,86,0,1,62,121,.285,.364,.504,.868,119,249,11,2,0,5,6,1.0,2.0,-1.0,19.24,1.8,18.89,1.05,*2/HD,sotoge01
505,Daniel Murphy,2012,27,NYM,NL,156,612,571,62,166,117,40,3,6,65,10,2,36,82,.291,.332,.403,.735,103,230,12,1,0,4,5,0.8,0.6,0.2,19.20,1.9,8.57,1.00,*4H3,murphda08
506,Johnny Damon,2006,32,NYY,AL,149,671,593,115,169,105,35,5,24,80,25,10,67,85,.285,.359,.482,.841,115,286,4,4,2,5,1,1.7,1.9,-0.3,19.17,1.7,19.68,1.02,*8D/H3,damonjo01
507,Nick Swisher,2012,31,NYY,AL,148,624,537,75,146,86,36,0,24,93,2,3,77,141,.272,.364,.473,.837,125,254,9,4,1,5,2,1.9,1.2,0.6,19.11,1.8,18.16,1.00,*93D/H,swishni01
508,Ken Griffey Jr.,2007,37,CIN,NL,144,623,528,78,146,91,24,1,30,93,6,1,85,99,.277,.372,.496,.869,119,262,14,1,0,9,14,1.0,2.4,-1.4,18.92,1.7,25.63,0.98,*9/HD,griffke02
509,Melky Cabrera,2011,26,KCR,AL,155,706,658,102,201,134,44,5,18,87,20,10,35,94,.305,.339,.470,.809,121,309,12,1,7,5,3,1.6,1.7,-0.2,18.86,1.9,19.48,1.08,*87/9DH,cabreme01
510,Adam Dunn,2012,32,CHW,AL,151,649,539,87,110,50,19,0,41,96,2,1,105,222,.204,.333,.468,.800,114,252,8,1,0,4,3,0.9,1.4,-0.5,18.79,1.8,19.45,0.97,D3/7H,dunnad01
511,James Loney,2009,25,LAD,NL,158,652,576,73,162,122,25,2,13,90,7,3,70,68,.281,.357,.399,.756,104,230,16,0,1,4,10,0.7,0.7,-0.1,18.74,1.8,8.69,1.09,*3/H,loneyja01
512,Brandon Belt,2015,27,SFG,NL,137,556,492,73,138,82,33,5,18,68,9,3,56,147,.280,.356,.478,.834,127,235,3,4,0,4,2,0.8,2.9,-2.0,18.70,1.9,27.52,0.97,*37/H,beltbr01
513,Brian McCann,2015,31,NYY,AL,135,535,465,68,108,66,15,1,26,94,0,0,52,97,.232,.320,.437,.756,105,203,7,11,0,7,3,1.2,0.4,0.7,18.69,1.8,8.40,1.09,*2H3/D,mccanbr01
514,Marlon Byrd,2010,32,CHC,NL,152,630,580,84,170,117,39,2,12,66,5,1,31,98,.293,.346,.429,.775,105,249,12,17,0,2,1,1.2,1.5,-0.3,18.68,1.8,14.94,0.99,*8/HD,byrdma01
515,Kole Calhoun,2014,26,LAA,AL,127,537,493,90,134,83,31,3,17,58,5,3,38,104,.272,.325,.450,.776,123,222,5,2,2,2,0,1.9,1.3,0.7,18.67,1.9,18.02,0.97,*9H/3,calhoko01
516,Freddie Freeman,2011,21,ATL,NL,157,635,571,67,161,108,32,0,21,76,4,4,53,142,.282,.346,.448,.795,116,256,15,6,0,5,3,1.6,1.7,-0.2,18.66,1.9,18.89,1.07,*3/H,freemfr01
517,Ben Zobrist,2015,34,KCROAK,AL,126,535,467,76,129,77,36,3,13,56,3,4,62,56,.276,.359,.450,.809,121,210,8,1,0,5,3,1.6,1.0,0.6,18.58,1.8,13.26,0.97,47/D95H,zobribe01
518,Jacoby Ellsbury,2014,30,NYY,AL,149,635,575,71,156,108,27,5,16,70,39,5,49,93,.271,.328,.419,.747,111,241,9,3,0,7,5,2.8,1.0,1.6,18.54,1.9,11.69,1.03,*8/DH,ellsbja01
519,Ian Kinsler,2013,31,TEX,AL,136,614,545,85,151,105,31,2,13,72,15,11,51,59,.277,.344,.413,.757,106,225,5,8,3,7,0,1.9,1.2,0.6,18.53,1.8,15.81,1.05,*4D/H,kinslia01
520,Daniel Murphy,2013,28,NYM,NL,161,697,658,92,188,133,38,4,13,78,23,3,32,95,.286,.319,.415,.733,108,273,13,2,0,5,2,1.8,0.9,0.8,18.51,1.9,12.67,1.04,*4/3H,murphda08
521,José Reyes,2012,29,MIA,NL,160,716,642,86,184,124,37,12,11,57,40,11,63,56,.287,.347,.433,.780,109,278,10,0,5,6,9,3.4,1.8,1.6,18.46,1.8,18.08,1.01,*6,reyesjo01
522,Jacoby Ellsbury,2013,29,BOS,AL,134,636,577,92,172,124,31,8,9,53,52,4,47,92,.298,.355,.426,.781,113,246,12,5,1,2,3,2.4,1.4,0.9,18.42,1.8,12.12,1.05,*8,ellsbja01
523,Freddy Sánchez,2007,29,PIT,NL,147,653,602,77,183,126,42,4,11,81,0,1,32,76,.304,.343,.442,.784,104,266,13,8,2,9,2,-0.5,0.3,-0.8,18.38,1.7,5.34,0.98,*4/6D,sanchfr01
524,Ian Kinsler,2011,29,TEX,AL,155,723,620,121,158,88,34,4,32,77,30,4,89,71,.255,.355,.477,.832,118,296,17,8,4,2,2,1.7,2.5,-0.5,18.36,1.7,27.44,0.90,*4D/H,kinslia01
525,Kenji Johjima,2006,30,SEA,AL,144,542,506,61,147,103,25,1,18,76,3,1,20,46,.291,.332,.451,.783,103,228,15,13,0,3,1,0.0,0.8,-0.8,18.35,1.7,9.01,1.00,*2/H,johjike01
526,Kevin Youkilis,2006,27,BOS,AL,147,680,569,100,159,102,42,2,13,72,5,2,91,120,.279,.381,.429,.810,106,244,12,9,0,11,0,1.8,0.8,1.0,18.25,1.6,13.63,1.02,*375/H,youklke01
527,Adam LaRoche,2009,29,ATLBOSPIT,ALNL,150,629,555,78,154,89,38,2,25,83,2,2,69,142,.277,.355,.488,.843,122,271,11,0,0,5,12,0.3,1.5,-1.2,18.20,1.8,19.68,1.04,*3/HD,larocad01
528,Adam LaRoche,2010,30,ARI,NL,151,615,560,75,146,82,37,2,25,100,0,1,48,172,.261,.320,.468,.788,106,262,8,3,0,4,4,-0.1,0.7,-0.9,18.16,1.7,8.68,1.08,*3/HD,larocad01
529,Jason Kipnis,2012,25,CLE,AL,152,672,591,86,152,112,22,4,14,76,31,7,67,109,.257,.335,.379,.714,102,224,12,5,3,6,2,2.1,0.6,1.6,18.12,1.8,7.33,0.98,*4/DH,kipnija01
530,Alfonso Soriano,2013,37,CHCNYY,ALNL,151,626,581,84,148,81,32,1,34,101,18,9,36,156,.255,.302,.489,.791,114,284,11,5,0,4,3,2.1,1.5,0.7,18.11,1.8,12.65,1.01,*7D/H,soriaal01
531,Hunter Pence,2010,27,HOU,NL,156,658,614,93,173,116,29,3,25,91,18,9,41,105,.282,.325,.461,.786,112,283,11,0,0,3,2,2.2,1.3,0.9,18.04,1.8,15.30,0.99,*9/H,pencehu01
532,Shane Victorino,2007,26,PHI,NL,131,510,456,78,128,90,23,3,12,46,37,4,37,62,.281,.347,.423,.770,95,193,10,10,5,2,1,1.4,1.4,0.0,18.03,1.7,14.04,0.96,*9H/8,victosh01
533,Adrian Beltré,2010,31,BOS,AL,154,641,589,84,189,110,49,2,28,102,2,1,40,82,.321,.365,.553,.919,141,326,25,5,0,7,10,0.1,2.3,-2.2,17.96,1.7,25.56,1.03,*5/H,beltrad01
534,Gary Sheffield,2007,38,DET,AL,133,593,494,107,131,85,20,1,25,75,22,5,84,71,.265,.378,.462,.839,119,228,10,9,0,6,2,0.8,2.1,-1.3,17.92,1.7,19.37,0.95,*D/79H,sheffga01
535,Adam Eaton,2015,26,CHW,AL,153,689,610,98,175,124,28,9,14,56,18,8,58,131,.287,.361,.431,.792,122,263,5,14,5,2,2,2.6,2.1,0.4,17.91,1.8,18.29,1.02,*8/DH,eatonad02
536,Jason Heyward,2015,25,STL,NL,154,610,547,79,160,110,33,4,13,60,23,3,56,90,.293,.359,.439,.797,117,240,13,2,0,3,4,2.0,2.3,-0.4,17.88,1.8,23.33,1.06,*98/H,heywaja01
537,Jimmy Rollins,2012,33,PHI,NL,156,699,632,102,158,97,33,5,23,68,30,5,62,96,.250,.316,.427,.743,98,270,9,0,2,3,2,2.9,0.6,2.3,17.85,1.7,7.78,1.02,*6/H,rolliji01
538,Adrian Beltré,2013,34,TEX,AL,161,690,631,88,199,137,32,0,30,92,1,0,50,78,.315,.371,.509,.880,138,321,17,7,0,2,12,1.6,3.6,-2.1,17.82,1.7,34.25,1.05,*5D,beltrad01
539,Matt Kemp,2008,23,LAD,NL,155,657,606,93,176,115,38,5,18,76,35,11,46,153,.290,.340,.459,.799,110,278,11,1,1,3,6,0.6,1.6,-1.1,17.81,1.7,18.57,1.06,*89/H,kempma01
540,Édgar Rentería,2006,29,ATL,NL,149,673,598,100,175,119,40,2,14,70,17,6,62,89,.293,.361,.436,.797,104,261,17,3,8,2,0,1.5,1.2,0.3,17.73,1.7,10.53,0.99,*6/HD,renteed01
541,Carlos Santana,2014,28,CLE,AL,152,660,541,68,125,73,25,0,27,85,5,2,113,124,.231,.365,.427,.792,122,231,13,3,0,3,5,2.5,1.8,0.5,17.69,1.8,21.93,1.09,35D2/H,santaca01
542,Matt Joyce,2011,26,TBR,AL,141,522,462,69,128,75,32,2,19,75,13,1,49,106,.277,.347,.478,.825,131,221,7,4,0,7,9,2.1,1.6,0.5,17.66,1.8,18.84,0.99,*9H7/D,joycema01
543,Luis Valbuena,2014,28,CHC,NL,149,547,478,68,119,66,33,4,16,51,1,2,65,113,.249,.341,.435,.776,115,208,8,2,1,1,4,2.9,1.4,1.3,17.61,1.8,15.14,1.07,*54H/D,valbulu01
544,Dexter Fowler,2011,25,COL,NL,125,563,481,84,128,73,35,15,5,45,12,9,68,130,.266,.363,.432,.796,103,208,6,6,7,1,3,1.9,0.8,1.1,17.60,1.6,13.08,1.00,*8/H,fowlede01
545,Yoenis Céspedes,2014,28,BOSOAK,AL,152,645,600,89,156,92,36,6,22,100,7,2,35,128,.260,.301,.450,.751,110,270,13,3,0,7,3,2.8,0.9,1.7,17.58,1.8,10.40,1.07,*7D/8H,cespeyo01
546,Martín Prado,2010,26,ATL,NL,140,651,599,100,184,126,40,3,15,66,5,3,40,86,.307,.350,.459,.809,119,275,13,3,3,6,2,0.8,1.4,-0.6,17.58,1.7,16.01,0.99,45/3,pradoma01
547,Matt Kemp,2014,29,LAD,NL,150,599,541,77,155,89,38,3,25,89,8,5,52,145,.287,.346,.506,.852,140,274,21,0,0,6,3,1.3,2.7,-1.4,17.56,1.8,24.72,1.00,*978H/D,kempma01
548,Luke Scott,2009,31,BAL,AL,128,506,449,61,116,64,26,1,25,77,0,0,55,104,.258,.340,.488,.828,114,219,4,1,0,1,5,-0.2,1.5,-1.7,17.56,1.6,17.88,1.05,D73/H,scottlu01
549,Michael Bourn,2012,29,ATL,NL,155,703,624,96,171,126,26,10,9,57,42,13,70,155,.274,.348,.391,.739,99,244,2,3,2,4,1,1.7,1.1,0.7,17.50,1.7,10.92,0.93,*8/H,bournmi01
550,Yunel Escobar,2011,28,TOR,AL,133,590,513,77,149,111,24,3,11,48,3,3,61,70,.290,.369,.413,.782,112,212,14,6,5,5,1,2.2,1.2,1.1,17.44,1.7,15.90,0.93,*6/HD,escobyu01
551,Pablo Sandoval,2013,26,SFG,NL,141,584,525,52,146,103,27,2,14,79,0,0,47,79,.278,.341,.417,.758,116,219,19,6,0,6,5,0.9,1.1,-0.3,17.39,1.8,11.39,1.11,*5/HD,sandopa01
552,Brian Roberts,2007,29,BAL,AL,156,716,621,103,180,121,42,5,12,57,50,7,89,99,.290,.377,.432,.808,112,268,8,0,2,4,6,1.5,1.2,0.3,17.22,1.6,12.85,1.07,*4/H,roberbr01
553,Ichiro Suzuki,2006,32,SEA,AL,161,752,695,110,224,186,20,9,9,49,45,2,49,71,.322,.370,.416,.786,106,289,2,5,1,2,16,1.6,1.1,0.5,17.22,1.6,15.47,1.00,*98/DH,suzukic01
554,Jason Giambi,2008,37,NYY,AL,145,565,458,68,113,61,19,1,32,96,2,1,76,111,.247,.373,.502,.876,128,230,6,22,0,9,5,1.9,2.6,-1.0,17.20,1.6,29.34,1.12,*3D/H,giambja01
555,David Freese,2012,29,STL,NL,144,567,501,70,147,101,25,1,20,79,3,3,57,122,.293,.372,.467,.839,129,234,19,7,0,2,2,0.7,2.2,-1.4,17.18,1.7,23.44,1.01,*5H,freesda01
556,Marcell Ozuna,2014,23,MIA,NL,153,612,565,72,152,98,26,5,23,85,3,1,41,164,.269,.317,.455,.772,114,257,12,1,0,5,1,0.5,1.2,-0.8,17.14,1.8,15.38,1.11,*87/H9,ozunama01
557,Nick Markakis,2010,26,BAL,AL,160,709,629,79,187,127,45,3,12,60,7,2,73,93,.297,.370,.436,.805,120,274,18,2,0,5,9,1.4,0.8,0.6,17.14,1.7,9.82,1.01,*9/D,markani01
558,Jim Thome,2008,37,CHW,AL,149,602,503,93,123,61,28,0,34,90,1,0,91,147,.245,.362,.503,.865,124,253,17,4,0,4,9,0.4,1.9,-1.5,17.13,1.6,20.94,1.02,*DH,thomeji01
559,Casey Blake,2009,35,LAD,NL,139,565,485,84,136,87,25,6,18,79,3,4,63,116,.280,.363,.468,.832,123,227,12,6,1,10,8,2.6,2.3,0.0,17.13,1.7,24.46,1.14,*5/H37,blakeca01
560,Brett Gardner,2010,26,NYY,AL,150,569,477,97,132,100,20,7,5,47,47,9,79,101,.277,.383,.379,.762,105,181,6,5,5,3,1,1.2,1.7,-0.4,17.12,1.6,15.33,0.94,*78/HD,gardnbr01
561,Dan Uggla,2012,32,ATL,NL,154,630,523,86,115,67,29,0,19,78,4,3,94,168,.220,.348,.384,.732,98,201,8,10,0,3,5,2.0,0.7,1.4,17.09,1.7,10.25,0.99,*4/H,ugglada01
562,Brian Roberts,2009,31,BAL,AL,159,717,632,110,179,106,56,1,16,79,30,7,74,112,.283,.356,.451,.807,110,285,7,2,1,8,3,2.3,1.0,1.2,17.06,1.6,11.68,1.02,*4/H,roberbr01
563,Marco Scutaro,2012,36,COLSFG,NL,156,683,620,87,190,147,32,4,7,74,9,4,40,49,.306,.348,.405,.753,100,251,12,4,10,9,0,1.6,0.9,0.8,17.00,1.8,10.25,0.93,*465/H,scutama01
564,Alfonso Soriano,2010,34,CHC,NL,147,548,496,67,128,61,40,3,24,79,5,1,45,123,.258,.322,.496,.818,114,246,12,3,1,3,3,0.9,1.9,-1.0,16.99,1.6,17.32,1.01,*7H/D,soriaal01
565,Melvin Mora,2008,36,BAL,AL,135,570,513,77,146,92,29,2,23,104,3,7,37,70,.285,.342,.483,.826,116,248,14,11,3,6,3,1.5,0.9,0.5,16.98,1.6,10.75,1.10,*5/DH6,morame01
566,Chris Young,2010,26,ARI,NL,156,664,584,94,150,90,33,0,27,91,28,7,74,145,.257,.341,.452,.793,108,264,10,2,1,3,0,1.0,1.6,-0.6,16.96,1.6,19.71,1.05,*8/H,youngch04
567,Jimmy Rollins,2006,27,PHI,NL,158,758,689,127,191,112,45,9,25,83,36,4,57,80,.277,.334,.478,.811,101,329,12,5,0,7,2,2.3,1.1,1.2,16.95,1.5,14.46,0.96,*6/H,rolliji01
568,Ian Desmond,2014,28,WSN,NL,154,648,593,73,151,98,26,3,24,91,24,5,46,183,.255,.313,.430,.743,103,255,17,6,0,3,0,1.4,1.0,0.3,16.92,1.7,8.97,1.05,*6,desmoia01
569,Corey Hart,2011,29,MIL,NL,130,551,492,80,140,85,25,4,26,63,7,6,51,114,.285,.356,.510,.866,133,251,12,4,3,1,1,0.5,1.8,-1.2,16.88,1.7,19.26,0.92,*9/H,hartco01
570,Brandon Crawford,2015,28,SFG,NL,143,561,507,65,130,72,33,4,21,84,6,4,39,119,.256,.321,.462,.782,113,234,18,11,0,4,9,1.9,1.9,0.1,16.82,1.7,17.63,1.01,*6/H,crawfbr01
571,Russell Martin,2008,25,LAD,NL,155,650,553,87,155,117,25,0,13,69,18,6,90,83,.280,.385,.396,.781,108,219,16,5,0,2,8,2.8,1.4,1.4,16.81,1.6,13.47,1.04,*25/HD,martiru01
572,Trevor Plouffe,2014,28,MIN,AL,136,582,520,69,134,78,40,2,14,80,2,1,53,109,.258,.328,.423,.751,110,220,12,4,0,5,2,0.3,0.7,-0.4,16.79,1.7,15.69,1.04,*5/DH,plouftr01
573,Neil Walker,2011,25,PIT,NL,159,662,596,76,163,111,36,4,12,83,9,6,54,112,.273,.334,.408,.742,108,243,15,4,0,8,5,1.6,1.2,0.4,16.70,1.7,12.73,1.03,*4/H,walkene01
574,Adam Jones,2012,26,BAL,AL,162,697,648,103,186,112,39,3,32,82,16,7,34,126,.287,.334,.505,.839,125,327,15,13,0,2,0,3.2,2.4,0.9,16.64,1.6,21.51,0.98,*8/D,jonesad01
575,J.D. Drew,2009,33,BOS,AL,137,539,452,84,126,68,30,4,24,68,2,6,82,109,.279,.392,.522,.914,134,236,6,3,1,1,5,0.7,2.1,-1.4,16.59,1.5,24.39,0.94,*9/HD,drewj.01
576,Alfonso Soriano,2008,32,CHC,NL,109,503,453,76,127,71,27,0,29,75,19,3,43,103,.280,.344,.532,.876,120,241,9,3,0,4,11,1.5,1.7,-0.2,16.56,1.5,16.35,1.03,*7/H4,soriaal01
577,Pat Burrell,2008,31,PHI,NL,157,645,536,74,134,65,33,3,33,86,0,0,102,136,.250,.367,.507,.875,125,272,10,1,0,6,8,4.0,2.9,1.0,16.56,1.6,31.90,1.02,*7/H,burrepa01
578,Salvador Perez,2013,23,KCR,AL,138,526,496,48,145,104,25,3,13,79,0,0,21,63,.292,.323,.433,.757,105,215,13,4,0,5,2,1.4,0.4,0.9,16.52,1.6,6.47,1.04,*2/H3,perezsa02
579,Yadier Molina,2011,28,STL,NL,139,518,475,55,145,98,32,1,14,65,4,5,33,44,.305,.349,.465,.814,124,221,21,1,5,4,4,2.5,1.5,1.0,16.52,1.7,14.68,1.01,*2/3H,molinya01
580,Eric Hosmer,2015,25,KCR,AL,158,667,599,98,178,122,33,5,18,93,7,3,61,108,.297,.363,.459,.822,122,275,16,3,1,3,6,3.8,1.8,2.1,16.50,1.6,21.20,0.98,*3/H9D,hosmeer01
581,Cristian Guzmán,2008,30,WSN,NL,138,612,579,77,183,134,35,5,9,55,6,5,23,57,.316,.345,.440,.786,107,255,10,5,1,4,1,0.4,1.0,-0.6,16.50,1.6,13.62,1.03,*6/H,guzmacr01
582,Jimmy Rollins,2008,29,PHI,NL,137,625,556,76,154,96,38,9,11,59,47,3,58,55,.277,.349,.437,.786,104,243,11,5,3,3,7,0.6,1.4,-0.8,16.41,1.5,14.36,1.01,*6/H,rolliji01
583,Chris Young,2011,27,ARI,NL,156,659,567,89,134,73,38,3,20,71,22,9,80,139,.236,.331,.420,.751,103,238,3,4,1,7,4,2.8,1.0,1.9,16.41,1.6,14.12,1.00,*8/H,youngch04
584,Mike Cameron,2006,33,SDP,NL,141,634,552,88,148,83,34,9,22,83,25,9,71,142,.268,.355,.482,.837,121,266,8,6,0,5,2,0.9,1.8,-0.9,16.39,1.6,20.21,1.04,*8/H,camermi01
585,Conor Jackson,2006,24,ARI,NL,140,556,485,75,141,99,26,1,15,79,1,0,54,73,.291,.368,.441,.809,103,214,18,9,1,7,2,1.4,1.1,0.3,16.38,1.5,15.50,1.05,*3H/D,jacksco01
586,Nick Swisher,2007,26,OAK,AL,150,659,539,84,141,82,36,1,22,78,3,2,100,131,.262,.381,.455,.836,126,245,13,10,1,9,12,1.6,1.9,-0.3,16.37,1.6,25.17,1.03,893/DH,swishni01
587,Luke Scott,2010,32,BAL,AL,131,517,447,70,127,70,29,1,27,72,2,0,59,98,.284,.368,.535,.902,144,239,9,4,0,7,4,2.4,3.0,-0.8,16.34,1.6,33.32,1.08,D37H,scottlu01
588,Scott Rolen,2009,34,CINTOR,ALNL,128,535,475,76,145,97,36,1,11,67,5,4,45,62,.305,.368,.455,.823,116,216,4,7,0,8,1,2.1,1.5,0.6,16.23,1.5,15.36,1.02,*5/H,rolensc01
589,Starling Marte,2013,24,PIT,NL,135,566,510,83,143,95,26,10,12,35,41,15,25,138,.280,.343,.441,.784,121,225,6,24,6,1,2,2.3,2.2,0.2,16.08,1.7,22.69,0.97,*78H,martest01
590,Dmitri Young,2007,33,WSN,NL,136,508,460,57,147,95,38,1,13,74,0,0,44,74,.320,.378,.491,.869,129,226,13,1,0,3,6,1.1,1.6,-0.5,16.07,1.5,17.45,1.04,*3H/D,youngdm01
591,Michael Bourn,2011,28,ATLHOU,NL,158,722,656,94,193,147,34,10,2,50,61,14,53,140,.294,.349,.386,.734,103,253,6,4,5,4,3,1.3,1.2,0.0,16.03,1.6,10.80,1.04,*8/H,bournmi01
592,Álex Ríos,2007,26,TOR,AL,161,711,643,114,191,117,43,7,24,85,17,4,55,103,.297,.354,.498,.852,122,320,9,6,0,7,3,1.3,2.2,-0.8,15.97,1.5,20.17,0.98,*98/H,riosal01
593,Torii Hunter,2010,34,LAA,AL,152,646,573,76,161,102,36,0,23,90,9,12,61,106,.281,.354,.464,.819,126,266,22,7,0,5,6,0.0,1.5,-1.4,15.94,1.6,14.03,0.99,*89/D,hunteto01
594,Carlos Peña,2010,32,TBR,AL,144,582,484,64,95,49,18,0,28,84,5,1,87,158,.196,.325,.407,.732,103,197,2,7,0,4,4,1.2,1.0,0.1,15.94,1.6,16.13,1.06,*3/D,penaca01
595,Daniel Murphy,2015,30,NYM,NL,130,538,499,56,140,86,38,2,14,73,2,2,31,38,.281,.322,.449,.770,111,224,15,2,0,6,10,2.0,0.9,1.2,15.87,1.6,8.17,0.98,453/HD,murphda08
596,Adam Jones,2014,28,BAL,AL,159,682,644,88,181,120,30,2,29,96,7,1,19,133,.281,.311,.469,.780,115,302,11,12,0,7,1,0.8,1.0,-0.2,15.83,1.6,16.66,1.02,*8/DH,jonesad01
597,Hanley Ramírez,2006,22,FLA,NL,158,700,633,119,185,111,46,11,17,59,51,15,56,128,.292,.353,.480,.833,116,304,7,4,5,2,0,2.4,1.9,0.7,15.78,1.5,17.79,0.92,*6/H,ramirha01
598,Ramón Hernández,2006,30,BAL,AL,144,560,501,66,138,84,29,2,23,91,1,0,43,79,.275,.343,.479,.822,111,240,13,11,0,5,2,-0.3,1.2,-1.5,15.76,1.5,9.78,1.07,*2/HD3,hernara02
599,Chris Davis,2012,26,BAL,AL,139,562,515,75,139,86,20,0,33,85,2,3,37,169,.270,.326,.501,.827,121,258,8,7,0,3,6,1.0,0.8,0.3,15.75,1.5,14.12,0.93,D397/1H,davisch02
600,Charlie Blackmon,2015,28,COL,NL,157,682,614,93,176,119,31,9,17,58,43,13,46,112,.287,.347,.450,.797,102,276,4,13,5,4,2,1.2,1.2,0.1,15.74,1.5,15.04,0.94,*87/9H,blackch02
601,Kyle Seager,2013,25,SEA,AL,160,695,615,79,160,104,32,2,22,69,9,3,68,122,.260,.338,.426,.764,118,262,8,7,0,5,1,2.4,1.1,1.3,15.64,1.6,11.34,0.96,*5/H,seageky01
602,Geoff Jenkins,2006,31,MIL,NL,147,555,484,62,131,87,26,1,17,70,4,1,56,129,.271,.357,.434,.791,101,210,9,11,0,4,8,3.4,1.1,2.2,15.63,1.4,11.07,1.02,*9H,jenkige01
603,Jorge Cantú,2008,26,FLA,NL,155,685,628,92,174,104,41,0,29,95,6,2,40,111,.277,.327,.481,.808,108,302,15,10,0,7,6,1.6,1.3,0.3,15.61,1.5,13.92,1.03,*53/H,cantujo01
604,Magglio Ordóñez,2006,32,DET,AL,155,646,593,82,177,120,32,1,24,104,1,4,45,87,.298,.350,.477,.827,112,283,13,4,0,4,3,1.2,1.5,-0.3,15.56,1.4,16.60,1.00,*9/DH,ordonma01
605,Jonathan Lucroy,2013,27,MIL,NL,147,580,521,59,146,97,25,6,18,82,9,1,46,69,.280,.340,.455,.795,116,237,16,5,0,8,2,2.0,1.8,0.1,15.56,1.6,15.36,1.05,*23H/D,lucrojo01
606,Neil Walker,2012,26,PIT,NL,129,530,472,62,132,91,27,0,14,69,7,5,47,104,.280,.342,.426,.768,112,201,11,2,1,8,1,1.0,1.0,0.0,15.51,1.6,10.53,0.95,*4/HD,walkene01
607,Carl Crawford,2009,27,TBR,AL,156,672,606,96,185,134,28,8,15,68,60,16,51,99,.305,.364,.452,.816,116,274,7,8,2,5,1,0.4,1.8,-1.4,15.44,1.5,20.10,1.02,*7/HD,crawfca02
608,Aaron Rowand,2007,29,PHI,NL,161,684,612,105,189,117,45,0,27,89,6,3,47,119,.309,.374,.515,.889,124,315,18,19,2,4,3,2.5,1.9,0.5,15.41,1.4,23.99,1.03,*8/H,rowanaa01
609,Coco Crisp,2012,32,OAK,AL,120,508,455,68,118,75,25,7,11,46,39,4,45,64,.259,.325,.418,.742,107,190,9,0,6,2,0,1.6,1.3,0.3,15.37,1.5,9.80,0.97,*87/HD,crispco01
610,Evan Longoria,2014,28,TBR,AL,162,700,624,83,158,109,26,1,22,91,5,0,57,133,.253,.320,.404,.724,107,252,15,9,1,9,11,0.5,1.1,-0.5,15.37,1.6,16.89,1.01,*5/D,longoev01
611,Shane Victorino,2010,29,PHI,NL,147,648,587,84,152,98,26,10,18,69,34,6,53,79,.259,.327,.429,.756,101,252,6,7,0,1,5,1.1,0.7,0.5,15.34,1.5,9.14,0.90,*8/H,victosh01
612,Orlando Hudson,2007,29,ARI,NL,139,601,517,69,152,105,28,9,10,63,10,2,70,87,.294,.376,.441,.817,105,228,21,2,5,7,1,1.3,1.1,0.3,15.31,1.4,12.39,0.96,*4/HD,hudsoor01
613,Billy Butler,2010,24,KCR,AL,158,678,595,77,189,129,45,0,15,78,0,0,69,78,.318,.388,.469,.857,134,279,32,5,0,9,8,1.5,2.3,-0.8,15.30,1.5,20.91,1.04,*3D/H,butlebi03
614,Mark Reynolds,2008,24,ARI,NL,152,613,539,87,129,70,28,3,28,97,11,2,64,204,.239,.320,.458,.779,96,247,10,3,1,6,0,0.7,1.2,-0.4,15.26,1.4,14.35,0.98,*5/H3,reynoma01
615,Robinson Canó,2015,32,SEA,AL,156,674,624,82,179,123,34,1,21,79,2,6,43,107,.287,.334,.446,.779,117,278,26,3,0,4,5,1.6,1.5,0.0,15.19,1.5,15.72,1.04,*4/DH,canoro01
616,Kurt Suzuki,2014,30,MIN,AL,131,503,452,37,130,93,34,0,3,61,0,1,34,46,.288,.345,.383,.727,105,173,9,9,1,7,0,1.7,0.7,0.9,15.17,1.5,7.84,1.00,*2H/D,suzukku01
617,Randy Winn,2008,34,SFG,NL,155,667,598,84,183,133,38,2,10,64,25,2,59,88,.306,.363,.426,.790,105,255,6,0,1,9,6,1.5,1.5,-0.1,15.17,1.4,16.44,1.02,*978/HD,winnra01
618,Jhonny Peralta,2014,32,STL,NL,157,628,560,61,147,88,38,0,21,75,3,2,58,112,.263,.336,.443,.779,117,248,19,6,0,4,2,0.6,1.7,-1.1,15.11,1.6,22.05,1.03,*6/HD,peraljh01
619,Austin Kearns,2007,27,WSN,NL,161,674,587,84,156,104,35,1,16,74,2,2,71,106,.266,.355,.411,.765,103,241,13,12,0,4,5,0.6,0.7,-0.1,15.11,1.5,10.26,1.08,*9/8H,kearnau01
620,Mike Napoli,2013,31,BOS,AL,139,578,498,79,129,66,38,2,23,92,1,1,73,187,.259,.360,.482,.842,128,240,15,6,0,1,3,1.2,1.2,0.0,15.10,1.5,14.36,1.03,*3/DH,napolmi01
621,Scott Rolen,2010,35,CIN,NL,133,537,471,66,134,77,34,3,20,83,1,2,50,82,.285,.358,.497,.854,126,234,12,8,0,8,3,2.5,2.3,0.0,15.02,1.5,22.94,1.08,*5/H,rolensc01
622,Chris Carter,2014,27,HOU,AL,145,572,507,68,115,56,21,1,37,88,5,2,56,182,.227,.308,.491,.799,123,249,12,5,0,4,6,2.1,1.3,1.0,15.02,1.5,13.96,0.94,*D3/H7,cartech02
623,Victor Martinez,2006,27,CLE,AL,153,652,572,82,181,128,37,0,16,93,0,0,71,78,.316,.391,.465,.856,122,266,27,3,0,6,8,-0.2,1.4,-1.6,14.99,1.4,18.60,0.96,*23/HD,martivi01
624,Daniel Murphy,2014,29,NYM,NL,143,642,596,79,172,124,37,2,9,57,13,5,39,86,.289,.332,.403,.734,111,240,15,2,0,5,3,-0.2,0.8,-1.0,14.88,1.6,10.78,0.98,*45/3H,murphda08
625,Orlando Hudson,2009,31,LAD,NL,149,631,551,74,156,106,35,6,9,62,8,1,62,99,.283,.357,.417,.774,109,230,16,4,9,5,4,0.1,1.2,-1.1,14.87,1.5,14.70,1.05,*4/H,hudsoor01
626,Vladimir Guerrero,2008,33,LAA,AL,143,600,541,85,164,103,31,3,27,91,5,3,51,77,.303,.365,.521,.886,130,282,27,4,0,4,16,1.9,1.7,0.1,14.86,1.4,17.56,1.05,9D,guerrvl01
627,Adrián González,2006,24,SDP,NL,156,631,570,83,173,110,38,1,24,82,0,1,52,113,.304,.362,.500,.862,127,285,24,3,1,5,9,1.1,1.6,-0.4,14.77,1.4,22.47,1.01,*3/H,gonzaad01
628,Starlin Castro,2011,21,CHC,NL,158,715,674,91,207,152,36,9,10,66,22,9,35,96,.307,.341,.432,.773,111,291,20,2,0,4,2,0.2,0.8,-0.5,14.77,1.5,14.36,1.01,*6,castrst01
629,David Ortiz,2009,33,BOS,AL,150,627,541,77,129,65,35,1,28,99,0,2,74,134,.238,.332,.462,.794,102,250,9,5,0,7,5,0.8,0.7,0.1,14.76,1.3,8.11,0.95,*D/3H,ortizda01
630,Todd Frazier,2014,28,CIN,NL,157,660,597,88,163,111,22,1,29,80,20,8,52,139,.273,.336,.459,.795,121,274,9,7,0,4,2,2.6,1.9,0.7,14.70,1.5,18.50,1.04,*53/H,frazito01
631,Torii Hunter,2007,31,MIN,AL,160,650,600,94,172,98,45,1,28,107,18,9,40,101,.287,.334,.505,.839,123,303,17,5,0,5,10,0.9,0.9,0.0,14.60,1.4,11.60,1.04,*8/DH,hunteto01
632,Lonnie Chisenhall,2014,25,CLE,AL,142,533,478,62,134,91,29,1,13,59,3,1,39,99,.280,.343,.427,.770,115,204,8,8,4,3,3,0.7,0.2,0.4,14.51,1.4,9.77,1.06,*5DH3,chiselo01
633,Derrek Lee,2008,32,CHC,NL,155,698,623,93,181,117,41,3,20,90,8,2,71,119,.291,.361,.462,.823,109,288,27,0,0,4,3,1.9,1.4,0.4,14.50,1.3,15.12,1.01,*3/DH,leede02
634,Albert Pujols,2014,34,LAA,AL,159,695,633,89,172,106,37,1,28,105,5,1,48,71,.272,.324,.466,.790,126,295,28,5,0,9,11,2.8,2.3,0.5,14.48,1.5,23.18,1.01,*3D/5,pujolal01
635,Anthony Rizzo,2013,23,CHC,NL,160,690,606,71,141,76,40,2,23,80,6,5,76,127,.233,.323,.419,.742,103,254,12,6,0,2,7,1.1,0.8,0.3,14.47,1.5,13.04,1.01,*3/H,rizzoan01
636,Stephen Vogt,2015,30,OAK,AL,136,511,445,58,116,74,21,3,18,71,0,2,56,97,.261,.341,.443,.783,117,197,9,2,0,8,6,1.1,0.5,0.5,14.40,1.4,9.76,1.06,23H/D,vogtst01
637,Bobby Abreu,2011,37,LAA,AL,142,585,502,54,127,88,30,1,8,60,21,5,78,113,.253,.353,.365,.717,105,183,8,1,1,3,5,3.4,0.6,2.7,14.32,1.5,6.83,1.02,D79/H,abreubo01
638,Johnny Damon,2011,37,TBR,AL,150,647,582,79,152,100,29,7,16,73,19,6,51,92,.261,.326,.418,.743,109,243,4,7,2,5,1,2.1,0.9,1.2,14.31,1.5,11.90,0.97,*D7/H3,damonjo01
639,Dee Strange-Gordon,2015,27,MIA,NL,145,653,615,88,205,169,24,8,4,46,58,20,25,91,.333,.359,.418,.776,116,257,6,2,6,5,2,2.0,1.4,0.7,14.30,1.5,12.06,1.00,*4/H,gordode01
640,Kyle Seager,2012,24,SEA,AL,155,651,594,62,154,98,35,1,20,86,13,5,46,110,.259,.316,.423,.738,108,251,9,5,2,4,1,1.9,-0.1,2.1,14.29,1.5,2.57,0.99,*54/DH,seageky01
641,Ike Davis,2010,23,NYM,NL,147,601,523,73,138,85,33,1,19,71,3,2,72,138,.264,.351,.440,.791,115,230,13,1,0,5,6,0.9,1.6,-0.8,14.28,1.4,15.88,1.04,*3/H,davisik02
642,Conor Gillaspie,2014,26,CHW,AL,130,506,464,50,131,88,31,5,7,57,0,4,36,78,.282,.336,.416,.752,115,193,5,3,0,3,4,2.1,0.6,1.5,14.20,1.5,6.45,1.03,*5/H,gillaco01
643,Jose Altuve,2015,25,HOU,AL,154,689,638,86,200,141,40,4,15,66,38,13,33,67,.313,.353,.459,.812,125,293,17,9,3,6,8,1.6,1.6,-0.1,14.19,1.4,19.37,1.10,*4/D,altuvjo01
644,Lucas Duda,2015,29,NYM,NL,135,554,471,67,115,55,33,0,27,73,0,2,66,138,.244,.352,.486,.838,130,229,12,14,0,3,7,1.4,2.1,-0.7,14.19,1.4,25.77,1.04,*3/H,dudalu01
645,Adam LaRoche,2008,28,PIT,NL,136,554,492,66,133,73,32,3,25,85,1,1,54,122,.270,.341,.500,.841,122,246,9,2,0,6,7,1.4,1.5,-0.2,14.15,1.4,20.95,1.09,*3/HD,larocad01
646,Kendrys Morales,2012,29,LAA,AL,134,522,484,61,132,83,26,1,22,73,0,1,31,116,.273,.320,.467,.787,119,226,11,4,0,3,1,0.7,0.2,0.6,14.15,1.4,7.36,0.89,D3H,moralke01
647,Andre Ethier,2013,31,LAD,NL,142,553,482,54,131,84,33,2,12,52,4,3,61,95,.272,.360,.423,.783,121,204,9,7,0,3,11,2.1,1.5,0.5,14.12,1.5,15.45,1.04,*89/H7D,ethiean01
648,Kendrys Morales,2013,30,SEA,AL,156,657,602,64,167,110,34,0,23,80,0,0,49,114,.277,.336,.449,.785,123,270,21,5,0,1,6,2.1,1.4,0.8,14.11,1.5,16.22,0.99,*D3/H,moralke01
649,Billy Butler,2013,27,KCR,AL,162,668,582,62,168,126,27,0,15,82,0,0,79,102,.289,.374,.412,.787,116,240,28,3,0,4,11,1.0,1.4,-0.4,14.07,1.4,16.68,1.01,*D/3H,butlebi03
650,Adam Dunn,2006,26,CIN,NL,160,683,561,99,131,67,24,0,40,92,7,0,112,194,.234,.365,.490,.855,114,275,8,6,1,3,12,1.2,1.8,-0.7,14.07,1.3,19.23,0.99,*7/3DH,dunnad01
651,Vernon Wells,2010,31,TOR,AL,157,646,590,79,161,83,44,3,31,88,6,4,50,84,.273,.331,.515,.847,125,304,18,3,0,3,5,2.2,1.7,0.7,14.05,1.4,17.74,0.91,*8/DH,wellsve01
652,Magglio Ordóñez,2008,34,DET,AL,146,623,561,72,178,123,32,2,21,103,1,5,53,76,.317,.376,.494,.869,127,277,27,3,0,6,2,0.6,1.5,-1.0,14.02,1.3,16.90,1.04,*9D/H,ordonma01
653,Nick Swisher,2009,28,NYY,AL,150,607,498,84,124,59,35,1,29,82,0,0,97,126,.249,.371,.498,.869,122,248,13,3,3,6,2,1.7,1.8,-0.2,14.01,1.3,19.67,0.98,*93/7HD1,swishni01
654,Brandon Phillips,2013,32,CIN,NL,151,666,606,80,158,114,24,2,18,103,5,3,39,98,.261,.310,.396,.706,94,240,19,8,4,9,6,1.0,0.2,0.7,14.00,1.4,2.98,1.06,*4,phillbr01
655,Grady Sizemore,2009,26,CLE,AL,106,503,436,73,108,64,20,6,18,64,13,8,60,92,.248,.343,.445,.788,110,194,4,4,2,1,1,-0.4,0.5,-0.9,14.00,1.3,10.71,1.02,8D,sizemgr01
656,Coco Crisp,2013,33,OAK,AL,131,584,513,93,134,87,22,3,22,66,21,5,61,65,.261,.335,.444,.779,116,228,7,0,2,8,3,1.3,1.3,0.1,14.00,1.4,13.67,0.97,*8D/H,crispco01
657,Marco Scutaro,2009,33,TOR,AL,144,680,574,100,162,114,35,1,12,60,14,5,90,75,.282,.379,.409,.789,108,235,12,4,5,7,0,0.7,1.4,-0.7,13.99,1.3,14.43,1.04,*6/4D,scutama01
658,Richie Sexson,2006,31,SEA,AL,158,663,591,75,156,82,40,0,34,107,1,1,64,154,.264,.338,.504,.842,117,298,17,4,0,4,5,0.5,1.0,-0.5,13.93,1.3,8.17,1.07,*3/DH,sexsori01
659,Khalil Greene,2007,27,SDP,NL,153,659,611,89,155,81,44,3,27,97,4,0,32,128,.254,.291,.468,.759,101,286,12,5,0,11,3,0.0,0.9,-0.9,13.89,1.4,7.85,1.04,*6,greenkh01
660,Starlin Castro,2012,22,CHC,NL,162,691,646,78,183,128,29,12,14,78,25,13,36,100,.283,.323,.430,.753,102,278,15,4,0,5,5,-0.1,0.8,-0.9,13.89,1.4,9.11,1.03,*6,castrst01
661,Jorge Posada,2006,35,NYY,AL,143,545,465,65,129,77,27,2,23,93,3,0,64,97,.277,.374,.492,.867,122,229,10,11,0,5,1,2.2,1.7,0.4,13.89,1.3,17.29,1.02,*2H/D3,posadjo01
662,Adrian Beltré,2007,28,SEA,AL,149,639,595,87,164,95,41,2,26,99,14,2,38,104,.276,.319,.482,.802,112,287,18,2,0,4,2,1.7,1.5,0.3,13.85,1.3,14.93,0.97,*5/DH,beltrad01
663,Bill Hall,2006,26,MIL,NL,148,608,537,101,145,67,39,4,35,85,8,9,63,162,.270,.345,.553,.899,125,297,12,1,3,4,6,2.2,2.0,0.1,13.83,1.3,19.28,1.06,*65/8H4,hallbi03
664,Russell Branyan,2009,33,SEA,AL,116,505,431,64,108,55,21,1,31,76,2,0,58,149,.251,.347,.520,.867,130,224,6,9,1,6,6,0.8,1.9,-1.1,13.82,1.3,18.73,1.06,*3,branyru01
665,Yoenis Céspedes,2013,27,OAK,AL,135,574,529,74,127,76,21,4,26,80,7,7,37,137,.240,.294,.442,.737,103,234,8,5,0,3,5,1.5,0.8,0.8,13.81,1.4,9.63,0.98,7D8/H,cespeyo01
666,Jacque Jones,2006,31,CHC,NL,149,578,533,73,152,93,31,1,27,81,9,1,35,116,.285,.334,.499,.833,108,266,17,5,2,2,6,2.2,1.1,1.0,13.81,1.3,10.33,1.02,*9H,jonesja05
667,Orlando Cabrera,2007,32,LAA,AL,155,701,638,101,192,148,35,1,8,86,20,4,44,64,.301,.345,.397,.742,95,253,12,5,3,11,0,0.8,0.5,0.3,13.72,1.3,4.45,0.98,*6/D,cabreor01
668,Dexter Fowler,2014,28,HOU,AL,116,505,434,61,120,87,21,4,8,35,11,4,66,108,.276,.375,.399,.774,120,173,6,3,1,1,2,0.9,1.5,-0.5,13.63,1.4,15.02,0.98,*8/DH,fowlede01
669,Chris Johnson,2013,28,ATL,NL,142,547,514,54,165,119,34,0,12,68,0,0,29,116,.321,.358,.457,.816,124,235,20,2,0,2,5,0.1,1.4,-1.3,13.62,1.4,15.59,0.95,*53/H,johnsch05
670,Nelson Cruz,2009,28,TEX,AL,128,515,462,75,120,65,21,1,33,76,20,4,49,118,.260,.332,.524,.856,117,242,9,2,0,2,6,0.7,1.7,-0.9,13.62,1.2,18.61,0.96,*9/DH7,cruzne02
671,David DeJesus,2006,26,KCR,AL,119,552,491,83,145,94,36,7,8,56,6,3,43,70,.295,.364,.446,.810,108,219,10,12,2,4,4,1.2,0.7,0.5,13.61,1.2,6.56,1.00,*78,dejesda01
672,Alberto Callaspo,2009,26,KCR,AL,155,634,576,79,173,113,41,8,11,73,2,1,52,51,.300,.356,.457,.813,115,263,15,1,0,5,4,0.5,0.6,-0.1,13.61,1.3,9.37,0.96,*45/H6,callaal01
673,Nick Markakis,2015,31,ATL,NL,156,686,612,73,181,139,38,1,3,53,2,1,70,83,.296,.370,.376,.746,109,230,17,3,0,1,11,0.7,1.5,-0.7,13.60,1.4,13.01,0.93,*9/D,markani01
674,Derek Jeter,2012,38,NYY,AL,159,740,683,99,216,169,32,0,15,58,9,4,45,90,.316,.362,.429,.791,114,293,24,5,6,1,1,0.9,1.2,-0.3,13.55,1.3,14.06,1.00,*6D,jeterde01
675,Curtis Granderson,2010,29,NYY,AL,136,528,466,76,115,67,17,7,24,67,12,2,53,116,.247,.324,.468,.792,108,218,3,2,4,3,3,0.9,1.2,-0.2,13.54,1.3,9.17,0.95,*8H,grandcu01
676,Marlon Byrd,2014,36,PHI,NL,154,637,591,71,156,101,28,2,25,85,3,2,35,185,.264,.312,.445,.757,109,263,6,8,0,3,7,1.9,1.4,0.2,13.52,1.4,16.11,1.13,*9/HD,byrdma01
677,Paul Konerko,2012,36,CHW,AL,144,598,533,66,159,111,22,0,26,75,0,0,56,83,.298,.371,.486,.857,130,259,16,7,0,2,4,1.5,2.1,-0.6,13.50,1.3,22.16,1.00,3D/H,konerpa01
678,Josh Willingham,2006,27,FLA,NL,142,573,502,62,139,83,28,2,26,74,2,0,54,109,.277,.356,.496,.852,121,249,13,11,0,6,2,1.3,1.7,-0.4,13.49,1.3,19.09,1.01,*7/HD23,willijo03
679,Danny Espinosa,2011,24,WSN,NL,158,658,573,72,135,80,29,5,21,66,17,6,57,166,.236,.323,.414,.737,102,237,6,19,5,4,4,1.2,0.3,0.8,13.47,1.3,7.68,1.10,*4/H,espinda01
680,Orlando Hudson,2006,28,ARI,NL,157,650,579,87,166,108,34,9,15,67,9,6,61,78,.287,.354,.454,.809,102,263,17,2,4,4,5,1.3,0.9,0.4,13.40,1.2,10.87,0.96,*4/H,hudsoor01
681,Troy Tulowitzki,2007,22,COL,NL,155,682,609,104,177,115,33,5,24,99,7,6,57,130,.291,.359,.479,.838,109,292,14,9,5,2,3,2.7,1.2,1.4,13.38,1.2,14.12,1.02,*6,tulowtr01
682,Carlos Lee,2009,33,HOU,NL,160,662,610,65,183,121,35,1,26,102,5,3,41,51,.300,.343,.489,.831,119,298,21,3,0,8,5,1.4,0.9,0.5,13.37,1.3,10.39,1.03,*7/D3,leeca01
683,Michael Young,2009,32,TEX,AL,135,593,541,76,174,114,36,2,22,68,8,3,47,90,.322,.374,.518,.892,128,280,16,1,0,4,2,1.6,2.4,-0.7,13.27,1.2,23.22,0.93,*5/D,youngmi02
684,Dustin Pedroia,2013,29,BOS,AL,160,724,641,91,193,140,42,2,9,84,17,5,73,75,.301,.372,.415,.787,115,266,24,3,0,7,4,1.6,1.4,0.2,13.26,1.3,14.18,0.99,*4/H,pedrodu01
685,Jay Bruce,2011,24,CIN,NL,157,664,585,84,150,89,27,2,32,97,8,7,71,158,.256,.341,.474,.814,118,277,8,5,1,2,14,1.4,0.7,0.5,13.26,1.3,12.38,1.16,*9/H,bruceja01
686,Michael Bourn,2009,26,HOU,NL,157,678,606,97,173,131,27,12,3,35,61,12,63,140,.285,.354,.384,.738,97,233,1,2,5,2,1,1.2,0.6,0.7,13.24,1.3,8.30,0.96,*8/H,bournmi01
687,Bobby Abreu,2007,33,NYY,AL,158,699,605,123,171,110,40,5,16,101,25,8,84,115,.283,.369,.445,.814,113,269,11,3,0,7,0,0.0,1.2,-1.2,13.17,1.2,13.43,0.95,*9/HD,abreubo01
688,Kosuke Fukudome,2008,31,CHC,NL,150,590,501,79,129,91,25,3,10,58,12,4,81,104,.257,.359,.379,.738,89,190,7,1,2,5,9,0.8,-0.2,1.0,13.17,1.2,1.91,1.03,*9H8/D,fukudko01
689,Dustin Pedroia,2007,23,BOS,AL,139,581,520,86,165,117,39,1,8,50,7,1,47,42,.317,.380,.442,.823,112,230,8,7,5,2,1,0.6,0.5,0.1,13.06,1.2,7.75,0.94,*4/HD,pedrodu01
690,Randy Winn,2007,33,SFG,NL,155,653,593,73,178,121,42,1,14,65,15,3,44,85,.300,.353,.445,.798,104,264,12,7,4,5,3,1.0,0.8,0.1,13.03,1.2,9.78,1.07,*987/H5,winnra01
691,Dustin Pedroia,2012,28,BOS,AL,141,623,563,81,163,106,39,3,15,65,20,6,48,60,.290,.347,.449,.797,114,253,9,5,1,6,3,1.5,1.2,0.5,13.00,1.3,13.43,0.95,*4/D,pedrodu01
692,Andre Ethier,2011,29,LAD,NL,135,551,487,67,142,101,30,0,11,62,0,1,58,103,.292,.368,.421,.789,121,205,8,3,0,3,9,0.8,1.4,-0.6,13.00,1.3,15.37,1.06,*9/HD,ethiean01
693,Nelson Cruz,2011,30,TEX,AL,124,513,475,64,125,67,28,1,29,87,9,5,33,116,.263,.312,.509,.821,113,242,8,2,0,3,1,0.4,0.7,-0.3,12.98,1.2,10.51,0.88,*97/DH,cruzne02
694,Rickie Weeks,2011,28,MIL,NL,118,515,453,77,122,74,26,2,20,49,9,2,50,107,.269,.350,.468,.818,121,212,6,8,1,3,3,1.6,2.2,-0.4,12.94,1.3,21.07,0.90,*4/DH,weeksri01
695,Austin Kearns,2006,26,CINWSN,NL,150,629,537,86,142,83,33,2,24,86,9,4,76,135,.264,.363,.467,.830,112,251,18,10,1,5,4,0.1,2.0,-1.9,12.92,1.2,17.98,1.09,*9/H8,kearnau01
696,Jermaine Dye,2008,34,CHW,AL,154,645,590,96,172,95,41,2,34,96,3,2,44,104,.292,.344,.541,.885,127,319,18,6,0,5,3,-0.3,2.2,-2.5,12.86,1.2,29.82,1.00,*9/DH,dyeje01
697,Seth Smith,2011,28,COL,NL,147,533,476,67,135,79,32,9,15,59,10,2,46,93,.284,.347,.483,.830,110,230,9,4,0,7,7,1.3,1.7,-0.4,12.80,1.2,16.90,1.04,*97H,smithse01
698,Manny Ramírez,2007,35,BOS,AL,133,569,483,84,143,89,33,1,20,88,0,0,71,92,.296,.388,.493,.881,126,238,21,7,0,8,13,0.1,2.1,-2.0,12.75,1.2,21.87,1.01,*7D/H,ramirma02
699,Pedro Álvarez,2012,25,PIT,NL,149,586,525,64,128,72,25,1,30,85,1,0,57,180,.244,.317,.467,.784,115,245,10,1,0,3,6,0.0,1.0,-1.0,12.73,1.3,11.32,0.98,*5/HD,alvarpe01
700,Michael Brantley,2012,25,CLE,AL,149,609,552,63,159,112,37,4,6,60,12,9,53,56,.288,.348,.402,.750,112,222,7,0,0,4,12,0.7,0.2,0.5,12.72,1.3,4.98,1.06,*8/HD,brantmi02
701,José Reyes,2014,31,TOR,AL,143,655,610,94,175,129,33,4,9,51,30,2,38,73,.287,.328,.398,.726,105,243,4,1,2,4,1,2.2,1.3,0.9,12.69,1.3,7.99,1.02,*6/H,reyesjo01
702,Jean Segura,2013,23,MIL,NL,146,623,588,74,173,131,20,10,12,49,44,13,25,84,.294,.329,.423,.752,105,249,17,6,2,2,1,2.0,1.4,0.6,12.69,1.3,11.70,1.00,*6/H,segurje01
703,Reed Johnson,2006,29,TOR,AL,134,517,461,86,147,99,34,2,12,49,8,2,33,81,.319,.390,.479,.869,124,221,9,21,1,1,4,0.3,2.1,-1.8,12.67,1.2,19.37,0.92,*798H/D,johnsre02
704,Jeff Keppinger,2010,30,HOU,NL,137,575,514,62,148,107,34,1,6,59,4,1,51,36,.288,.351,.393,.744,104,202,15,1,5,4,1,0.0,0.7,-0.6,12.64,1.3,9.60,0.99,*46/H,keppije01
705,Rafael Furcal,2006,28,LAD,NL,159,736,654,113,196,140,32,9,15,63,37,13,73,98,.300,.369,.445,.814,107,291,7,1,5,3,3,0.6,1.0,-0.3,12.60,1.2,9.11,0.97,*6/H,furcara02
706,Mark DeRosa,2007,32,CHC,NL,149,574,502,64,147,106,28,3,10,72,1,2,58,93,.293,.371,.420,.792,101,211,17,7,3,4,2,0.5,0.4,0.1,12.59,1.1,7.17,1.00,459/3H67,derosma01
707,Mark Trumbo,2012,26,LAA,AL,144,586,544,66,146,92,19,3,32,95,4,5,36,153,.268,.317,.491,.808,124,267,12,4,0,2,3,1.7,1.7,0.2,12.44,1.3,14.62,0.93,79D3/5H,trumbma01
708,Jed Lowrie,2013,29,OAK,AL,154,662,603,80,175,113,45,2,15,75,1,0,50,91,.290,.344,.446,.791,119,269,17,2,3,4,3,-0.2,1.1,-1.3,12.42,1.2,13.00,0.95,*64D/H,lowrije01
709,Brandon Moss,2014,30,OAK,AL,147,580,500,70,117,67,23,2,25,81,1,0,67,153,.234,.334,.438,.772,120,219,6,10,0,3,7,0.0,0.8,-0.8,12.41,1.3,13.75,1.03,379DH,mossbr01
710,Coco Crisp,2014,34,OAK,AL,126,536,463,68,114,81,21,3,9,47,19,5,66,66,.246,.336,.363,.699,101,168,3,0,1,6,2,2.1,0.7,1.3,12.41,1.3,7.52,1.05,*8DH,crispco01
711,Daric Barton,2010,24,OAK,AL,159,686,556,79,152,104,33,5,10,57,7,3,110,102,.273,.393,.405,.798,120,225,8,3,12,5,2,1.1,1.8,-0.6,12.40,1.2,22.26,0.98,*3/H,bartoda02
712,Logan Morrison,2011,23,FLA,NL,123,525,462,54,114,62,25,4,23,72,2,1,54,99,.247,.330,.468,.797,116,216,9,5,0,4,3,0.7,1.6,-1.0,12.40,1.2,14.18,1.10,*7/H3D,morrilo01
713,Ichiro Suzuki,2008,34,SEA,AL,162,749,686,103,213,180,20,7,6,42,43,4,51,65,.310,.361,.386,.747,102,265,8,5,3,4,12,0.8,0.6,0.2,12.40,1.2,7.87,1.04,*98/DH,suzukic01
714,Jeff Kent,2007,39,LAD,NL,136,562,494,78,149,92,36,1,20,79,1,3,57,61,.302,.375,.500,.875,123,247,17,5,0,6,4,-0.3,1.2,-1.5,12.39,1.2,16.50,1.07,*4/H,kentje01
715,Joe Mauer,2014,31,MIN,AL,120,518,455,60,126,93,27,2,4,55,3,0,60,96,.277,.361,.371,.732,107,169,12,1,0,2,12,0.0,-0.1,0.2,12.38,1.2,3.69,1.03,3D/H,mauerjo01
716,Nate Schierholtz,2013,29,CHC,NL,137,503,462,56,116,60,32,3,21,68,6,3,29,94,.251,.301,.470,.770,109,217,6,6,1,5,3,0.7,1.1,-0.4,12.17,1.2,12.54,1.03,*9H,schiena01
717,Mark Teixeira,2012,32,NYY,AL,123,524,451,66,113,61,27,1,24,84,2,1,54,83,.251,.332,.475,.807,115,214,11,7,0,12,1,1.8,1.5,0.1,12.17,1.2,14.72,1.07,*3/DH,teixema01
718,Alex Gordon,2012,28,KCR,AL,161,721,642,93,189,119,51,5,14,72,10,5,73,140,.294,.368,.455,.822,123,292,14,3,0,3,3,-0.3,1.4,-1.7,12.16,1.2,16.83,1.03,*7/H,gordoal01
719,Jeff Francoeur,2007,23,ATL,NL,162,696,642,84,188,129,40,0,19,105,5,2,42,129,.293,.338,.444,.782,102,285,14,5,0,7,5,0.0,-0.4,0.4,12.12,1.1,1.15,0.99,*9,francje02
720,Yunel Escobar,2015,32,WSN,NL,139,591,535,75,168,133,25,1,9,56,2,2,45,70,.314,.375,.415,.790,115,222,24,8,1,2,0,1.5,1.3,0.2,12.11,1.2,14.38,1.01,*5/DH,escobyu01
721,Matt Wieters,2012,26,BAL,AL,144,593,526,67,131,80,27,1,23,83,3,0,60,112,.249,.329,.435,.764,107,229,17,4,0,3,4,0.5,0.4,0.2,12.10,1.2,5.35,0.98,*2/DH,wietema01
722,Asdrúbal Cabrera,2012,26,CLE,AL,143,616,555,70,150,98,35,1,16,68,9,4,52,99,.270,.338,.423,.762,114,235,18,6,1,2,3,1.9,0.9,1.0,12.07,1.2,5.66,1.00,*6/DH,cabreas01
723,Brian McCann,2011,27,ATL,NL,128,527,466,51,126,83,19,0,24,71,3,2,57,89,.270,.351,.466,.817,122,217,10,2,0,2,14,0.7,1.2,-0.5,12.03,1.2,13.67,1.07,*2/HD,mccanbr01
724,Joe Mauer,2015,32,MIN,AL,158,666,592,69,157,111,34,2,10,66,2,1,67,112,.265,.338,.380,.718,98,225,22,1,1,5,12,1.6,0.5,1.3,12.01,1.2,2.97,0.91,*3D/H,mauerjo01
725,Russell Martin,2015,32,TOR,AL,129,507,441,76,106,58,23,2,23,77,4,5,53,106,.240,.329,.458,.787,112,202,22,8,0,5,1,-0.4,0.4,-0.9,11.92,1.2,9.86,0.91,*2/HD4,martiru01
726,Brandon Phillips,2009,28,CIN,NL,153,644,584,78,161,106,30,5,20,98,25,9,44,75,.276,.329,.447,.776,103,261,21,6,2,8,3,-0.1,0.9,-1.0,11.88,1.1,8.46,1.03,*4/H,phillbr01
727,Luis Castillo,2007,31,MINNYM,ALNL,135,615,548,91,165,140,19,5,1,38,19,6,53,45,.301,.362,.359,.721,94,197,5,0,12,2,0,1.5,0.6,1.0,11.85,1.1,5.76,0.94,*4,castilu01
728,Mike Jacobs,2008,27,FLA,NL,141,519,477,67,118,57,27,2,32,93,1,0,36,119,.247,.299,.514,.812,108,245,7,1,0,5,10,0.7,1.0,-0.3,11.80,1.1,13.39,1.02,*3H/D,jacobmi02
729,Pablo Sandoval,2014,27,SFG,NL,157,638,588,68,164,119,26,3,16,73,0,0,39,85,.279,.324,.415,.739,111,244,16,4,0,7,6,-0.7,1.1,-1.8,11.79,1.2,14.02,1.06,*5/DH,sandopa01
730,Bryce Harper,2012,19,WSN,NL,139,597,533,98,144,87,26,9,22,59,18,6,56,120,.270,.340,.477,.817,118,254,8,2,3,3,0,1.9,1.7,0.2,11.78,1.2,17.82,0.96,*89/7H,harpebr03
731,Jimmy Rollins,2014,35,PHI,NL,138,609,538,78,131,88,22,4,17,55,28,6,64,100,.243,.323,.394,.717,100,212,6,1,3,3,2,1.6,1.8,-0.3,11.74,1.2,18.38,1.08,*6/HD,rolliji01
732,J.J. Hardy,2008,25,MIL,NL,146,629,569,78,161,102,31,4,24,74,2,1,52,98,.283,.343,.478,.821,115,272,18,1,5,2,3,1.7,1.7,0.0,11.73,1.1,25.12,1.01,*6/H,hardyjj01
733,Torii Hunter,2013,37,DET,AL,144,652,606,90,184,125,37,5,17,84,3,2,26,113,.304,.334,.465,.800,115,282,11,7,3,10,0,0.4,1.6,-1.3,11.72,1.1,15.35,1.00,*9/H,hunteto01
734,Ender Inciarte,2015,24,ARI,NL,132,561,524,73,159,121,27,5,6,45,21,10,26,58,.303,.338,.408,.747,100,214,8,4,2,5,0,0.9,1.1,-0.2,11.71,1.1,10.97,0.98,*978H,inciaen01
735,Charlie Blackmon,2014,27,COL,NL,154,648,593,82,171,122,27,3,19,72,28,10,31,96,.288,.335,.440,.775,103,261,3,13,6,5,5,-0.3,1.0,-1.3,11.71,1.1,12.12,1.00,*987H,blackch02
736,Adam Lind,2013,29,TOR,AL,143,521,465,67,134,84,26,1,23,67,1,0,51,103,.288,.357,.497,.854,132,231,20,1,0,4,5,0.2,1.8,-1.6,11.68,1.1,17.38,1.09,3DH,lindad01
737,Dan Uggla,2009,29,FLA,NL,158,668,564,84,137,78,27,1,31,90,2,1,92,150,.243,.354,.459,.813,111,259,10,7,1,4,4,0.4,1.7,-1.3,11.65,1.1,19.87,1.06,*4/H,ugglada01
738,Adam Dunn,2014,34,CHWOAK,AL,131,511,429,49,94,54,18,0,22,64,1,1,71,159,.219,.337,.415,.752,115,178,5,7,0,4,5,0.5,1.1,-0.6,11.60,1.2,14.05,1.00,D3H/791,dunnad01
739,Justin Upton,2012,24,ARI,NL,150,628,554,107,155,110,24,4,17,67,18,8,63,121,.280,.355,.430,.785,110,238,7,5,0,6,5,0.6,1.4,-0.7,11.60,1.1,15.32,0.92,*9/H,uptonju01
740,Ian Desmond,2013,27,WSN,NL,158,655,600,77,168,107,38,3,20,80,21,6,43,145,.280,.331,.453,.784,113,272,16,5,2,5,3,0.0,1.4,-1.4,11.50,1.2,15.64,1.02,*6,desmoia01
741,Derek Jeter,2008,34,NYY,AL,150,668,596,88,179,140,25,3,11,69,11,5,52,85,.300,.363,.408,.771,102,243,24,9,7,4,0,-0.1,0.4,-0.4,11.47,1.1,4.69,0.95,*6/D,jeterde01
742,J.J. Hardy,2007,24,MIL,NL,151,638,592,89,164,107,30,1,26,80,2,3,40,73,.277,.323,.463,.786,101,274,13,1,4,1,1,0.9,0.1,0.8,11.43,1.1,2.82,0.93,*6/H,hardyjj01
743,Mark Reynolds,2011,27,BAL,AL,155,620,534,84,118,53,27,1,37,86,6,4,75,196,.221,.323,.483,.806,116,258,11,7,0,4,2,0.3,0.8,-0.5,11.35,1.1,15.94,0.99,*53/H,reynoma01
744,Mike Cameron,2008,35,MIL,NL,120,508,444,69,108,56,25,2,25,70,17,5,54,142,.243,.331,.477,.809,111,212,4,6,1,3,1,0.8,1.6,-0.9,11.34,1.1,16.42,1.02,*8/H,camermi01
745,Ryan Ludwick,2010,31,SDPSTL,NL,136,553,490,63,123,77,27,2,17,69,0,4,48,121,.251,.325,.418,.743,104,205,13,8,0,5,0,0.7,0.1,0.5,11.24,1.1,0.44,1.04,*9H/87D,ludwiry01
746,Justin Morneau,2007,26,MIN,AL,157,668,590,84,160,95,31,3,31,111,1,1,64,91,.271,.343,.492,.834,122,290,17,5,0,9,11,0.5,0.8,-0.4,11.21,1.1,9.29,1.07,*3D,morneju01
747,Martín Prado,2015,31,MIA,NL,129,551,500,52,144,111,22,2,9,63,1,0,37,68,.288,.338,.394,.732,104,197,9,5,1,8,4,2.7,0.8,2.0,11.05,1.1,8.10,0.97,*54/H,pradoma01
748,Chris Denorfia,2013,32,SDP,NL,144,520,473,67,132,99,21,2,10,47,11,0,42,84,.279,.337,.395,.732,111,187,13,1,0,4,2,2.0,0.8,1.0,11.03,1.2,9.91,1.07,*978H/D,denorch01
749,Brian Dozier,2014,27,MIN,AL,156,707,598,112,145,88,33,1,23,71,21,7,89,129,.242,.345,.416,.762,114,249,8,9,3,8,1,0.2,0.9,-0.7,11.03,1.1,8.99,1.08,*4,doziebr01
750,Drew Stubbs,2010,25,CIN,NL,150,583,514,91,131,84,19,6,22,77,30,6,55,168,.255,.329,.444,.773,105,228,6,5,3,6,2,0.1,0.8,-0.7,10.96,1.1,9.72,1.01,*8/H,stubbdr01
751,Adam LaRoche,2007,27,PIT,NL,152,632,563,71,153,90,42,0,21,88,1,1,62,131,.272,.345,.458,.803,109,258,18,3,0,4,5,0.9,1.0,-0.1,10.92,1.0,11.11,1.02,*3/H,larocad01
752,Nick Swisher,2011,30,NYY,AL,150,635,526,81,137,84,30,0,23,85,2,2,95,125,.260,.374,.449,.822,120,236,18,5,1,8,6,0.1,1.7,-1.6,10.92,1.0,17.99,0.97,*93/DH,swishni01
753,Mark DeRosa,2009,34,CLESTL,ALNL,139,576,515,78,129,82,23,1,23,78,3,2,47,121,.250,.319,.433,.752,99,223,11,7,2,5,1,1.5,0.1,1.3,10.91,1.0,4.05,1.02,5739/H4D,derosma01
754,Casey Kotchman,2007,24,LAA,AL,137,508,443,64,131,80,37,3,11,68,2,4,53,43,.296,.372,.467,.840,119,207,17,4,3,5,1,1.1,1.5,-0.3,10.90,1.0,12.65,0.97,*3H/D,kotchca01
755,Garret Anderson,2008,36,LAA,AL,145,593,557,66,163,118,27,3,15,84,7,4,29,77,.293,.325,.433,.758,98,241,11,1,0,6,6,1.2,0.2,0.8,10.89,1.0,3.37,1.09,7D/H,anderga01
756,Nick Markakis,2009,25,BAL,AL,161,711,642,94,188,123,45,2,18,101,6,2,56,98,.293,.347,.453,.801,108,291,12,3,0,10,0,0.1,0.7,-0.7,10.89,1.0,9.75,1.02,*9,markani01
757,Shane Victorino,2008,27,PHI,NL,146,627,570,102,167,115,30,8,14,58,36,11,45,69,.293,.352,.447,.799,107,255,8,7,5,0,2,0.1,1.4,-1.2,10.87,1.0,14.15,1.01,*8/H9,victosh01
758,Derek Jeter,2011,37,NYY,AL,131,607,546,84,162,128,24,4,6,61,16,6,46,81,.297,.355,.388,.743,100,212,10,6,4,5,0,0.7,0.9,-0.2,10.80,1.0,6.19,0.96,*6D,jeterde01
759,Nori Aoki,2012,30,MIL,NL,151,588,520,81,150,99,37,4,10,50,30,8,43,55,.288,.355,.433,.787,109,225,6,13,7,5,1,0.9,1.6,-0.7,10.79,1.0,15.99,1.00,*9H87,aokino01
760,Matt Adams,2014,25,STL,NL,142,563,527,55,152,98,34,5,15,68,3,2,26,114,.288,.321,.457,.779,116,241,9,3,0,7,5,1.5,1.1,0.3,10.72,1.1,11.98,1.04,*3H,adamsma01
761,Yangervis Solarte,2015,27,SDP,NL,152,571,526,63,142,91,33,4,14,63,1,0,34,56,.270,.320,.428,.748,107,225,15,6,2,3,0,1.4,0.8,0.6,10.66,1.1,6.08,0.96,53H4/D,solarya01
762,Chris Davis,2014,28,BAL,AL,127,525,450,65,88,46,16,0,26,72,2,1,60,173,.196,.300,.404,.704,96,182,2,9,1,5,9,1.0,-0.2,1.2,10.63,1.1,3.84,1.03,*35/HD,davisch02
763,Alexei Ramírez,2008,26,CHW,AL,136,509,480,65,139,94,22,2,21,77,13,9,18,61,.290,.317,.475,.792,104,228,14,3,4,4,3,0.3,0.6,-0.3,10.51,1.0,3.32,0.97,*468/H5D,ramiral03
764,Michael Brantley,2013,26,CLE,AL,151,611,556,66,158,119,26,3,10,73,17,4,40,67,.284,.332,.396,.728,105,220,11,4,3,8,1,1.7,0.2,1.4,10.50,1.1,2.11,1.06,*7/H8,brantmi02
765,Jason Kubel,2008,26,MIN,AL,141,517,463,74,126,79,22,5,20,78,0,1,47,91,.272,.335,.471,.805,115,218,12,0,0,7,2,0.9,0.5,0.4,10.48,1.0,10.90,1.04,D9H7,kubelja01
766,Robinson Canó,2006,23,NYY,AL,122,508,482,62,165,108,41,1,15,78,5,2,18,54,.342,.365,.525,.890,126,253,19,2,1,5,3,0.8,1.6,-0.9,10.47,1.0,13.64,1.02,*4/DH,canoro01
767,Jack Cust,2009,30,OAK,AL,149,612,513,88,123,82,16,0,25,70,4,1,93,185,.240,.356,.417,.773,105,214,7,2,0,4,5,0.1,0.7,-0.7,10.41,1.0,9.13,0.98,D9/H,custja01
768,Nori Aoki,2013,31,MIL,NL,155,674,597,80,171,140,20,3,8,37,20,12,55,40,.286,.356,.370,.726,100,221,9,11,8,3,1,0.9,1.0,0.0,10.41,1.0,12.83,0.90,*9/H8,aokino01
769,Brandon Phillips,2012,31,CIN,NL,147,623,580,86,163,114,30,1,18,77,15,2,28,79,.281,.321,.429,.750,99,249,19,8,3,4,2,1.6,0.6,1.0,10.37,1.0,4.08,1.01,*4/H,phillbr01
770,Dustin Pedroia,2009,25,BOS,AL,154,714,626,115,185,121,48,1,15,72,20,8,74,45,.296,.371,.447,.819,110,280,19,5,3,6,3,-0.3,1.2,-1.6,10.31,0.9,12.31,0.93,*4,pedrodu01
771,Ryan Church,2007,28,WSN,NL,144,530,470,57,128,69,43,1,15,70,3,2,49,107,.272,.349,.464,.813,114,218,12,8,0,3,4,0.3,1.3,-1.0,10.30,1.0,13.86,1.05,*78H/D,churcry01
772,Michael Bourn,2010,27,HOU,NL,141,605,535,84,142,109,25,6,2,38,52,12,59,109,.265,.341,.346,.686,89,185,6,3,6,2,5,2.2,0.0,2.2,10.28,1.0,2.35,1.01,*8/H,bournmi01
773,James Loney,2013,29,TBR,AL,158,598,549,54,164,118,33,0,13,75,3,1,44,77,.299,.348,.430,.778,117,236,16,0,1,4,6,1.2,0.7,0.5,10.23,1.0,7.34,1.01,*3/HD,loneyja01
774,Todd Frazier,2013,27,CIN,NL,150,600,531,63,124,73,29,3,19,73,6,5,50,125,.234,.314,.407,.721,98,216,14,14,2,3,1,0.3,1.2,-0.9,10.21,1.0,12.21,0.97,*5/H7,frazito01
775,Michael Cuddyer,2007,28,MIN,AL,144,623,547,87,151,102,28,5,16,81,5,0,64,107,.276,.356,.433,.790,112,237,19,7,0,5,1,0.6,0.4,0.2,10.12,1.0,6.08,1.05,*9/3,cuddymi01
776,Omar Vizquel,2006,39,SFG,NL,153,659,579,88,171,135,22,10,4,58,24,7,56,51,.295,.361,.389,.749,93,225,13,6,13,5,3,0.4,-0.1,0.5,10.04,0.9,-1.80,1.03,*6/H,vizquom01
777,Miguel Tejada,2009,35,HOU,NL,158,674,635,83,199,138,46,1,14,86,5,2,19,48,.313,.340,.455,.795,110,289,29,11,0,8,2,3.0,1.6,1.3,10.02,1.0,10.84,1.03,*6,tejadmi01
778,Skip Schumaker,2009,29,STL,NL,153,586,532,85,161,122,34,1,4,35,2,2,52,69,.303,.364,.393,.757,102,209,4,0,1,1,2,0.6,1.1,-0.4,10.00,1.0,8.86,0.93,*47H9/8,schumsk01
779,Dexter Fowler,2010,24,COL,NL,132,505,439,73,114,74,20,14,6,36,13,8,57,104,.260,.347,.410,.757,92,180,5,2,7,0,0,1.3,0.5,0.9,9.98,0.9,4.24,0.93,*8H,fowlede01
780,Ben Revere,2015,27,PHITOR,ALNL,152,634,592,84,181,150,22,7,2,45,31,7,32,64,.306,.342,.377,.719,98,223,5,2,5,3,0,0.7,0.6,0.1,9.97,1.0,7.13,0.97,*789/H,reverbe01
781,Paul Konerko,2009,33,CHW,AL,152,621,546,75,151,92,30,1,28,88,1,0,58,89,.277,.353,.489,.842,114,267,15,10,0,7,4,0.8,1.3,-0.5,9.92,0.9,12.26,0.97,*3D/H,konerpa01
782,Kosuke Fukudome,2009,32,CHC,NL,146,603,499,79,129,75,38,5,11,54,6,10,93,112,.259,.375,.421,.796,105,210,15,3,3,5,3,0.9,1.7,-0.7,9.91,0.9,13.68,0.96,*89H,fukudko01
783,Trevor Plouffe,2015,29,MIN,AL,152,632,573,74,140,79,35,4,22,86,2,1,50,124,.244,.307,.435,.742,102,249,28,4,1,4,0,0.2,-0.3,0.4,9.87,1.0,-1.90,0.99,*53,plouftr01
784,Neil Walker,2013,27,PIT,NL,133,551,478,62,120,76,24,4,16,53,1,2,50,85,.251,.339,.418,.757,114,200,14,15,5,3,4,0.2,1.2,-0.9,9.84,1.0,11.62,1.01,*4/H,walkene01
785,Jay Bruce,2012,25,CIN,NL,155,633,560,89,141,67,35,5,34,99,9,3,62,155,.252,.327,.514,.841,121,288,5,4,0,7,11,0.2,1.8,-1.6,9.84,1.0,17.32,1.06,*9/H,bruceja01
786,José Guillén,2007,31,SEA,AL,153,659,593,84,172,119,28,2,23,99,5,1,41,118,.290,.353,.460,.813,116,273,17,19,0,5,2,0.5,1.8,-1.2,9.79,0.9,17.04,0.98,*9/DH,guilljo01
787,Nelson Cruz,2012,31,TEX,AL,159,642,585,86,152,83,45,0,24,90,8,4,48,140,.260,.319,.460,.779,104,269,7,5,0,4,2,0.5,0.3,0.2,9.77,0.9,8.35,0.95,*9/D7H,cruzne02
788,Josh Willingham,2009,30,WSN,NL,133,502,427,70,111,58,29,0,24,61,4,3,61,104,.260,.367,.496,.863,127,212,11,12,0,2,2,-0.3,2.0,-2.3,9.76,0.9,24.27,1.17,*79H/3,willijo03
789,Xander Bogaerts,2015,22,BOS,AL,156,654,613,84,196,151,35,3,7,81,10,2,32,101,.320,.355,.421,.776,107,258,16,3,3,3,1,1.9,0.1,1.8,9.67,0.9,1.26,0.97,*6/H,bogaexa01
790,Curtis Granderson,2014,33,NYM,NL,155,654,564,73,128,79,27,2,20,66,8,2,79,141,.227,.326,.388,.714,105,219,1,6,0,5,1,2.2,1.1,1.1,9.67,1.0,9.76,1.00,*987/H,grandcu01
791,Alfonso Soriano,2011,35,CHC,NL,137,508,475,50,116,62,27,1,26,88,2,1,27,113,.244,.289,.469,.759,104,223,15,4,0,2,4,1.5,0.3,1.1,9.66,1.0,6.07,1.08,*7/HD,soriaal01
792,Nate McLouth,2009,27,ATLPIT,NL,129,591,507,86,130,81,27,2,20,70,19,6,68,99,.256,.352,.436,.788,108,221,8,9,3,4,1,0.4,1.6,-1.2,9.65,1.0,12.28,0.98,*8/H,mclouna01
793,Michael Young,2010,33,TEX,AL,157,718,656,99,186,126,36,3,21,91,4,2,50,115,.284,.330,.444,.774,102,291,21,1,0,11,4,-0.5,0.7,-1.1,9.64,0.9,10.79,1.04,*5/D,youngmi02
794,Franklin Gutierrez,2009,26,SEA,AL,153,629,565,85,160,117,24,1,18,70,16,5,46,122,.283,.339,.425,.764,105,240,14,3,13,2,3,3.2,0.7,2.4,9.49,0.9,2.00,1.02,*8,gutiefr01
795,Howie Kendrick,2011,27,LAA,AL,140,583,537,86,153,99,30,6,18,63,14,6,33,119,.285,.338,.464,.802,126,249,18,10,3,0,3,0.0,1.5,-1.4,9.43,1.0,13.42,1.02,473/H,kendrho01
796,Nori Aoki,2014,32,KCR,AL,132,549,491,63,140,111,22,6,1,43,17,8,43,49,.285,.349,.360,.710,99,177,5,6,8,1,0,0.7,0.1,0.5,9.40,0.9,0.53,1.02,*9/DH7,aokino01
797,Hunter Pence,2012,29,PHISFG,NL,160,688,617,87,156,102,26,4,24,104,5,2,56,145,.253,.319,.425,.743,103,262,14,7,1,7,2,1.8,0.2,1.5,9.38,1.0,3.35,1.05,*9/H,pencehu01
798,Johnny Damon,2007,33,NYY,AL,141,605,533,93,144,103,27,2,12,63,27,3,66,79,.270,.351,.396,.747,96,211,4,2,1,3,1,-0.2,0.3,-0.6,9.35,0.9,4.08,0.93,8D7H/39,damonjo01
799,Victor Martinez,2010,31,BOS,AL,127,538,493,64,149,96,32,1,20,79,1,0,40,52,.302,.351,.493,.844,122,243,17,0,0,5,5,1.7,1.8,-0.1,9.25,0.9,16.44,0.96,*23/DH,martivi01
800,Will Venable,2013,30,SDP,NL,151,515,481,64,129,77,22,8,22,53,22,6,29,118,.268,.312,.484,.796,126,233,6,2,2,1,4,0.5,2.0,-1.5,9.24,1.0,18.45,0.97,*98H,venabwi01
801,Mark Reynolds,2012,28,BAL,AL,135,538,457,65,101,52,26,0,23,69,1,3,73,159,.221,.335,.429,.763,107,196,19,6,0,2,2,1.1,0.6,0.5,9.23,0.9,5.85,0.94,35D/H,reynoma01
802,Alberto Callaspo,2012,29,LAA,AL,138,520,457,55,115,85,20,0,10,53,4,3,56,59,.252,.331,.361,.692,96,165,6,0,3,4,1,1.0,0.1,1.0,9.22,0.9,2.86,0.90,*5H,callaal01
803,Emilio Bonifácio,2011,26,FLA,NL,152,641,565,78,167,129,26,7,5,36,40,11,59,129,.296,.360,.393,.753,107,222,4,1,11,5,1,0.0,1.1,-1.1,9.22,0.9,14.47,1.05,65789H/4,bonifem01
804,J.D. Drew,2010,34,BOS,AL,139,546,478,69,122,74,24,2,22,68,3,1,60,105,.255,.341,.452,.793,109,216,12,4,0,4,3,0.2,0.5,-0.3,9.21,0.9,5.95,0.98,*9H/D,drewj.01
805,Stephen Drew,2008,25,ARI,NL,152,663,611,91,178,102,44,11,21,67,3,3,41,109,.291,.333,.502,.836,110,307,5,1,3,7,6,2.6,0.9,1.8,9.19,0.8,10.26,0.95,*6/H,drewst01
806,Dave Roberts,2006,34,SDP,NL,129,567,499,80,146,113,18,13,2,44,49,6,51,61,.293,.360,.393,.752,101,196,5,4,7,5,2,-0.9,0.3,-1.3,9.18,0.9,3.85,0.97,*78/H,roberda07
807,Brett Lawrie,2012,22,TOR,AL,125,536,494,73,135,95,26,3,11,48,13,8,33,86,.273,.324,.405,.729,98,200,9,5,2,2,0,0.3,0.5,-0.2,9.17,0.9,1.11,0.92,*5/6D,lawribr01
808,A.J. Pierzynski,2012,35,CHW,AL,135,520,479,68,133,84,18,4,27,77,0,0,28,78,.278,.326,.501,.827,120,240,8,8,1,4,5,-0.1,0.6,-0.7,9.17,0.9,7.52,1.01,*2/HD,pierza.01
809,Jay Bruce,2010,23,CIN,NL,148,573,509,80,143,90,23,5,25,70,5,4,58,136,.281,.353,.493,.846,124,251,12,1,0,5,5,0.9,1.8,-0.9,9.14,0.9,17.38,1.03,*9/H,bruceja01
810,Carlos Santana,2011,25,CLE,AL,155,658,552,84,132,68,35,2,27,79,5,3,97,133,.239,.351,.457,.808,126,252,15,2,0,7,7,0.4,2.5,-2.1,9.12,0.9,23.64,1.09,23/HD,santaca01
811,Starlin Castro,2014,24,CHC,NL,134,569,528,58,154,106,33,1,14,65,4,4,35,100,.292,.339,.438,.777,115,231,18,4,0,2,4,0.2,0.4,-0.2,9.11,0.9,3.77,1.08,*6/H,castrst01
812,Cameron Maybin,2011,24,SDP,NL,137,568,516,82,136,95,24,8,9,40,40,8,44,125,.264,.323,.393,.716,103,203,6,2,4,2,2,0.8,0.7,0.1,9.03,0.9,6.60,1.01,*8/H,maybica01
813,Neil Walker,2015,29,PIT,NL,151,603,543,69,146,95,32,3,16,71,4,1,44,110,.269,.328,.427,.756,106,232,9,8,0,8,5,0.3,0.8,-0.5,9.02,0.9,8.37,1.01,*4H,walkene01
814,Adrian Beltré,2015,36,TEX,AL,143,619,567,83,163,109,32,4,18,83,1,0,41,65,.287,.334,.453,.788,110,257,18,3,0,8,4,1.5,1.2,0.4,9.01,0.9,11.12,0.96,*5/D,beltrad01
815,José Vidro,2007,32,SEA,AL,147,625,548,78,172,140,26,0,6,59,0,0,63,57,.314,.381,.394,.775,109,216,21,1,5,8,5,0.8,1.0,-0.1,9.01,0.9,6.99,0.96,*D34H,vidrojo01
816,Mike Cameron,2007,34,SDP,NL,151,651,571,88,138,78,33,6,21,78,18,5,67,160,.242,.328,.431,.759,104,246,9,8,2,3,1,0.2,0.4,-0.2,9.00,0.9,1.91,1.04,*8/H,camermi01
817,Adam Jones,2011,25,BAL,AL,151,618,567,68,159,106,26,2,25,83,12,4,29,113,.280,.319,.466,.785,111,264,16,9,1,12,2,0.8,1.5,-0.8,8.92,0.9,15.73,1.04,*8/DH,jonesad01
818,Chris Carter,2013,26,HOU,AL,148,585,506,64,113,58,24,2,29,82,2,0,70,212,.223,.320,.451,.770,112,228,8,4,0,5,1,-0.4,0.8,-1.3,8.92,0.9,12.13,1.04,37D/H9,cartech02
819,Torii Hunter,2015,39,MIN,AL,139,567,521,67,125,81,22,0,22,81,2,5,35,105,.240,.293,.409,.702,91,213,14,6,0,5,1,1.0,-0.3,1.3,8.90,0.9,-4.22,0.94,*9D/H,hunteto01
820,Álex Ríos,2013,32,CHWTEX,AL,156,662,616,83,171,116,33,4,18,81,42,7,41,108,.278,.324,.432,.756,104,266,17,2,0,2,2,0.3,1.2,-1.0,8.89,0.9,12.00,1.07,*9/8H,riosal01
821,Jonny Gomes,2010,29,CIN,NL,148,571,511,77,136,91,24,3,18,86,5,3,39,123,.266,.327,.431,.758,101,220,4,12,0,9,3,0.4,0.8,-0.5,8.87,0.9,10.78,1.09,*7H/D,gomesjo01
822,Martín Prado,2009,25,ATL,NL,128,503,450,64,138,89,38,0,11,49,1,3,36,59,.307,.358,.464,.822,117,209,17,2,11,4,1,0.8,1.3,-0.6,8.86,0.9,9.23,1.07,453H/9D,pradoma01
823,David DeJesus,2009,29,KCR,AL,144,627,558,74,157,107,28,9,13,71,4,9,51,87,.281,.347,.434,.781,107,242,10,8,5,5,0,0.2,0.5,-0.3,8.85,0.8,6.24,0.98,*7/89H,dejesda01
824,Kole Calhoun,2015,27,LAA,AL,159,686,630,78,161,110,23,2,26,83,4,1,45,164,.256,.308,.422,.731,104,266,6,5,2,4,1,1.7,0.7,1.0,8.84,0.9,4.06,0.96,*9/H3D,calhoko01
825,Alex Gordon,2008,24,KCR,AL,134,571,493,72,128,76,35,1,16,59,9,2,66,120,.260,.351,.432,.783,109,213,8,6,1,5,5,0.0,0.7,-0.7,8.84,0.8,5.36,0.96,*5/D,gordoal01
826,Casey Kotchman,2011,28,TBR,AL,146,563,500,44,153,117,24,2,10,48,2,2,48,66,.306,.378,.422,.800,127,211,13,12,0,3,5,1.1,2.0,-0.8,8.83,0.9,19.87,0.92,*3/H,kotchca01
827,Pedro Álvarez,2013,26,PIT,NL,152,614,558,70,130,70,22,2,36,100,2,0,48,186,.233,.296,.473,.770,115,264,16,4,0,4,7,1.2,2.4,-1.3,8.81,0.9,19.89,1.09,*5/HD,alvarpe01
828,James Loney,2011,27,LAD,NL,158,582,531,56,153,110,30,1,12,65,4,0,42,67,.288,.339,.416,.755,111,221,8,1,3,5,7,1.0,0.8,0.1,8.79,0.9,10.55,0.98,*3H/D,loneyja01
829,Kevin Kouzmanoff,2007,25,SDP,NL,145,534,484,57,133,83,30,2,18,74,1,0,32,94,.275,.329,.457,.786,110,221,9,10,2,6,2,0.5,0.3,0.2,8.78,0.9,3.56,1.00,*5H,kouzmke01
830,Prince Fielder,2006,22,MIL,NL,157,648,569,82,154,90,35,1,28,81,7,2,59,125,.271,.347,.483,.831,110,275,17,12,0,8,5,0.5,1.5,-1.0,8.78,0.8,14.71,0.99,*3/HD,fieldpr01
831,Ian Kinsler,2007,25,TEX,AL,130,566,483,96,127,83,22,2,20,61,23,2,62,83,.263,.355,.441,.796,108,213,14,9,8,4,2,0.8,0.4,0.4,8.73,0.8,7.64,1.01,*4/H,kinslia01
832,Kevin Millar,2007,35,BAL,AL,140,562,476,63,121,77,26,1,17,63,1,1,76,94,.254,.365,.420,.785,106,200,8,8,0,2,2,-0.6,0.1,-0.7,8.64,0.8,4.36,1.06,3D/H7,millake01
833,Robinson Canó,2007,24,NYY,AL,160,669,617,93,189,122,41,7,19,97,4,5,39,85,.306,.353,.488,.841,119,301,19,8,1,4,5,-0.1,0.9,-1.0,8.61,0.8,12.38,0.96,*4/H,canoro01
834,Dexter Fowler,2015,29,CHC,NL,156,690,596,102,149,95,29,8,17,46,20,7,84,154,.250,.346,.411,.757,109,245,4,5,2,3,1,1.2,1.8,-0.6,8.59,0.9,19.18,0.97,*8/H,fowlede01
835,Paul Lo Duca,2006,34,NYM,NL,124,551,512,80,163,118,39,1,5,49,3,0,24,38,.318,.355,.428,.783,102,219,15,6,7,2,0,0.9,1.0,0.0,8.58,0.8,7.00,0.94,*2/HD,loducpa01
836,Matt Wieters,2011,25,BAL,AL,139,551,500,72,131,81,28,0,22,68,1,0,48,84,.262,.328,.450,.778,110,225,16,2,0,1,3,0.0,0.8,-0.8,8.57,0.8,6.29,1.03,*2/HD3,wietema01
837,Brandon Crawford,2014,27,SFG,NL,153,564,491,54,121,81,20,10,10,69,5,3,59,129,.246,.324,.389,.713,104,191,4,2,2,10,10,0.7,0.5,0.2,8.55,0.9,4.09,1.04,*6/H,crawfbr01
838,Pedro Feliz,2009,34,PHI,NL,158,625,580,62,154,110,30,2,12,82,0,1,35,68,.266,.308,.386,.694,82,224,12,3,2,5,3,0.6,0.0,0.6,8.54,0.8,-1.69,0.90,*5/H6,felizpe01
839,Ángel Pagán,2011,29,NYM,NL,123,532,478,68,125,90,24,4,7,56,32,7,44,62,.262,.322,.372,.694,94,178,4,1,4,5,4,0.5,-0.1,0.6,8.53,0.9,0.65,1.09,*8/H,paganan01
840,Odúbel Herrera,2015,23,PHI,NL,147,537,495,64,147,106,30,3,8,41,16,8,28,129,.297,.344,.418,.762,111,207,6,8,5,1,0,-0.1,0.9,-0.9,8.53,0.9,8.12,0.95,*8H,herreod01
841,Ryan Howard,2014,34,PHI,NL,153,648,569,65,127,85,18,1,23,95,0,0,67,190,.223,.310,.380,.690,92,216,10,7,0,5,7,0.5,-0.2,0.6,8.52,0.9,0.72,1.16,*3/HD,howarry01
842,Scott Hatteberg,2006,36,CIN,NL,141,539,456,62,132,91,28,0,13,51,2,2,74,41,.289,.389,.436,.826,109,199,13,3,2,4,3,0.0,1.0,-1.0,8.39,0.8,10.62,0.97,*3H,hattesc01
843,Ichiro Suzuki,2010,36,SEA,AL,162,732,680,74,214,175,30,3,6,43,42,9,45,86,.315,.359,.394,.754,113,268,3,3,3,1,13,0.2,0.6,-0.4,8.37,0.8,5.71,1.00,*9/D,suzukic01
844,Brett Gardner,2014,30,NYY,AL,148,636,555,87,142,92,25,8,17,58,21,5,56,134,.256,.327,.422,.749,111,234,3,6,13,6,0,1.0,0.6,0.4,8.33,0.8,7.04,0.96,*78/H9D,gardnbr01
845,Yonder Alonso,2012,25,SDP,NL,155,619,549,47,150,102,39,0,9,62,3,0,62,101,.273,.348,.393,.741,110,216,14,3,1,4,9,0.7,0.3,0.4,8.27,0.9,3.59,1.03,*3/H,alonsyo01
846,Christian Yelich,2015,23,MIA,NL,126,525,476,63,143,104,30,2,7,44,16,5,47,101,.300,.366,.416,.782,118,198,13,2,0,0,2,0.9,1.1,-0.2,8.25,0.8,12.87,0.97,*78/H,yelicch01
847,Marcus Giles,2006,28,ATL,NL,141,626,550,87,144,99,32,2,11,60,10,5,62,105,.262,.341,.387,.729,87,213,12,6,5,3,0,2.3,0.1,2.2,8.17,0.8,-1.39,1.01,*4/H,gilesma01
848,Lyle Overbay,2010,33,TOR,AL,154,608,534,75,130,71,37,2,20,67,1,0,67,131,.243,.329,.433,.762,105,231,9,3,0,3,7,1.0,0.2,0.8,8.15,0.8,6.66,0.90,*3/H,overbly01
849,Cody Ross,2009,28,FLA,NL,151,604,559,73,151,89,37,1,24,90,5,2,34,122,.270,.321,.469,.790,104,262,18,9,0,2,1,0.7,0.5,0.2,8.09,0.8,4.79,1.05,*89/1H,rossco01
850,Mark DeRosa,2006,31,TEX,AL,136,572,520,78,154,99,40,2,13,74,4,4,44,102,.296,.357,.456,.812,108,237,13,6,0,2,1,0.0,0.4,-0.4,8.04,0.7,5.51,0.97,954/67D3,derosma01
851,Torii Hunter,2014,38,DET,AL,142,586,549,71,157,105,33,2,17,83,4,3,23,89,.286,.319,.446,.765,114,245,18,7,0,7,0,-0.9,1.4,-2.4,8.04,0.8,12.55,0.94,*9/DH,hunteto01
852,DJ LeMahieu,2015,26,COL,NL,150,620,564,85,170,138,21,5,6,61,23,3,50,107,.301,.358,.388,.746,92,219,20,1,3,2,4,0.7,0.5,0.2,8.01,0.7,5.58,0.97,*4/H,lemahdj01
853,Fred Lewis,2008,27,SFG,NL,133,521,468,81,132,87,25,11,9,40,21,7,51,124,.282,.351,.440,.791,105,206,5,0,0,2,3,1.6,1.0,0.6,7.94,0.7,7.63,0.98,*7H8/9,lewisfr02
854,Ryan Garko,2008,27,CLE,AL,141,563,495,61,135,99,21,1,14,90,0,0,45,86,.273,.346,.404,.750,101,200,10,15,0,8,1,0.1,-0.3,0.4,7.91,0.8,-3.52,1.01,*3D/H,garkory01
855,Albert Pujols,2015,35,LAA,AL,157,661,602,85,147,85,22,0,40,95,5,3,50,72,.244,.307,.480,.787,118,289,15,6,0,3,10,0.4,1.8,-1.3,7.90,0.8,21.18,0.99,3D/5,pujolal01
856,Lorenzo Cain,2014,28,KCR,AL,133,502,471,55,142,104,29,4,5,53,28,5,24,108,.301,.339,.412,.751,109,194,9,4,0,3,2,-0.5,0.5,-1.0,7.88,0.8,5.23,1.08,*89/HD,cainlo01
857,Ben Zobrist,2013,32,TBR,AL,157,698,612,77,168,117,36,3,12,71,11,3,72,91,.275,.354,.402,.756,112,246,18,7,1,6,4,1.6,1.1,0.5,7.88,0.8,10.01,0.99,*496/7D8H,zobribe01
858,Ben Zobrist,2014,33,TBR,AL,146,654,570,83,155,108,34,3,10,52,10,5,75,84,.272,.354,.395,.749,116,225,8,1,2,6,4,0.8,1.4,-0.6,7.87,0.8,16.62,1.00,4769/D8H,zobribe01
859,J.D. Drew,2007,31,BOS,AL,140,552,466,84,126,81,30,4,11,64,4,2,79,100,.270,.373,.423,.796,105,197,12,1,0,6,10,0.8,0.8,0.0,7.85,0.7,8.55,1.03,*9H/8D,drewj.01
860,David DeJesus,2012,32,CHC,NL,148,582,506,76,133,88,28,8,9,50,7,8,61,89,.263,.350,.403,.753,104,204,9,9,2,4,1,-0.1,1.2,-1.3,7.78,0.8,12.06,1.02,*98H/7,dejesda01
861,Eric Byrnes,2007,31,ARI,NL,160,699,626,103,179,120,30,8,21,83,50,7,57,98,.286,.353,.460,.813,103,288,12,10,1,4,5,1.3,0.8,0.5,7.78,0.7,7.41,0.97,*798,byrneer01
862,Matt Murton,2006,24,CHC,NL,144,508,455,70,135,97,22,3,13,62,5,2,45,62,.297,.365,.444,.809,104,202,16,5,1,2,1,1.4,0.7,0.7,7.78,0.7,5.55,0.97,*7H,murtoma01
863,Jon Jay,2013,28,STL,NL,157,628,548,75,151,115,27,2,7,67,10,5,52,103,.276,.351,.370,.721,100,203,13,14,9,5,7,1.1,0.6,0.6,7.74,0.8,7.93,0.93,*8/H,jayjo02
864,Tony Graffanino,2006,34,KCRMIL,ALNL,129,511,456,68,125,82,33,3,7,59,5,4,45,68,.274,.345,.406,.751,92,185,10,5,4,1,1,0.4,-0.1,0.5,7.67,0.7,0.49,1.01,4536/HD,graffto01
865,James Loney,2010,26,LAD,NL,161,648,588,67,157,104,41,2,10,88,10,5,52,95,.267,.329,.395,.723,98,232,14,4,0,4,9,-0.3,-0.7,0.3,7.63,0.8,-4.03,1.01,*3/H,loneyja01
866,Adam Kennedy,2009,33,OAK,AL,129,587,529,65,153,112,29,1,11,63,20,6,45,86,.289,.348,.410,.758,101,217,8,4,5,3,2,0.6,1.1,-0.4,7.55,0.7,7.13,0.94,54/H39,kennead01
867,Magglio Ordóñez,2009,35,DET,AL,131,518,465,54,144,109,24,2,9,50,3,1,51,65,.310,.376,.428,.804,111,199,19,0,0,2,2,0.5,0.1,0.4,7.54,0.7,3.64,0.98,9D/H,ordonma01
868,Cody Ross,2008,27,FLA,NL,145,506,461,59,120,64,29,5,22,73,6,1,33,116,.260,.316,.488,.804,107,225,5,7,0,5,2,1.6,1.7,-0.2,7.40,0.7,15.79,1.01,*89H7/D,rossco01
869,David DeJesus,2007,27,KCR,AL,157,703,605,101,157,112,29,9,7,58,10,4,64,83,.260,.351,.372,.722,91,225,10,23,7,4,7,0.2,0.3,0.0,7.40,0.7,0.89,0.94,*8/H,dejesda01
870,Yan Gomes,2014,26,CLE,AL,135,518,485,61,135,86,25,3,21,74,0,0,24,120,.278,.313,.472,.785,117,229,13,3,0,6,3,0.4,0.5,-0.1,7.39,0.7,9.39,1.13,*2/DH,gomesya01
871,David Freese,2014,31,LAA,AL,134,511,462,53,120,84,25,1,10,55,1,3,38,124,.260,.321,.383,.704,104,177,10,6,0,5,0,-0.7,0.2,-0.9,7.35,0.8,2.44,1.00,*5D/H,freesda01
872,Marlon Byrd,2009,31,TEX,AL,146,599,547,66,155,90,43,2,20,89,8,4,32,98,.283,.329,.479,.808,106,262,11,10,0,10,2,0.9,0.5,0.5,7.30,0.7,5.09,0.91,*87/9H,byrdma01
873,Jacoby Ellsbury,2009,25,BOS,AL,153,693,624,94,188,143,27,10,8,60,70,12,49,74,.301,.355,.415,.770,98,259,13,6,6,6,3,-0.4,0.9,-1.3,7.23,0.7,9.30,0.97,*8/H,ellsbja01
874,José López,2008,24,SEA,AL,159,687,644,80,191,132,41,1,17,89,6,3,27,67,.297,.322,.443,.764,104,285,14,1,6,9,5,1.1,0.3,0.8,7.21,0.7,4.85,1.06,*43/DH,lopezjo01
875,Brandon Phillips,2015,34,CIN,NL,148,623,588,69,173,140,19,2,12,70,23,3,27,68,.294,.328,.395,.723,97,232,13,4,1,3,1,0.0,0.3,-0.3,7.18,0.7,4.93,1.03,*4/H6,phillbr01
876,Melky Cabrera,2006,21,NYY,AL,130,524,460,75,129,94,26,2,7,50,12,5,56,59,.280,.360,.391,.752,95,180,9,2,5,1,3,0.9,0.3,0.6,7.16,0.7,1.84,0.99,*7/9H8,cabreme01
877,Carlos Delgado,2007,35,NYM,NL,139,607,538,71,139,85,30,0,24,87,4,0,52,118,.258,.333,.448,.781,102,241,12,11,0,6,8,2.0,0.7,1.4,7.15,0.7,3.58,0.99,*3/D,delgaca01
878,Evan Longoria,2008,22,TBR,AL,122,508,448,67,122,62,31,2,27,85,7,0,46,122,.272,.343,.531,.874,127,238,8,6,0,8,4,0.7,1.6,-0.9,7.14,0.7,14.96,1.03,*5/6DH,longoev01
879,Torii Hunter,2008,32,LAA,AL,146,608,551,85,153,93,37,2,21,78,19,5,50,108,.278,.344,.466,.810,111,257,15,6,0,1,6,0.7,1.0,-0.3,7.11,0.7,6.95,1.08,*8/D,hunteto01
880,Francisco Cervelli,2015,29,PIT,NL,130,510,451,56,133,104,17,5,7,43,1,1,46,94,.295,.370,.401,.771,113,181,12,8,4,1,1,1.1,0.7,0.3,7.07,0.7,6.97,1.04,*2/HD,cervefr01
881,Justin Morneau,2013,32,MINPIT,ALNL,152,635,572,62,148,95,36,0,17,77,0,0,50,110,.259,.323,.411,.734,102,235,12,7,0,6,4,0.5,-0.5,0.9,7.07,0.6,0.16,1.07,*3D/H,morneju01
882,Adam Dunn,2013,33,CHW,AL,149,607,525,60,115,66,15,0,34,86,1,1,76,189,.219,.320,.442,.762,105,232,2,3,0,3,7,-0.5,0.9,-1.4,7.06,0.7,13.44,1.11,D3/7H,dunnad01
883,Carlos Santana,2012,26,CLE,AL,143,609,507,72,128,81,27,2,18,76,3,5,91,101,.252,.365,.420,.785,121,213,21,3,0,8,4,1.2,0.5,0.7,7.01,0.7,13.22,1.02,2D3/7H,santaca01
884,Michael Cuddyer,2009,30,MIN,AL,153,650,588,93,162,89,34,7,32,94,6,1,54,118,.276,.342,.520,.862,125,306,22,6,0,2,3,0.7,1.2,-0.5,6.96,0.7,15.66,1.01,*93/8DH4,cuddymi01
885,Juan Rivera,2009,30,LAA,AL,138,572,529,72,152,102,24,1,25,88,0,1,36,57,.287,.332,.478,.810,111,253,19,2,0,5,1,0.8,1.1,-0.3,6.93,0.7,7.96,0.98,*7D/9,riverju01
886,Gaby Sánchez,2011,27,FLA,NL,159,661,572,72,152,98,35,0,19,78,3,1,74,97,.266,.352,.427,.779,113,244,18,6,2,7,4,-0.9,1.3,-2.1,6.91,0.7,17.95,1.12,*3/HD,sanchga01
887,Michael Cuddyer,2011,32,MIN,AL,139,584,529,70,150,99,29,2,20,70,11,1,48,95,.284,.346,.459,.805,120,243,18,4,0,3,3,0.0,0.8,-0.8,6.87,0.7,11.07,1.01,934/D1,cuddymi01
888,Chris Johnson,2012,27,ARIHOU,NL,136,528,488,48,137,89,28,5,15,76,5,1,31,132,.281,.326,.451,.777,108,220,18,4,1,4,2,-2.3,0.0,-2.1,6.82,0.7,1.88,1.07,*5/H39,johnsch05
889,Eric Hosmer,2011,21,KCR,AL,128,563,523,66,153,104,27,3,19,78,11,5,34,82,.293,.334,.465,.799,118,243,13,1,0,5,7,1.8,0.5,1.1,6.79,0.7,5.74,1.13,*3/H,hosmeer01
890,Khris Davis,2014,26,MIL,NL,144,549,501,70,122,61,37,2,22,69,4,1,32,122,.244,.299,.457,.756,106,229,13,10,0,6,0,1.6,1.1,0.5,6.71,0.7,9.91,1.01,*7H,daviskh01
891,Denard Span,2010,26,MIN,AL,153,705,629,85,166,129,24,10,3,58,26,4,60,74,.264,.331,.348,.679,88,219,12,4,10,2,0,-0.2,-0.4,0.1,6.57,0.6,-4.58,0.97,*8,spande01
892,Kenny Lofton,2007,40,CLETEX,AL,136,559,490,86,145,107,25,6,7,38,23,7,56,51,.296,.367,.414,.781,105,203,6,2,6,5,1,0.5,0.9,-0.4,6.56,0.6,8.23,1.00,*87H/D,loftoke01
893,Alfonso Soriano,2007,31,CHC,NL,135,617,579,97,173,93,42,5,33,70,19,6,31,130,.299,.337,.560,.897,122,324,9,4,0,3,4,0.9,1.5,-0.6,6.56,0.6,14.64,0.96,*78/4H,soriaal01
894,Derek Norris,2015,26,SDP,NL,147,557,515,65,129,80,33,2,14,62,4,1,35,131,.250,.305,.404,.709,97,208,5,6,0,1,1,0.4,-0.1,0.5,6.49,0.7,1.43,0.99,*23H/D,norride01
895,Casey Blake,2008,34,CLELAD,ALNL,152,601,536,71,147,89,36,1,21,81,3,0,49,120,.274,.345,.463,.808,113,248,12,11,1,4,11,0.0,1.0,-0.9,6.44,0.6,8.08,0.96,*53/H46,blakeca01
896,José Reyes,2007,24,NYM,NL,160,765,681,119,191,131,36,12,12,57,78,21,77,78,.280,.354,.421,.775,102,287,6,1,5,1,13,0.6,1.1,-0.5,6.43,0.6,10.41,1.01,*6,reyesjo01
897,Evan Longoria,2015,29,TBR,AL,160,670,604,74,163,106,35,1,21,73,3,1,51,132,.270,.328,.435,.764,112,263,11,6,0,9,8,0.3,0.5,-0.2,6.42,0.6,7.39,1.07,*5D/H,longoev01
898,Kevin Millar,2006,34,BAL,AL,132,503,430,64,117,76,26,0,15,64,1,1,59,74,.272,.374,.437,.811,111,188,14,12,0,2,3,0.6,0.1,0.4,6.34,0.6,3.19,1.02,3D/H,millake01
899,Alejandro De Aza,2012,28,CHW,AL,131,585,524,81,147,103,29,6,9,50,26,12,47,109,.281,.349,.410,.760,105,215,1,9,4,1,3,0.3,0.5,-0.2,6.28,0.6,4.64,0.98,*87/HD,deazaal01
900,Paul Konerko,2007,31,CHW,AL,151,636,549,71,142,77,34,0,31,90,0,1,78,102,.259,.351,.490,.841,116,269,21,3,0,6,9,1.6,1.3,0.3,6.27,0.6,16.10,1.03,*3D,konerpa01
901,Álex Ríos,2008,27,TOR,AL,155,687,635,91,185,115,47,8,15,79,32,8,44,112,.291,.337,.461,.798,113,293,20,2,0,5,2,-0.2,0.8,-0.9,6.26,0.6,7.43,1.03,*98/DH,riosal01
902,Austin Jackson,2010,23,DET,AL,151,675,618,103,181,133,34,10,4,41,27,6,47,170,.293,.345,.400,.745,102,247,5,4,3,3,4,0.8,0.6,0.2,6.23,0.6,4.52,0.97,*8/H,jacksau01
903,Erick Aybar,2014,30,LAA,AL,156,642,589,77,164,123,30,4,7,68,16,9,36,62,.278,.321,.379,.700,103,223,10,5,3,8,4,0.4,0.1,0.2,6.22,0.6,1.43,0.96,*6/H,aybarer01
904,Todd Frazier,2015,29,CIN,NL,157,678,619,82,158,79,43,1,35,89,13,8,44,137,.255,.309,.498,.806,117,308,19,7,1,7,3,0.1,1.5,-1.4,6.16,0.6,18.14,1.10,*5/H,frazito01
905,B.J. Upton,2012,27,TBR,AL,146,633,573,79,141,81,29,3,28,78,31,6,45,169,.246,.298,.454,.752,108,260,13,1,4,8,0,-0.2,0.5,-0.7,6.02,0.6,4.55,1.03,*8/DH,uptonbj01
906,Brian Giles,2007,36,SDP,NL,121,552,483,72,131,89,27,2,13,51,4,6,64,61,.271,.361,.416,.777,110,201,8,4,0,1,5,0.3,0.2,0.1,6.01,0.6,4.80,0.97,*9/8H,gilesbr02
907,Iván Rodríguez,2006,34,DET,AL,136,580,547,74,164,119,28,4,13,69,8,3,26,86,.300,.332,.437,.769,97,239,16,1,4,2,4,-1.3,0.0,-1.3,6.01,0.6,2.04,0.95,*2/3DH4,rodriiv01
908,Chad Tracy,2006,26,ARI,NL,154,662,597,91,168,107,41,0,20,80,5,1,54,129,.281,.343,.451,.794,98,269,11,5,1,5,5,-0.5,0.0,-0.6,5.97,0.5,4.24,0.98,*5/3HD,tracych01
909,Alex Gordon,2013,29,KCR,AL,156,700,633,90,168,115,27,6,20,81,11,3,52,141,.265,.327,.422,.749,103,267,4,9,0,6,7,0.4,0.3,0.0,5.97,0.6,5.59,1.09,*7/H,gordoal01
910,Ben Zobrist,2010,29,TBR,AL,151,655,541,77,129,89,28,2,10,75,24,3,92,107,.238,.346,.353,.699,96,191,10,3,7,12,1,-1.2,0.4,-1.5,5.96,0.6,8.74,1.04,*9438/H57,zobribe01
911,B.J. Upton,2010,25,TBR,AL,154,610,536,89,127,67,38,4,18,62,42,9,67,164,.237,.322,.424,.745,106,227,13,2,1,4,1,-0.4,0.4,-0.8,5.93,0.6,2.73,1.02,*8/H,uptonbj01
912,Chris Coghlan,2015,30,CHC,NL,148,503,440,64,110,63,25,6,16,41,11,2,58,94,.250,.341,.443,.784,115,195,8,3,1,1,6,0.4,0.7,-0.2,5.92,0.6,9.71,0.96,*7H94/35,coghlch01
913,Denard Span,2013,29,WSN,NL,153,662,610,75,170,127,28,11,4,47,20,6,42,77,.279,.327,.380,.707,94,232,11,2,7,1,0,0.0,0.4,-0.3,5.92,0.6,5.26,0.93,*8/H,spande01
914,Elvis Andrus,2012,23,TEX,AL,158,711,629,85,180,137,31,9,3,62,21,10,57,96,.286,.349,.378,.727,94,238,15,5,17,3,0,1.1,0.4,0.9,5.86,0.6,3.42,0.89,*6/DH,andruel01
915,Plácido Polanco,2010,34,PHI,NL,132,602,554,76,165,130,27,2,6,52,5,0,32,47,.298,.339,.386,.726,94,214,14,7,1,8,1,2.1,0.4,2.0,5.82,0.6,1.38,0.90,*54/H,polanpl01
916,Mark Teahen,2007,25,KCR,AL,144,608,544,78,155,109,31,8,7,60,13,5,55,127,.285,.353,.410,.763,101,223,23,3,4,2,8,-0.3,0.0,-0.3,5.78,0.5,-1.24,1.01,*9/38H,teahema01
917,Johnny Damon,2010,36,DET,AL,145,613,539,81,146,97,36,5,8,51,11,1,69,90,.271,.355,.401,.756,105,216,5,2,2,1,2,1.2,1.0,0.1,5.75,0.6,10.53,1.10,D7H/8,damonjo01
918,Austin Jackson,2013,26,DET,AL,129,614,552,99,150,101,30,7,12,49,8,4,52,129,.272,.337,.417,.754,104,230,12,4,3,3,0,-0.4,0.9,-1.3,5.75,0.6,8.90,0.95,*8,jacksau01
919,Justin Upton,2010,22,ARI,NL,133,571,495,73,135,88,27,3,17,69,18,8,64,152,.273,.356,.442,.799,110,219,20,4,1,7,5,1.0,1.6,-0.6,5.75,0.6,13.66,1.00,*9/HD,uptonju01
920,Dan Uggla,2011,31,ATL,NL,161,672,600,88,140,81,22,1,36,82,1,3,62,156,.233,.311,.453,.764,107,272,9,7,0,3,2,0.4,-0.2,0.5,5.59,0.6,4.37,1.04,*4/H,ugglada01
921,Adam Jones,2009,23,BAL,AL,119,519,473,83,131,87,22,3,19,70,10,4,36,93,.277,.335,.457,.792,105,216,13,7,0,3,3,0.9,0.1,0.7,5.56,0.5,4.26,1.02,*8/H,jonesad01
922,Tadahito Iguchi,2006,31,CHW,AL,138,627,555,97,156,114,24,0,18,67,11,5,59,110,.281,.352,.422,.774,97,234,7,3,8,2,0,0.5,0.6,-0.1,5.55,0.5,3.00,0.94,*4/HD,iguchta01
923,B.J. Upton,2008,23,TBR,AL,145,640,531,85,145,97,37,2,9,67,44,16,97,134,.273,.383,.401,.784,108,213,13,2,3,7,4,0.6,0.4,0.3,5.54,0.5,5.26,1.01,*8/HD,uptonbj01
924,Jhonny Peralta,2011,29,DET,AL,146,576,525,68,157,108,25,3,21,86,0,2,40,95,.299,.345,.478,.824,122,251,17,2,0,9,2,0.3,1.3,-1.0,5.53,0.5,11.66,0.98,*6/H3,peraljh01
925,Dioner Navarro,2014,30,TOR,AL,139,520,481,40,132,98,22,0,12,69,3,0,32,76,.274,.317,.395,.712,101,190,12,1,0,6,1,0.9,0.1,0.7,5.52,0.6,-1.23,0.99,*2DH,navardi01
926,Ian Kinsler,2014,32,DET,AL,161,726,684,100,188,127,40,4,17,92,15,4,29,79,.275,.307,.420,.727,103,287,20,5,3,5,1,1.2,0.7,0.5,5.50,0.6,5.67,0.95,*4/H,kinslia01
927,Andre Ethier,2007,25,LAD,NL,153,507,447,50,127,80,32,2,13,64,0,4,46,68,.284,.350,.452,.802,105,202,10,4,0,8,12,0.3,0.4,-0.1,5.48,0.5,4.57,1.00,*97H,ethiean01
928,José Reyes,2010,27,NYM,NL,133,603,563,83,159,109,29,10,11,54,30,10,31,63,.282,.321,.428,.749,103,241,8,2,4,3,4,-0.1,0.8,-0.9,5.48,0.5,6.42,1.03,*6/H,reyesjo01
929,Brennan Boesch,2010,25,DET,AL,133,512,464,49,119,76,26,3,14,67,7,1,40,99,.256,.320,.416,.736,98,193,5,5,0,3,5,-0.8,0.0,-0.8,5.47,0.5,2.55,1.08,*97D/H,boescbr01
930,Victor Martinez,2013,34,DET,AL,159,668,605,68,182,132,36,0,14,83,0,2,54,62,.301,.355,.430,.785,113,260,23,1,0,8,10,0.5,0.4,0.1,5.46,0.5,7.34,0.99,*D3/H2,martivi01
931,Joc Pederson,2015,23,LAD,NL,151,585,480,67,101,55,19,1,26,54,4,7,92,170,.210,.346,.417,.763,113,200,5,9,2,2,6,0.3,1.8,-1.4,5.45,0.6,18.37,0.90,*8H,pederjo01
932,Stephen Drew,2009,26,ARI,NL,135,595,533,71,139,86,29,12,12,65,5,1,49,87,.261,.320,.428,.748,92,228,4,1,5,7,7,0.7,0.3,0.4,5.44,0.5,2.73,1.01,*6/HD,drewst01
933,Michael Young,2008,31,TEX,AL,155,708,645,102,183,133,36,2,12,82,10,0,55,109,.284,.339,.402,.741,95,259,19,2,0,6,0,0.1,0.4,-0.3,5.37,0.5,0.43,0.97,*6/DH,youngmi02
934,Melvin Mora,2006,34,BAL,AL,155,705,624,96,171,130,25,0,16,83,11,1,54,99,.274,.342,.391,.733,91,244,9,14,6,7,1,2.0,0.0,2.1,5.35,0.5,-1.77,0.99,*5/4D,morame01
935,Martín Prado,2013,29,ARI,NL,155,664,609,70,172,120,36,2,14,82,3,5,47,53,.282,.333,.417,.750,105,254,29,2,0,6,2,0.3,0.9,-0.7,5.33,0.5,9.75,1.12,*547/H6,pradoma01
936,Adrian Beltré,2006,27,SEA,AL,156,681,620,88,166,98,39,4,25,89,11,5,47,118,.268,.328,.465,.792,105,288,15,10,1,3,4,0.5,0.4,0.1,5.33,0.5,0.80,1.04,*5/4D,beltrad01
937,Adam Jones,2015,29,BAL,AL,137,581,546,74,147,92,25,3,27,82,3,1,24,102,.269,.308,.474,.782,110,259,21,8,0,3,3,-0.5,0.9,-1.3,5.31,0.5,9.70,1.00,*8/D,jonesad01
938,Hideki Matsui,2011,37,OAK,AL,141,585,517,58,130,90,28,0,12,72,1,1,56,84,.251,.321,.375,.696,93,194,10,1,0,9,3,-0.4,-0.3,-0.1,5.31,0.5,-4.15,0.99,*D7/H,matsuhi01
939,Eric Hosmer,2014,24,KCR,AL,131,547,503,54,136,91,35,1,9,58,4,2,35,93,.270,.318,.398,.716,99,200,12,3,0,6,4,0.2,0.0,0.1,5.29,0.5,0.28,0.97,*3/H,hosmeer01
940,Brandon Phillips,2007,26,CIN,NL,158,702,650,107,187,125,26,6,30,94,32,8,33,109,.288,.331,.485,.816,105,315,26,12,2,5,4,1.0,0.9,0.0,5.28,0.5,13.59,1.04,*4/H6,phillbr01
941,Desmond Jennings,2013,26,TBR,AL,139,602,527,82,133,82,31,6,14,54,20,8,64,115,.252,.334,.414,.748,109,218,6,3,3,5,0,0.8,0.8,0.0,5.24,0.5,8.09,0.97,*8/HD,jennide01
942,Mike Cameron,2009,36,MIL,NL,149,628,544,78,136,77,32,3,24,70,7,3,75,156,.250,.342,.452,.795,110,246,12,4,0,5,3,-0.7,0.8,-1.5,5.21,0.5,11.75,1.00,*8/H,camermi01
943,Jhonny Peralta,2010,28,CLEDET,AL,148,615,551,60,137,90,30,2,15,81,1,0,53,103,.249,.311,.392,.703,93,216,11,1,0,10,2,-1.0,0.2,-1.1,5.19,0.5,1.12,1.06,56/D3H,peraljh01
944,Marlon Byrd,2015,37,CINSFG,NL,135,544,506,58,125,72,25,5,23,73,2,1,29,145,.247,.290,.453,.743,100,229,10,4,0,5,2,-0.6,0.7,-1.2,5.16,0.5,8.32,1.12,*79/8HD,byrdma01
945,Manny Machado,2013,20,BAL,AL,156,710,667,88,189,121,51,3,14,71,6,7,29,113,.283,.314,.432,.746,102,288,15,2,9,3,0,0.7,0.7,0.0,5.09,0.5,4.78,0.98,*5,machama01
946,Carlos Lee,2012,36,HOUMIA,NL,147,615,550,53,145,108,27,1,9,77,3,0,58,49,.264,.332,.365,.697,89,201,13,1,0,6,4,0.6,-0.1,0.6,5.05,0.5,-1.56,1.08,*3/DH,leeca01
947,Miguel Montero,2014,30,ARI,NL,136,560,489,40,119,83,23,0,13,72,0,4,56,97,.243,.329,.370,.699,95,181,12,9,0,6,11,1.0,0.3,0.6,5.05,0.5,4.03,1.16,*2/HD,montemi01
948,Johnny Giavotella,2015,27,LAA,AL,129,502,453,51,123,89,25,5,4,49,2,1,32,59,.272,.318,.375,.694,96,170,7,2,9,6,0,1.5,-0.3,1.8,5.01,0.5,-2.05,1.05,*4/H6,giavojo01
949,Casey Kotchman,2008,25,ATLLAA,ALNL,143,573,525,65,143,100,28,1,14,74,2,1,36,39,.272,.328,.410,.738,94,215,18,9,0,3,5,0.5,0.1,0.4,4.97,0.5,2.37,1.01,*3/H,kotchca01
950,Gerardo Parra,2015,28,BALMIL,ALNL,155,589,547,83,159,104,36,5,14,51,14,4,28,92,.291,.328,.452,.780,111,247,8,5,4,5,3,-0.8,0.3,-1.1,4.89,0.5,4.27,0.96,*978H,parrage01
951,David Wright,2014,31,NYM,NL,134,586,535,54,144,105,30,1,8,63,8,5,42,113,.269,.324,.374,.698,101,200,22,4,0,5,5,0.3,0.2,0.1,4.89,0.5,2.52,0.98,*5/H,wrighda03
952,Marco Scutaro,2013,37,SFG,NL,127,547,488,57,145,117,23,3,2,31,2,0,45,34,.297,.357,.369,.726,109,180,13,2,9,3,0,0.8,1.0,-0.2,4.87,0.5,8.02,1.01,*4/DH,scutama01
953,Casey McGehee,2014,31,MIA,NL,160,691,616,56,177,143,29,1,4,76,4,2,67,102,.287,.355,.357,.712,101,220,31,1,0,7,3,2.0,0.1,1.5,4.85,0.5,2.15,1.17,*5/DH,mcgehca01
954,Mark Trumbo,2013,27,LAA,AL,159,678,620,85,145,79,30,2,34,100,5,2,54,184,.234,.294,.453,.747,109,281,18,0,0,4,6,0.4,0.9,-0.5,4.84,0.5,12.71,1.04,*39D/75,trumbma01
955,Mike Lowell,2006,32,BOS,AL,153,631,573,79,163,95,47,1,20,80,2,2,47,61,.284,.339,.475,.814,104,272,22,4,0,7,5,0.2,0.7,-0.5,4.81,0.4,7.52,1.05,*5/H,lowelmi01
956,Plácido Polanco,2009,33,DET,AL,153,676,618,82,176,131,31,4,10,72,7,2,36,46,.285,.331,.396,.727,90,245,15,9,7,5,2,1.0,-0.1,1.1,4.79,0.4,-1.32,0.96,*4/H,polanpl01
957,Kenny Lofton,2006,39,LAD,NL,129,522,469,79,141,111,15,12,3,41,32,5,45,42,.301,.360,.403,.763,95,189,16,0,6,2,1,1.0,0.4,0.5,4.76,0.4,4.54,1.04,*8/HD,loftoke01
958,Kevin Youkilis,2012,33,BOSCHW,AL,122,509,438,72,103,67,15,2,19,60,0,0,51,108,.235,.336,.409,.745,101,179,10,17,0,3,2,0.6,0.1,0.5,4.73,0.5,2.00,0.98,*53/H,youklke01
959,Edwin Encarnación,2008,25,CIN,NL,146,582,506,75,127,71,29,1,26,68,1,0,61,102,.251,.340,.466,.807,108,236,13,10,0,5,1,1.1,1.3,-0.2,4.72,0.4,13.48,1.05,*5/H,encared01
960,Carlos Peña,2012,34,TBR,AL,160,600,497,72,98,60,17,2,19,61,2,3,87,182,.197,.330,.354,.684,93,176,10,13,0,3,2,0.4,-0.6,1.0,4.71,0.5,-4.49,1.04,*3H/D,penaca01
961,Lyle Overbay,2008,31,TOR,AL,158,630,544,74,147,98,32,2,15,69,1,2,74,116,.270,.358,.419,.777,109,228,24,3,1,5,3,-0.8,0.3,-1.0,4.70,0.5,3.80,1.02,*3/H,overbly01
962,Hanley Ramírez,2012,28,LADMIA,NL,157,667,604,79,155,98,29,4,24,92,21,7,54,132,.257,.322,.437,.759,105,264,17,6,0,3,4,0.8,0.4,0.4,4.63,0.5,6.09,1.10,56/DH,ramirha01
963,Mark Trumbo,2011,25,LAA,AL,149,573,539,65,137,76,31,1,29,87,9,4,25,120,.254,.291,.477,.768,114,257,17,5,0,4,6,0.4,0.5,-0.1,4.61,0.5,3.48,0.95,*39/H7,trumbma01
964,Troy Glaus,2006,29,TOR,AL,153,634,540,105,136,71,27,0,38,104,3,2,86,134,.252,.355,.513,.868,122,277,25,3,0,5,6,-0.8,1.5,-2.4,4.56,0.4,14.89,0.99,*5/6HD,glaustr01
965,Erick Aybar,2011,27,LAA,AL,143,605,556,71,155,104,33,8,10,59,30,6,31,68,.279,.322,.421,.743,110,234,13,6,9,3,1,-0.4,0.6,-1.0,4.56,0.5,6.27,0.99,*6/H,aybarer01
966,Dexter Fowler,2009,23,COL,NL,135,518,433,73,115,72,29,10,4,34,27,10,67,116,.266,.363,.406,.770,94,176,4,1,14,3,1,-0.3,0.8,-1.1,4.56,0.4,9.23,0.99,*8H,fowlede01
967,Ken Griffey Jr.,2008,38,CHWCIN,ALNL,143,575,490,67,122,73,30,1,18,71,0,1,78,89,.249,.353,.424,.778,102,208,13,3,0,4,14,0.5,0.1,0.4,4.55,0.4,4.12,1.00,*98D/H,griffke02
968,Aaron Rowand,2009,31,SFG,NL,144,546,499,61,130,83,30,2,15,64,4,1,30,125,.261,.319,.419,.738,92,209,12,14,0,3,2,-0.4,-0.3,-0.1,4.40,0.4,-0.93,1.01,*8/H,rowanaa01
969,Ryan Howard,2015,35,PHI,NL,129,503,467,53,107,54,29,1,23,77,0,0,27,138,.229,.277,.443,.720,96,207,11,5,0,3,2,-0.1,0.2,-0.3,4.39,0.4,-0.10,1.06,*3H/D,howarry01
970,Álex Ríos,2010,29,CHW,AL,147,617,567,89,161,108,29,3,21,88,34,14,38,93,.284,.334,.457,.791,111,259,21,7,0,5,4,2.1,1.5,0.6,4.33,0.4,11.60,1.03,*8/DH7,riosal01
971,Mike Moustakas,2012,23,KCR,AL,149,614,563,69,136,81,34,1,20,73,5,2,39,124,.242,.296,.412,.708,91,232,4,7,0,5,4,-0.5,-0.2,-0.2,4.30,0.4,-0.91,1.03,*5,moustmi01
972,Chase Headley,2013,29,SDP,NL,141,600,520,59,130,80,35,2,13,50,8,4,67,142,.250,.347,.400,.747,116,208,9,11,0,2,7,-0.3,1.6,-1.9,4.26,0.5,20.44,0.99,*5/H,headlch01
973,Kelly Johnson,2011,29,ARITOR,ALNL,147,613,545,75,121,66,27,7,21,58,16,6,60,163,.222,.304,.413,.717,93,225,3,4,4,0,2,1.2,-0.2,1.4,4.20,0.4,1.05,1.04,*4/H,johnske05
974,Evan Gattis,2015,28,HOU,AL,153,604,566,66,139,81,20,11,27,88,0,1,30,119,.246,.285,.463,.748,104,262,13,3,0,5,3,-0.5,0.9,-1.4,4.16,0.4,8.33,1.06,*D7/H,gattiev01
975,Luke Scott,2008,30,BAL,AL,148,536,475,67,122,68,29,2,23,65,2,2,53,102,.257,.336,.472,.807,111,224,7,5,0,3,10,0.1,0.8,-0.8,4.15,0.4,10.00,1.00,7DH,scottlu01
976,Craig Monroe,2006,29,DET,AL,147,585,541,89,138,73,35,2,28,92,2,2,37,126,.255,.301,.482,.783,99,261,14,1,0,6,3,1.3,0.1,1.2,4.14,0.4,2.15,1.00,*7D/8H,monrocr01
977,Ryan Garko,2007,26,CLE,AL,138,541,484,62,140,89,29,1,21,61,0,1,34,94,.289,.359,.483,.842,119,234,12,20,0,3,1,1.0,0.7,0.3,4.06,0.4,5.56,1.05,*3H/D,garkory01
978,Brandon Inge,2006,29,DET,AL,159,601,542,83,137,79,29,2,27,83,7,4,43,128,.253,.313,.463,.776,98,251,12,7,4,5,2,-0.1,0.5,-0.5,3.99,0.4,6.21,0.92,*5,ingebr01
979,Jeremy Hermida,2008,24,FLA,NL,142,559,502,74,125,83,22,3,17,61,6,1,48,138,.249,.323,.406,.729,90,204,12,7,1,1,5,1.3,0.1,1.2,3.89,0.4,3.76,0.99,*9H,hermije01
980,Brock Holt,2015,27,BOS,AL,129,509,454,56,127,92,27,6,2,45,8,1,46,97,.280,.349,.379,.727,96,172,7,3,4,2,0,-1.2,0.0,-1.2,3.89,0.4,2.59,0.93,45976/3H8D,holtbr01
981,J.J. Hardy,2011,28,BAL,AL,129,567,527,76,142,85,27,0,30,80,0,0,31,92,.269,.310,.491,.801,114,259,10,2,2,5,3,0.2,0.2,0.0,3.84,0.4,2.90,1.05,*6,hardyjj01
982,Luis Gonzalez,2007,39,LAD,NL,139,526,464,70,129,89,23,2,15,68,6,2,56,56,.278,.359,.433,.793,104,201,11,4,0,2,4,-0.4,0.6,-0.9,3.75,0.4,6.34,1.07,*7H/D,gonzalu01
983,Torii Hunter,2011,35,LAA,AL,156,649,580,80,152,103,24,2,23,82,5,7,62,125,.262,.336,.429,.765,116,249,24,4,0,3,2,0.9,0.9,0.0,3.71,0.4,11.67,1.02,*9D/8,hunteto01
984,Nick Markakis,2011,27,BAL,AL,160,716,641,72,182,135,31,1,15,73,12,3,62,75,.284,.351,.406,.756,106,260,16,7,0,6,6,0.1,0.7,-0.6,3.70,0.4,7.38,0.99,*9/3D,markani01
985,Ryan Zimmerman,2007,22,WSN,NL,162,722,653,99,174,102,43,5,24,91,4,1,61,125,.266,.330,.458,.788,107,299,26,3,0,5,3,0.8,0.5,0.3,3.67,0.4,4.94,1.00,*5/D,zimmery01
986,Alberto Callaspo,2011,28,LAA,AL,141,536,475,54,137,108,23,0,6,46,8,1,58,48,.288,.366,.375,.740,112,178,11,1,0,2,8,0.1,0.4,-0.2,3.63,0.4,3.89,1.01,*5H,callaal01
987,Akinori Iwamura,2008,29,TBR,AL,152,707,627,91,172,127,30,9,6,48,8,6,70,131,.274,.349,.380,.729,93,238,2,4,3,3,3,0.4,-0.2,0.6,3.62,0.3,-1.52,0.99,*4,iwamuak01
988,Dan Uggla,2007,27,FLA,NL,159,728,632,113,155,72,49,3,31,88,2,1,68,167,.245,.326,.479,.805,108,303,10,13,4,11,0,-0.2,0.9,-1.1,3.62,0.3,11.19,0.96,*4/DH,ugglada01
989,Michael Bourn,2013,30,CLE,AL,130,575,525,75,138,105,21,6,6,50,23,12,40,132,.263,.316,.360,.676,91,189,2,2,5,3,0,0.2,-0.9,1.0,3.57,0.4,-7.89,1.01,*8/HD,bournmi01
990,Ronnie Belliard,2007,32,WSN,NL,147,557,511,57,148,101,35,1,11,58,3,0,34,72,.290,.332,.427,.759,100,218,12,1,6,5,1,0.0,-0.1,0.1,3.56,0.3,-0.39,1.07,*4H/365D,belliro01
991,Eric Byrnes,2006,30,ARI,NL,143,606,562,82,150,84,37,3,26,79,25,3,34,88,.267,.313,.482,.795,96,271,12,5,2,3,2,-0.5,0.9,-1.3,3.55,0.3,7.94,1.03,*879/H,byrneer01
992,Gregory Polanco,2015,23,PIT,NL,153,652,593,83,152,102,35,6,9,52,27,10,55,121,.256,.320,.381,.701,92,226,5,1,1,2,6,1.3,0.3,0.9,3.47,0.4,0.07,1.04,*9H/78,polangr01
993,Elvis Andrus,2013,24,TEX,AL,156,698,620,91,168,143,17,4,4,67,42,8,52,97,.271,.328,.331,.659,82,205,19,4,16,6,1,0.8,-0.3,1.0,3.44,0.3,-2.34,1.05,*6D/H,andruel01
994,Billy Burns,2015,25,OAK,AL,125,555,520,70,153,121,18,9,5,42,26,8,26,81,.294,.334,.392,.726,102,204,5,6,1,2,1,0.4,-0.2,0.5,3.43,0.3,-1.56,1.10,*8/H,burnsbi02
995,Cliff Pennington,2011,27,OAK,AL,148,570,515,57,136,100,26,2,8,58,14,9,42,104,.264,.319,.369,.687,90,190,5,1,8,4,1,-0.3,-0.5,0.1,3.42,0.3,-7.23,0.94,*6/HD,pennicl01
996,Justin Morneau,2012,31,MIN,AL,134,570,505,63,135,88,26,2,19,77,1,0,49,102,.267,.333,.440,.773,113,222,19,6,0,10,8,0.5,0.9,-0.4,3.33,0.3,7.51,1.15,3D/H,morneju01
997,Jose Altuve,2012,22,HOU,NL,147,630,576,80,167,122,34,4,7,37,33,11,40,74,.290,.340,.399,.740,101,230,8,6,4,4,0,-0.6,0.7,-1.2,3.26,0.3,5.14,0.97,*4/H,altuvjo01
998,Omar Infante,2010,28,ATL,NL,134,506,471,65,151,125,15,3,8,47,7,6,29,62,.321,.359,.416,.775,111,196,14,0,4,2,1,0.5,0.9,-0.4,3.19,0.3,7.66,0.99,4567H/9,infanom01
999,Aramis Ramírez,2014,36,MIL,NL,133,531,494,47,141,102,23,1,15,66,3,0,21,75,.285,.330,.427,.757,108,211,18,13,0,3,2,0.7,0.8,-0.1,3.18,0.3,7.71,1.03,*5/DH,ramirar01
1000,Álex Rodríguez,2012,36,NYY,AL,122,529,463,74,126,90,17,1,18,57,13,1,51,116,.272,.353,.430,.783,111,199,13,10,0,5,3,0.3,0.7,-0.4,3.18,0.3,8.39,1.02,5D/H,rodrial01
1001,Shin-Soo Choo,2014,31,TEX,AL,123,529,455,58,110,77,19,1,13,40,3,4,58,131,.242,.340,.374,.714,100,170,9,12,0,4,3,-0.2,0.1,-0.4,3.18,0.3,0.39,0.90,7D9/H,choosh01
1002,Denard Span,2012,28,MIN,AL,128,568,516,71,146,100,38,4,4,41,17,6,47,62,.283,.342,.395,.738,104,204,10,0,4,1,0,-0.5,-0.1,-0.4,3.13,0.3,-2.06,1.04,*8/HD,spande01
1003,Xavier Nady,2006,27,NYMPIT,NL,130,512,468,57,131,85,28,1,17,63,3,3,30,85,.280,.337,.453,.790,102,212,12,11,2,1,7,-0.1,0.3,-0.4,3.00,0.3,2.24,1.09,93/H,nadyxa01
1004,Jermaine Dye,2009,35,CHW,AL,141,574,503,78,126,79,19,1,27,81,0,2,64,108,.250,.340,.453,.793,102,228,15,5,0,2,2,-1.3,0.1,-1.4,2.96,0.3,6.82,0.99,*9/DH,dyeje01
1005,David Eckstein,2009,34,SDP,NL,136,568,503,64,131,100,27,2,2,51,3,1,39,46,.260,.323,.334,.657,82,168,8,9,13,4,1,1.2,-0.5,1.7,2.96,0.3,-8.18,1.04,*4/H,eckstda01
1006,Aubrey Huff,2007,30,BAL,AL,151,603,550,68,154,100,34,5,15,72,1,1,48,87,.280,.337,.442,.778,103,243,13,1,0,4,2,0.0,0.5,-0.6,2.93,0.3,2.76,1.10,D35/H,huffau01
1007,Kyle Seager,2015,27,SEA,AL,161,686,623,85,166,103,37,0,26,74,6,6,54,98,.266,.328,.451,.779,117,281,17,5,0,4,6,-0.5,0.7,-1.2,2.88,0.3,5.67,1.05,*5/6H,seageky01
1008,Billy Butler,2015,29,OAK,AL,151,601,538,63,135,91,28,1,15,65,0,0,52,101,.251,.323,.390,.713,98,210,26,7,0,4,4,-1.6,-0.4,-1.2,2.81,0.3,-3.88,1.01,*D/H3,butlebi03
1009,Troy Tulowitzki,2015,30,COLTOR,ALNL,128,534,486,77,136,92,27,0,17,70,1,0,38,114,.280,.337,.440,.777,101,214,17,6,0,4,5,0.2,0.3,-0.2,2.78,0.2,4.64,0.96,*6/HD,tulowtr01
1010,Jack Wilson,2007,29,PIT,NL,135,535,477,67,141,98,29,2,12,56,2,5,38,46,.296,.350,.440,.791,106,210,8,6,7,7,9,-1.7,-0.2,-1.6,2.78,0.3,3.42,0.96,*6/H,wilsoja02
1011,Mark Reynolds,2010,26,ARI,NL,145,596,499,79,99,48,17,2,32,85,7,4,83,211,.198,.320,.433,.753,97,216,8,9,0,5,7,-0.7,0.4,-1.1,2.76,0.3,7.60,1.00,*5/3H,reynoma01
1012,Michael Cuddyer,2010,31,MIN,AL,157,675,609,93,165,109,37,5,14,81,7,3,58,93,.271,.336,.417,.753,107,254,26,4,0,4,7,-0.7,-0.2,-0.5,2.73,0.3,4.22,1.01,395/84H,cuddymi01
1013,Justin Smoak,2013,26,SEA,AL,131,521,454,53,108,69,19,0,20,50,0,0,64,119,.238,.334,.412,.746,113,187,11,2,0,1,1,0.8,1.0,-0.2,2.70,0.3,13.65,0.96,*3/DH,smoakju01
1014,Brian Dozier,2013,26,MIN,AL,147,623,558,72,136,81,33,4,18,66,14,7,51,120,.244,.312,.414,.726,98,231,14,6,3,4,0,1.3,-0.3,1.6,2.67,0.3,-3.28,1.04,*4/H,doziebr01
1015,Luis Castillo,2009,33,NYM,NL,142,580,486,77,147,131,12,3,1,40,20,6,69,58,.302,.387,.346,.732,99,168,15,1,19,5,3,0.0,0.4,-0.4,2.59,0.3,3.88,1.02,*4/H,castilu01
1016,Kevin Kouzmanoff,2008,26,SDP,NL,154,668,624,71,162,104,31,4,23,84,0,0,23,139,.260,.299,.433,.732,101,270,14,15,0,6,3,-1.6,-0.4,-1.0,2.55,0.3,-0.17,1.13,*5,kouzmke01
1017,Luis Gonzalez,2006,38,ARI,NL,153,668,586,93,159,90,52,2,15,73,0,1,69,58,.271,.352,.444,.795,99,260,14,7,0,6,10,0.2,0.6,-0.4,2.49,0.2,5.04,0.98,*7/HD,gonzalu01
1018,Peter Bourjos,2011,24,LAA,AL,147,552,502,72,136,87,26,11,12,43,22,9,32,124,.271,.327,.438,.765,116,220,7,10,7,1,0,-0.6,0.5,-1.1,2.47,0.3,8.44,1.00,*8/H,bourjpe01
1019,Dustin Ackley,2014,26,SEA,AL,143,542,502,64,123,78,27,4,14,65,8,4,32,90,.245,.293,.398,.692,99,200,10,3,3,2,1,0.0,-0.3,0.3,2.45,0.3,-2.09,0.97,*7H/D,ackledu01
1020,Adam LaRoche,2013,33,WSN,NL,152,590,511,70,121,79,19,3,20,62,4,1,72,131,.237,.332,.403,.735,101,206,13,3,0,4,10,0.2,0.2,0.0,2.43,0.2,-0.07,0.99,*3/HD,larocad01
1021,Carlos Santana,2015,29,CLE,AL,154,666,550,72,127,77,29,2,19,85,11,3,108,122,.231,.357,.395,.752,102,217,20,3,0,5,8,-0.6,0.2,-0.8,2.41,0.2,4.19,0.97,*3D/H,santaca01
1022,Michael A. Taylor,2015,24,WSN,NL,138,511,472,49,108,77,15,2,14,63,16,3,35,158,.229,.282,.358,.640,73,169,5,1,1,2,9,0.8,-0.8,1.6,2.40,0.2,-5.95,0.96,*87H/9,taylomi02
1023,Ike Davis,2012,25,NYM,NL,156,584,519,66,118,60,26,0,32,90,0,2,61,141,.227,.308,.462,.771,111,240,10,1,0,3,3,0.8,0.0,0.8,2.36,0.2,5.24,1.03,*3H,davisik02
1024,Alexei Ramírez,2014,32,CHW,AL,158,657,622,82,170,118,35,2,15,74,21,4,24,81,.273,.305,.408,.713,103,254,21,6,1,4,0,0.2,-0.3,0.5,2.34,0.2,-3.33,1.04,*6/H,ramiral03
1025,Kurt Suzuki,2009,25,OAK,AL,147,614,570,74,156,103,37,1,15,88,8,2,28,59,.274,.313,.421,.734,93,240,14,8,1,7,0,-1.2,0.0,-1.2,2.33,0.2,0.73,1.04,*2D/H,suzukku01
1026,Cristian Guzmán,2009,31,WSN,NL,135,555,531,74,151,114,24,7,6,52,4,5,16,75,.284,.306,.390,.696,83,207,9,1,6,1,0,-0.2,-0.4,0.2,2.32,0.2,-1.18,1.11,*6H/D,guzmacr01
1027,Hunter Pence,2008,25,HOU,NL,157,642,595,78,160,97,34,4,25,83,11,10,40,124,.269,.318,.466,.783,106,277,14,4,0,3,2,0.2,0.2,0.0,2.30,0.2,5.42,0.98,*9/H,pencehu01
1028,Chase Headley,2009,25,SDP,NL,156,612,543,62,142,97,31,2,12,64,10,2,62,133,.262,.342,.392,.734,102,213,19,5,0,2,3,1.0,0.4,0.6,2.29,0.2,4.87,1.04,*75H/D3,headlch01
1029,Rickie Weeks,2007,24,MIL,NL,118,506,409,87,96,53,21,6,16,36,25,2,78,116,.235,.374,.433,.807,108,177,3,14,3,2,5,0.2,1.9,-1.6,2.27,0.2,17.16,0.94,*4/H,weeksri01
1030,Logan Forsythe,2015,28,TBR,AL,153,615,540,69,152,100,33,2,17,68,9,4,55,111,.281,.359,.444,.804,124,240,12,14,0,6,2,1.1,1.4,-0.4,2.24,0.2,14.26,1.12,*43/5DH,forsylo01
1031,Ian Desmond,2010,24,WSN,NL,154,574,525,59,141,100,27,4,10,65,17,5,28,109,.269,.308,.392,.700,89,206,9,5,9,7,3,-1.2,0.1,-1.3,2.22,0.2,1.45,0.99,*6H/9,desmoia01
1032,Dee Strange-Gordon,2014,26,LAD,NL,148,650,609,92,176,138,24,12,2,34,64,19,31,107,.289,.326,.378,.704,101,230,3,4,3,3,0,1.0,0.7,0.3,2.21,0.2,5.73,0.97,*4/H,gordode01
1033,Rickie Weeks,2008,25,MIL,NL,129,560,475,89,111,68,22,7,14,46,19,5,66,115,.234,.342,.398,.740,96,189,5,14,1,4,0,1.6,0.5,1.1,2.19,0.2,4.20,1.03,*4/H,weeksri01
1034,Ben Revere,2014,26,PHI,NL,151,626,601,71,184,162,13,7,2,28,49,8,13,49,.306,.325,.361,.686,92,217,11,4,7,1,1,-0.8,-0.1,-0.7,2.16,0.2,-1.01,1.09,*8H,reverbe01
1035,Scott Podsednik,2010,34,KCRLAD,ALNL,134,595,539,63,160,133,14,7,6,51,35,15,40,83,.297,.342,.382,.724,99,206,10,0,10,6,1,-0.5,-0.4,-0.1,2.13,0.2,-3.03,1.05,*7/8HD,podsesc01
1036,Grégor Blanco,2008,24,ATL,NL,144,519,430,52,108,89,14,4,1,38,13,5,74,99,.251,.366,.309,.676,82,133,3,6,6,3,2,-0.4,0.2,-0.6,2.13,0.2,0.06,0.96,*78H/9,blancgr01
1037,Alberto Callaspo,2013,30,LAAOAK,AL,136,516,453,52,117,87,20,0,10,58,0,2,53,47,.258,.333,.369,.702,99,167,12,1,3,6,2,-0.3,-0.1,-0.2,2.12,0.2,2.83,0.94,54D/H,callaal01
1038,Martín Prado,2014,30,ARINYY,ALNL,143,573,536,62,151,109,26,4,12,58,3,1,26,80,.282,.321,.412,.733,104,221,20,7,0,4,0,-1.0,0.3,-1.2,2.11,0.2,1.81,1.04,*54/9H7,pradoma01
1039,Michael Saunders,2012,25,SEA,AL,139,553,507,71,125,72,31,3,19,57,21,4,43,132,.247,.306,.432,.738,108,219,6,1,1,1,0,-0.3,0.1,-0.4,2.11,0.2,3.36,0.99,*87/H9,saundmi01
1040,Randy Winn,2009,35,SFG,NL,149,597,538,65,141,101,33,5,2,51,16,2,47,93,.262,.318,.353,.671,76,190,6,1,3,8,2,1.0,-1.1,2.1,1.98,0.2,-11.36,0.98,*978/HD,winnra01
1041,Leonys Martín,2013,25,TEX,AL,147,508,457,66,119,84,21,6,8,49,36,9,28,104,.260,.313,.385,.698,90,176,6,8,12,3,0,-0.6,-0.2,-0.3,1.95,0.2,-5.26,1.04,*89H/7D,martile01
1042,Billy Butler,2014,28,KCR,AL,151,603,549,57,149,108,32,0,9,66,0,0,41,96,.271,.323,.379,.702,96,208,21,5,0,8,3,0.0,-0.7,0.8,1.95,0.2,-6.61,0.98,D3/H,butlebi03
1043,Plácido Polanco,2008,32,DET,AL,141,629,580,90,178,133,34,3,8,58,7,1,35,43,.307,.350,.417,.768,102,242,14,6,4,4,2,0.0,0.4,-0.4,1.90,0.2,-0.33,1.05,*4/H,polanpl01
1044,B.J. Upton,2011,26,TBR,AL,153,640,560,82,136,82,27,4,23,81,36,12,71,161,.243,.331,.429,.759,114,240,16,4,2,3,4,0.8,0.6,0.2,1.86,0.2,8.31,0.98,*8/H,uptonbj01
1045,Jeff Francoeur,2011,27,KCR,AL,153,656,601,77,171,100,47,4,20,87,22,10,37,123,.285,.329,.476,.805,119,286,17,8,0,10,3,-0.4,0.8,-1.1,1.85,0.2,8.96,1.13,*9/H,francje02
1046,Yangervis Solarte,2014,26,NYYSDP,ALNL,131,535,469,56,122,92,19,1,10,48,0,1,53,58,.260,.336,.369,.705,103,173,13,4,3,6,1,0.6,0.3,0.3,1.84,0.1,3.87,1.00,*54/67H,solarya01
1047,Cameron Maybin,2015,28,ATL,NL,141,555,505,65,135,105,18,2,10,59,23,6,45,102,.267,.327,.370,.697,94,187,16,1,1,3,1,-0.6,-0.1,-0.5,1.79,0.2,1.33,0.98,*8/H,maybica01
1048,A.J. Ellis,2012,31,LAD,NL,133,505,423,44,114,80,20,1,13,52,0,0,65,107,.270,.373,.414,.786,118,175,17,7,6,4,11,-0.9,0.8,-1.6,1.73,0.2,7.33,1.12,*2/H,ellisaj01
1049,James Loney,2014,30,TBR,AL,155,651,600,59,174,138,27,0,9,69,4,0,41,80,.290,.336,.380,.716,106,228,21,4,0,6,2,0.2,0.1,0.2,1.70,0.2,0.30,1.01,*3/DH,loneyja01
1050,Chase Headley,2014,30,NYYSDP,ALNL,135,531,470,55,114,80,20,1,13,49,7,3,51,122,.243,.328,.372,.700,102,175,17,9,0,1,1,-0.1,0.3,-0.4,1.69,0.2,2.52,1.05,*5/3HD,headlch01
1051,Raúl Ibañez,2011,39,PHI,NL,144,575,535,65,131,79,31,1,20,84,2,0,33,106,.245,.289,.419,.707,91,224,13,2,0,5,3,-1.0,0.5,-1.5,1.62,0.2,6.32,0.99,*7H/D,ibanera01
1052,Bengie Molina,2008,33,SFG,NL,145,569,530,46,155,106,33,0,16,95,0,0,19,38,.292,.322,.445,.767,98,236,23,9,0,11,5,0.4,0.2,0.1,1.55,0.1,1.98,1.12,*2H/D,molinbe01
1053,Jhonny Peralta,2008,26,CLE,AL,154,664,605,104,167,98,42,4,23,89,3,1,48,126,.276,.331,.473,.804,113,286,26,4,2,5,2,0.1,1.0,-0.9,1.53,0.1,9.58,0.99,*6/DH5,peraljh01
1054,Adam Lind,2011,27,TOR,AL,125,542,499,56,125,83,16,0,26,87,1,1,32,107,.251,.295,.439,.734,95,219,12,3,0,8,4,0.1,0.0,0.1,1.52,0.1,-1.04,1.14,*3D,lindad01
1055,Joe Crede,2006,28,CHW,AL,150,586,544,76,154,93,31,0,30,94,0,2,28,58,.283,.323,.506,.828,107,275,18,7,0,7,1,0.0,1.1,-1.1,1.47,0.1,7.27,0.99,*5/H,credejo01
1056,Nick Swisher,2013,32,CLE,AL,145,634,549,74,135,84,27,2,22,63,1,0,77,138,.246,.341,.423,.763,115,232,11,4,0,4,3,0.4,1.1,-0.7,1.38,0.1,9.64,0.94,*39D/H,swishni01
1057,Derrek Lee,2010,34,ATLCHC,NL,148,626,547,80,142,88,35,0,19,80,1,3,73,134,.260,.347,.428,.774,106,234,23,2,0,4,1,-1.3,0.3,-1.7,1.37,0.1,7.53,0.98,*3/DH,leede02
1058,Elvis Andrus,2011,22,TEX,AL,150,665,587,96,164,129,27,3,5,60,37,12,56,74,.279,.347,.361,.708,89,212,17,5,16,1,0,0.1,0.2,-0.1,1.35,0.1,2.79,0.92,*6/HD,andruel01
1059,Juan Rivera,2011,32,LADTOR,ALNL,132,521,466,46,120,85,23,1,11,74,5,3,43,76,.258,.319,.382,.701,92,178,16,3,0,9,1,0.1,-0.3,0.4,1.34,0.2,-2.57,1.06,73D9H,riverju01
1060,Cody Ross,2010,29,FLASFG,NL,153,569,525,71,141,96,28,3,14,65,9,2,37,121,.269,.322,.413,.735,95,217,9,5,0,2,4,-1.0,-0.2,-0.7,1.34,0.1,1.51,0.99,*897/H,rossco01
1061,Josh Barfield,2006,23,SDP,NL,150,578,539,72,151,103,32,3,13,58,21,5,30,81,.280,.318,.423,.741,96,228,8,2,2,5,7,0.0,0.0,0.0,1.28,0.1,-1.63,1.04,*4/H,barfijo02
1062,Dayán Viciedo,2012,23,CHW,AL,147,543,505,64,129,85,18,1,25,78,0,2,28,120,.255,.300,.444,.744,98,224,18,6,0,4,0,-0.2,-0.3,0.2,1.08,0.1,-0.58,1.01,*7D/H,vicieda01
1063,Aubrey Huff,2006,29,HOUTBD,ALNL,131,517,454,57,121,73,25,2,21,66,0,0,50,64,.267,.344,.469,.813,108,213,11,7,0,6,6,0.3,0.6,-0.3,1.03,0.1,6.31,1.01,59/H3D,huffau01
1064,Curtis Granderson,2006,25,DET,AL,159,679,596,90,155,96,31,9,19,68,8,5,66,174,.260,.335,.438,.773,98,261,4,4,7,6,0,0.9,0.5,0.5,1.02,0.1,3.90,0.90,*8/H,grandcu01
1065,Todd Walker,2006,33,CHCSDP,NL,138,504,442,56,123,90,22,2,9,53,2,1,55,38,.278,.356,.398,.754,94,176,8,1,1,5,2,0.0,0.0,0.0,1.01,0.1,0.17,0.97,435H/D,walketo04
1066,Brandon Phillips,2010,29,CIN,NL,155,687,626,100,172,116,33,5,18,59,16,12,46,83,.275,.332,.430,.762,102,269,14,8,6,1,1,-0.1,0.4,-0.5,1.00,0.1,2.57,0.96,*4/H,phillbr01
1067,Bengie Molina,2007,32,SFG,NL,134,517,497,38,137,98,19,1,19,81,0,0,15,53,.276,.298,.433,.731,86,215,13,2,1,2,2,-1.1,-0.7,-0.2,0.98,0.1,-8.72,1.17,*2/H,molinbe01
1068,Kevin Kiermaier,2015,25,TBR,AL,151,535,505,62,133,86,25,12,10,40,18,5,24,95,.263,.298,.420,.718,99,212,7,2,2,2,0,0.7,0.2,0.5,0.94,0.1,3.69,1.10,*8H/9,kiermke01
1069,Nick Markakis,2014,30,BAL,AL,155,710,642,81,177,135,27,1,14,50,4,2,62,84,.276,.342,.386,.729,104,248,10,4,0,2,4,0.0,0.0,0.0,0.92,0.1,2.57,0.97,*9/D3,markani01
1070,Jason Bay,2007,28,PIT,NL,145,614,538,78,133,85,25,2,21,84,4,1,59,141,.247,.327,.418,.746,94,225,8,9,0,8,3,-0.9,0.3,-1.1,0.87,0.1,1.69,1.03,*7/HD,bayja01
1071,Jimmy Rollins,2013,34,PHI,NL,160,666,600,65,151,107,36,2,6,39,22,6,59,93,.252,.318,.348,.667,86,209,12,1,3,3,6,0.2,-1.0,1.2,0.83,0.1,-9.19,1.01,*6/H,rolliji01
1072,Erick Aybar,2012,28,LAA,AL,141,554,517,67,150,106,31,5,8,45,20,4,22,61,.290,.324,.416,.740,107,215,11,5,7,2,1,1.4,0.4,1.1,0.73,0.1,1.05,0.93,*6/H,aybarer01
1073,Aramis Ramírez,2010,32,CHC,NL,124,507,465,61,112,65,21,1,25,83,0,0,34,90,.241,.294,.452,.745,95,210,10,3,0,5,3,-0.5,-0.4,-0.1,0.72,0.1,-2.62,1.02,*5/HD,ramirar01
1074,Juan Encarnación,2006,30,STL,NL,153,598,557,74,155,106,25,5,19,79,6,5,30,86,.278,.317,.443,.760,93,247,11,4,1,6,6,-0.4,0.0,-0.4,0.64,0.1,-2.58,0.99,*98H/7,encarju01
1075,Brian Dozier,2015,28,MIN,AL,157,704,628,101,148,77,39,4,28,77,12,4,61,148,.236,.307,.444,.751,104,279,10,7,0,8,2,0.4,-0.3,0.7,0.49,0.0,2.20,0.96,*4,doziebr01
1076,Reggie Willits,2007,26,LAA,AL,136,518,430,74,126,105,20,1,0,34,27,8,69,83,.293,.391,.344,.735,96,148,7,3,11,5,2,-0.2,-0.2,-0.1,0.49,0.0,-1.87,0.94,*798DH,willire03
1077,Howie Kendrick,2010,26,LAA,AL,158,658,616,67,172,117,41,4,10,75,14,4,28,94,.279,.313,.407,.721,99,251,16,5,4,5,2,-0.1,-0.9,0.8,0.47,0.0,-6.17,0.98,*43/H8,kendrho01
1078,Yunel Escobar,2008,25,ATL,NL,136,587,514,71,148,112,24,2,10,60,2,5,59,62,.288,.366,.401,.766,103,206,24,5,7,2,4,0.3,0.2,0.1,0.44,0.0,4.02,1.00,*6/H,escobyu01
1079,Desmond Jennings,2012,25,TBR,AL,132,563,505,85,124,85,19,7,13,47,31,2,46,120,.246,.314,.388,.702,96,196,7,5,6,1,1,-0.2,-0.2,0.0,0.38,0.0,-4.01,1.01,*78/H9,jennide01
1080,Carlos Beltrán,2015,38,NYY,AL,133,531,478,57,132,78,34,1,19,67,0,0,45,85,.276,.337,.471,.808,119,225,12,2,0,6,2,0.4,1.0,-0.6,0.28,0.0,8.46,1.01,*9/DH,beltrca01
1081,Mike Jacobs,2006,25,FLA,NL,136,520,469,54,123,65,37,1,20,77,3,0,45,105,.262,.325,.473,.798,106,222,16,1,0,5,2,1.1,0.8,0.3,0.26,0.0,6.76,1.00,*3H/D,jacobmi02
1082,Aramis Ramírez,2015,37,MILPIT,NL,137,516,475,43,117,68,31,1,17,75,1,0,31,68,.246,.297,.423,.720,95,201,23,5,0,5,3,-1.3,-0.4,-0.9,0.26,0.0,1.67,1.02,*5H/3D,ramirar01
1083,Kolten Wong,2015,24,STL,NL,150,613,557,71,146,103,28,4,11,61,15,8,36,95,.262,.321,.386,.707,93,215,10,15,0,5,2,1.1,0.0,1.1,0.18,0.0,-2.40,1.04,*4/H,wongko01
1084,Domonic Brown,2014,26,PHI,NL,144,512,473,47,111,78,22,1,10,63,7,1,34,91,.235,.285,.349,.634,77,165,9,1,0,4,4,-0.2,-1.0,0.8,0.13,0.0,-8.25,1.06,*7H/D,browndo01
1085,Nyjer Morgan,2009,28,PITWSN,NL,120,533,469,74,144,119,15,7,3,39,42,17,40,74,.307,.369,.388,.757,102,182,9,9,10,5,2,0.3,0.5,-0.3,0.13,0.0,5.58,1.04,*78/H,morgany01
1086,Brian McCann,2014,30,NYY,AL,140,538,495,57,115,76,15,1,23,75,0,0,32,77,.232,.286,.406,.692,94,201,16,7,0,4,1,-0.2,-0.1,-0.2,0.08,0.0,1.28,1.07,23HD,mccanbr01
1087,Brian McCann,2007,23,ATL,NL,139,552,504,51,136,80,38,0,18,92,0,1,35,74,.270,.320,.452,.772,99,228,19,5,2,6,7,0.0,-0.8,0.7,0.06,0.0,-6.73,1.03,*2/H,mccanbr01
1088,Casey Blake,2010,36,LAD,NL,146,571,509,56,126,80,28,1,17,64,0,4,48,138,.248,.320,.407,.727,98,207,8,8,3,3,3,-0.4,0.1,-0.5,0.05,0.0,2.76,1.04,*5/H3,blakeca01
1089,Melky Cabrera,2015,30,CHW,AL,158,683,629,70,172,122,36,2,12,77,3,0,40,88,.273,.314,.394,.709,98,248,18,2,2,10,2,-1.2,-0.6,-0.5,0.05,0.0,-5.80,1.06,*7/D,cabreme01
1090,Jason Kubel,2010,28,MIN,AL,143,582,518,68,129,82,23,3,21,92,0,1,56,116,.249,.323,.427,.750,105,221,16,3,0,5,5,0.2,-0.2,0.4,0.04,0.0,1.20,1.04,9D7/H,kubelja01
1091,Adam Lind,2010,26,TOR,AL,150,613,569,57,135,77,32,3,23,72,0,0,38,144,.237,.287,.425,.712,90,242,10,3,0,3,3,0.3,0.4,-0.1,0.04,0.0,4.36,0.90,*D73/H,lindad01
1092,José Bautista,2007,26,PIT,NL,142,614,532,75,135,82,36,2,15,63,6,3,68,101,.254,.339,.414,.753,96,220,16,4,4,6,1,-0.4,0.2,-0.6,0.02,0.0,3.34,0.96,*59/87H,bautijo02
1093,Rickie Weeks,2012,29,MIL,NL,157,677,588,85,135,81,29,4,21,63,16,3,74,169,.230,.328,.400,.728,93,235,9,13,0,2,2,0.2,0.6,-0.4,0.01,0.0,6.71,0.98,*4/HD,weeksri01
1094,Mark Ellis,2007,30,OAK,AL,150,642,583,84,161,106,33,3,19,76,9,4,44,94,.276,.336,.441,.777,109,257,10,10,2,3,1,-0.4,0.2,-0.5,-0.01,0.0,-1.19,1.08,*4/H,ellisma01
1095,Aaron Hill,2007,25,TOR,AL,160,657,608,87,177,111,47,2,17,78,4,3,41,102,.291,.333,.459,.792,107,279,21,0,3,5,1,-0.8,0.0,-0.8,-0.13,0.0,-4.20,1.03,*4/H,hillaa01
1096,Gary Matthews,2007,32,LAA,AL,140,579,516,79,130,83,26,3,18,72,18,4,55,102,.252,.323,.419,.742,93,216,12,2,0,6,6,-0.5,-0.1,-0.4,-0.18,0.0,-0.94,1.00,*8/DH,matthga02
1097,Daniel Murphy,2009,24,NYM,NL,155,556,508,60,135,81,38,4,12,63,4,2,38,69,.266,.313,.427,.741,96,217,13,0,4,6,4,-0.6,-0.2,-0.4,-0.27,0.0,-3.40,0.97,3H7,murphda08
1098,José Reyes,2015,32,COLTOR,ALNL,116,519,481,57,132,98,25,2,7,53,24,6,26,62,.274,.310,.378,.688,82,182,6,0,9,3,0,-0.2,-0.8,0.6,-0.36,0.0,-5.56,0.99,*6,reyesjo01
1099,Orlando Cabrera,2006,31,LAA,AL,153,675,607,95,171,116,45,1,9,72,27,3,51,58,.282,.335,.404,.738,91,245,12,3,3,11,0,0.9,0.7,0.2,-0.36,0.0,3.58,0.99,*6/H,cabreor01
1100,Chone Figgins,2006,28,LAA,AL,155,683,604,93,161,121,23,8,9,62,52,16,65,100,.267,.336,.376,.712,85,227,6,2,5,7,1,-0.5,-0.3,-0.2,-0.39,0.0,-4.73,1.00,*857/49DH6,figgich01
1101,Jay Payton,2006,33,OAK,AL,142,588,557,78,165,120,32,3,10,59,8,4,22,52,.296,.325,.418,.743,94,233,12,4,0,5,1,2.0,-0.5,2.4,-0.39,0.0,-7.50,1.03,*789/DH,paytoja01
1102,Jeff Francoeur,2006,22,ATL,NL,162,686,651,83,169,110,24,6,29,103,1,6,23,132,.260,.293,.449,.742,87,292,15,9,0,3,6,0.3,0.2,0.1,-0.43,0.0,-0.87,1.07,*9/8,francje02
1103,Ian Kinsler,2012,30,TEX,AL,157,731,655,105,168,102,42,5,19,72,21,9,60,90,.256,.326,.423,.749,97,277,14,10,1,5,0,-0.6,0.2,-0.8,-0.44,0.0,-1.67,0.92,*4D/5,kinslia01
1104,Austin Jackson,2015,28,CHCSEA,ALNL,136,527,491,56,131,94,25,3,9,48,17,10,29,126,.267,.311,.385,.696,95,189,5,3,3,1,0,0.2,-1.2,1.5,-0.48,-0.1,-7.64,1.00,*89H/7,jacksau01
1105,Felipe López,2006,26,CINWSN,NL,156,714,617,98,169,128,27,3,11,52,44,12,81,126,.274,.358,.381,.739,91,235,9,2,11,3,1,0.7,0.0,0.6,-0.51,-0.1,-3.21,1.04,*6/H,lopezfe01
1106,Brandon Phillips,2008,27,CIN,NL,141,609,559,80,146,94,24,7,21,78,23,10,39,93,.261,.312,.442,.754,94,247,13,5,0,6,6,-0.6,-0.4,-0.2,-0.60,-0.1,-3.83,1.03,*4/H,phillbr01
1107,Alexei Ramírez,2010,28,CHW,AL,156,626,585,83,165,116,29,2,18,70,13,8,27,82,.282,.313,.431,.744,99,252,12,2,7,5,2,-1.0,-0.6,-0.3,-0.63,-0.1,-3.16,1.03,*6/H,ramiral03
1108,Nick Markakis,2006,22,BAL,AL,147,542,491,72,143,100,25,2,16,62,2,0,43,72,.291,.351,.448,.799,106,220,15,3,3,2,3,0.7,0.1,0.5,-0.68,-0.1,-0.56,1.00,*97/8HD,markani01
1109,Torii Hunter,2006,30,MIN,AL,147,611,557,86,155,101,21,2,31,98,12,6,45,108,.278,.336,.490,.826,112,273,19,5,0,4,2,-0.8,1.1,-1.9,-0.69,-0.1,7.16,1.02,*8/D,hunteto01
1110,Jason Bartlett,2010,30,TBR,AL,135,532,468,71,119,85,27,3,4,47,11,6,45,83,.254,.324,.350,.675,89,164,6,5,11,3,1,-1.4,-0.8,-0.6,-0.69,-0.1,-6.88,0.97,*6H/D,bartlja01
1111,Howie Kendrick,2013,29,LAA,AL,122,513,478,55,142,104,21,4,13,54,6,3,23,89,.297,.335,.439,.775,118,210,16,6,3,3,5,-0.2,0.7,-0.9,-0.71,-0.1,6.22,1.08,*4/D7,kendrho01
1112,Rafael Furcal,2009,31,LAD,NL,150,680,613,92,165,123,28,5,9,47,12,6,61,89,.269,.335,.375,.711,92,230,11,1,3,2,2,0.2,0.2,0.0,-0.72,-0.1,-0.64,1.02,*6/H,furcara02
1113,A.J. Pierzynski,2013,36,TEX,AL,134,529,503,48,137,95,24,1,17,70,1,1,11,76,.272,.297,.425,.722,95,214,14,9,0,6,2,-0.7,-0.6,0.0,-0.76,-0.1,-0.84,1.06,*2DH,pierza.01
1114,Ryan Theriot,2008,28,CHC,NL,149,661,580,85,178,154,19,4,1,38,22,13,73,58,.307,.387,.359,.745,93,208,19,3,4,1,1,-0.2,0.4,-0.6,-0.77,-0.1,2.51,0.97,*6/H,theriry01
1115,Darwin Barney,2012,26,CHC,NL,156,588,548,73,139,102,26,4,7,44,6,1,33,58,.254,.299,.354,.653,76,194,11,3,3,1,1,0.4,-0.6,0.9,-0.78,-0.1,-8.33,1.00,*4/H6,barneda01
1116,Colby Rasmus,2011,24,STLTOR,ALNL,129,526,471,75,106,62,24,6,14,53,5,2,50,116,.225,.298,.391,.688,88,184,10,0,2,3,2,-1.0,-0.7,-0.3,-0.91,-0.1,-7.43,1.03,*8/H,rasmuco01
1117,Pablo Sandoval,2010,23,SFG,NL,152,616,563,61,151,101,34,3,13,63,3,2,47,81,.268,.323,.409,.732,99,230,26,1,0,5,12,-0.7,0.2,-0.9,-0.99,-0.1,0.61,1.00,*53/H,sandopa01
1118,Colby Rasmus,2009,22,STL,NL,147,520,474,72,119,79,22,2,16,52,3,1,36,95,.251,.307,.407,.714,89,193,5,3,5,2,3,0.0,-0.8,0.9,-1.01,-0.1,-8.31,0.98,*8H/79,rasmuco01
1119,Mitch Moreland,2013,27,TEX,AL,147,518,462,60,107,59,24,1,23,60,0,0,45,117,.232,.299,.437,.736,99,202,10,3,0,8,1,-1.5,0.8,-2.4,-1.01,-0.1,6.43,0.94,*3/H9,morelmi01
1120,Juan Uribe,2010,31,SFG,NL,148,575,521,64,129,79,24,2,24,85,1,2,45,92,.248,.310,.440,.749,102,229,20,4,0,5,6,0.2,0.0,0.2,-1.04,-0.1,-3.25,1.09,654/HD,uribeju01
1121,Jay Bruce,2014,27,CIN,NL,137,545,493,71,107,67,21,1,18,66,12,3,44,149,.217,.281,.373,.654,82,184,8,2,1,5,5,-0.9,-0.5,-0.4,-1.05,-0.1,-4.31,1.05,*9/H3,bruceja01
1122,Drew Stubbs,2011,26,CIN,NL,158,681,604,92,147,107,22,3,15,44,40,10,63,205,.243,.321,.364,.686,86,220,2,7,6,1,1,-1.3,0.5,-1.7,-1.10,-0.1,7.14,1.13,*8/H,stubbdr01
1123,Shane Victorino,2012,31,LADPHI,NL,154,666,595,72,152,105,29,7,11,55,39,6,53,80,.255,.321,.383,.704,91,228,5,6,9,3,1,-1.5,-0.3,-1.0,-1.11,-0.1,-3.92,1.09,*87/9,victosh01
1124,Alejandro De Aza,2013,29,CHW,AL,153,675,607,84,160,112,27,4,17,62,20,8,50,147,.264,.323,.405,.728,97,246,8,6,6,6,1,0.2,0.2,-0.1,-1.20,-0.1,-0.52,1.08,*87/HD,deazaal01
1125,Skip Schumaker,2010,30,STL,NL,137,529,476,66,126,102,18,1,5,42,5,3,43,64,.265,.328,.338,.667,83,161,7,4,2,4,2,0.1,-0.7,0.7,-1.22,-0.1,-5.99,0.90,*49H/78D,schumsk01
1126,Brian Roberts,2006,28,BAL,AL,138,630,563,85,161,114,34,3,10,55,36,7,55,66,.286,.347,.410,.757,96,231,16,0,6,5,4,0.2,0.2,-0.1,-1.23,-0.1,-1.14,1.05,*4/HD,roberbr01
1127,Jamey Carroll,2011,37,LAD,NL,146,510,452,52,131,111,14,6,0,17,10,0,47,58,.290,.359,.347,.706,99,157,3,2,8,1,3,-0.3,0.0,-0.3,-1.24,-0.1,-0.54,0.98,46H,carroja01
1128,Akinori Iwamura,2007,28,TBD,AL,123,559,491,82,140,102,21,10,7,34,12,8,58,114,.285,.359,.411,.770,105,202,2,1,4,5,0,-0.4,0.2,-0.6,-1.27,-0.1,0.48,0.92,*5/4DH,iwamuak01
1129,Ian Kinsler,2015,33,DET,AL,154,675,624,94,185,132,35,7,11,73,10,6,43,80,.296,.342,.428,.770,112,267,13,3,0,5,0,0.3,0.5,-0.2,-1.35,-0.1,5.57,1.01,*4/DH,kinslia01
1130,Chase Headley,2010,26,SDP,NL,161,674,610,77,161,118,29,3,11,58,17,5,56,139,.264,.327,.375,.702,97,229,11,3,1,4,3,-1.7,-0.5,-1.1,-1.36,-0.1,-2.01,1.07,*5/H,headlch01
1131,Matt Dominguez,2013,23,HOU,AL,152,589,543,56,131,85,25,0,21,77,0,1,30,96,.241,.286,.403,.690,89,219,17,7,2,7,1,-0.9,-0.7,-0.2,-1.40,-0.1,-8.94,1.02,*5/HD,dominma01
1132,Dustin Pedroia,2014,30,BOS,AL,135,609,551,72,153,113,33,0,7,53,6,6,51,75,.278,.337,.376,.712,99,207,14,1,0,6,1,-0.8,-0.3,-0.4,-1.43,-0.1,-0.89,1.14,*4/H,pedrodu01
1133,Mike Napoli,2010,28,LAA,AL,140,510,453,60,108,57,24,1,26,68,4,2,42,137,.238,.316,.468,.784,115,212,15,11,0,4,2,0.0,0.7,-0.8,-1.44,-0.1,4.50,0.95,32/HD,napolmi01
1134,Matt Wieters,2013,27,BAL,AL,148,579,523,59,123,72,29,0,22,79,2,0,43,104,.235,.287,.417,.704,90,218,7,0,1,12,5,-0.4,-0.6,0.1,-1.45,-0.1,-2.22,0.99,*2/HD,wietema01
1135,Aubrey Huff,2011,34,SFG,NL,150,579,521,45,128,88,27,1,12,59,5,3,47,90,.246,.306,.370,.676,92,193,11,2,0,9,6,-0.8,0.1,-0.8,-1.46,-0.2,1.27,1.09,*39H/7D,huffau01
1136,Yunel Escobar,2013,30,TBR,AL,153,578,508,61,130,93,27,1,9,56,4,4,57,73,.256,.332,.366,.698,96,186,19,3,6,4,2,-0.3,-0.5,0.1,-1.47,-0.1,-5.29,1.03,*6/H,escobyu01
1137,Howie Kendrick,2012,28,LAA,AL,147,594,550,57,158,115,32,3,8,67,14,6,29,115,.287,.325,.400,.725,104,220,26,4,6,5,1,-2.3,0.0,-2.4,-1.48,-0.2,2.45,0.96,*4/H37D,kendrho01
1138,Corey Hart,2008,26,MIL,NL,157,657,612,76,164,93,45,6,20,91,23,7,27,109,.268,.300,.459,.759,98,281,17,5,4,9,2,-1.2,0.1,-1.3,-1.50,-0.1,-0.37,1.05,*9/H,hartco01
1139,Tadahito Iguchi,2007,32,CHWPHI,ALNL,135,533,465,67,124,84,27,4,9,43,14,2,57,88,.267,.347,.400,.747,92,186,6,3,2,6,1,-0.4,0.0,-0.5,-1.51,-0.1,-3.63,0.97,*4H,iguchta01
1140,Miguel Tejada,2007,33,BAL,AL,133,569,514,72,152,114,19,1,18,81,2,1,41,55,.296,.357,.442,.799,109,227,22,10,0,3,9,-0.7,0.2,-0.8,-1.63,-0.2,1.33,1.07,*6/DH,tejadmi01
1141,Russell Martin,2013,30,PIT,NL,127,506,438,51,99,63,21,0,15,55,9,5,58,108,.226,.327,.377,.703,100,165,13,8,1,1,2,0.3,0.1,0.2,-1.64,-0.2,4.17,1.12,*2/H59D,martiru01
1142,Aaron Rowand,2008,30,SFG,NL,152,611,549,57,149,99,37,0,13,70,2,4,44,126,.271,.339,.410,.749,94,225,21,14,0,4,7,-0.4,0.0,-0.4,-1.73,-0.2,0.79,1.08,*8/HD,rowanaa01
1143,Randy Winn,2006,32,SFG,NL,149,635,573,82,150,100,34,5,11,56,10,8,48,63,.262,.324,.396,.721,84,227,7,7,3,4,3,-0.8,-1.0,0.2,-1.73,-0.2,-13.55,1.01,*987H,winnra01
1144,Shawn Green,2006,33,ARINYM,NL,149,588,530,73,147,98,31,3,15,66,4,4,45,82,.277,.344,.432,.776,95,229,17,10,0,3,5,-0.5,-0.2,-0.3,-1.76,-0.2,-3.51,1.01,*93/HD,greensh01
1145,Logan Morrison,2015,27,SEA,AL,146,511,457,47,103,68,15,3,17,54,8,4,47,81,.225,.302,.383,.685,92,175,7,4,1,2,5,-0.2,-0.7,0.5,-1.80,-0.2,-6.13,1.05,*3H/97D,morrilo01
1146,Hunter Pence,2009,26,HOU,NL,159,647,585,76,165,109,26,5,25,72,14,11,58,109,.282,.346,.472,.818,116,276,25,1,0,3,1,0.6,0.5,0.1,-1.84,-0.2,7.70,1.00,*9/H,pencehu01
1147,Matt Kemp,2010,25,LAD,NL,162,668,602,82,150,91,25,6,28,89,19,15,53,170,.249,.310,.450,.760,106,271,14,4,0,9,4,-0.7,0.2,-0.9,-1.86,-0.2,4.19,1.03,*8/H,kempma01
1148,Jhonny Peralta,2015,33,STL,NL,155,640,579,64,159,115,26,1,17,71,1,4,50,111,.275,.334,.411,.745,103,238,23,5,0,6,6,0.2,0.5,-0.3,-1.94,-0.2,6.58,1.11,*6/HD,peraljh01
1149,Brandon Phillips,2006,25,CIN,NL,149,587,536,65,148,102,28,1,17,75,25,2,35,88,.276,.324,.427,.751,88,229,19,6,4,6,3,0.0,-0.7,0.7,-2.06,-0.2,-7.22,1.10,*4/H6,phillbr01
1150,Cliff Pennington,2010,26,OAK,AL,156,576,508,64,127,87,26,8,6,46,29,5,50,96,.250,.319,.368,.687,88,187,7,3,12,3,0,0.0,-0.5,0.6,-2.19,-0.2,-5.22,1.00,*6/H,pennicl01
1151,Emil Brown,2006,31,KCR,AL,147,601,527,77,151,93,41,2,15,81,6,3,59,95,.287,.358,.457,.815,109,241,15,5,0,10,3,0.2,0.9,-0.7,-2.22,-0.2,5.74,1.00,*79D/H,brownem01
1152,Jason Bartlett,2007,27,MIN,AL,140,570,510,75,135,103,20,7,5,43,23,3,50,73,.265,.339,.361,.699,89,184,8,8,0,2,3,-0.2,-0.1,-0.1,-2.28,-0.2,-3.75,1.00,*6/H,bartlja01
1153,David Freese,2013,30,STL,NL,138,521,462,53,121,85,26,1,9,60,1,2,47,106,.262,.340,.381,.721,99,176,25,9,0,3,1,-0.4,-0.2,-0.2,-2.28,-0.2,-4.59,0.93,*5/HD,freesda01
1154,Ryan Doumit,2012,31,MIN,AL,134,528,484,56,133,80,34,1,18,75,0,0,29,98,.275,.320,.461,.781,114,223,17,7,0,8,5,-1.7,-0.2,-1.4,-2.28,-0.2,-0.82,1.11,2D7/H93,doumiry01
1155,Alejandro De Aza,2014,30,BALCHW,AL,142,528,477,56,120,80,24,8,8,41,17,10,39,119,.252,.314,.386,.700,100,184,7,6,3,3,2,-1.6,-0.9,-0.8,-2.35,-0.3,-8.57,0.97,*78/H9D,deazaal01
1156,Yuniesky Betancourt,2010,28,KCR,AL,151,588,556,60,144,97,29,2,16,78,2,3,23,64,.259,.288,.405,.692,88,225,13,1,4,4,1,0.5,-0.8,1.2,-2.48,-0.2,-7.54,1.09,*6,betanyu01
1157,Jon Jay,2011,26,STL,NL,159,503,455,56,135,99,24,2,10,37,6,7,28,81,.297,.344,.424,.768,112,193,11,7,9,4,1,-0.5,0.0,-0.6,-2.59,-0.3,2.44,0.96,*89H7,jayjo02
1158,Erick Aybar,2009,25,LAA,AL,137,556,504,70,157,120,23,9,5,58,14,7,30,54,.312,.353,.423,.776,104,213,9,5,12,5,1,-0.7,0.5,-1.2,-2.63,-0.2,1.43,0.96,*6/H,aybarer01
1159,Martín Prado,2011,27,ATL,NL,129,590,551,66,143,102,26,2,13,57,4,8,34,52,.260,.302,.385,.687,87,212,16,1,1,3,1,0.0,-0.3,0.3,-2.73,-0.3,-5.18,1.09,75/3H,pradoma01
1160,Mark Trumbo,2015,29,ARISEA,ALNL,142,545,508,62,133,85,23,3,22,64,0,0,36,132,.262,.310,.449,.759,107,228,12,0,0,1,1,-1.0,0.6,-1.5,-2.74,-0.3,5.03,1.03,9D37H,trumbma01
1161,Jayson Werth,2011,32,WSN,NL,150,649,561,69,130,83,26,1,20,58,19,3,74,160,.232,.330,.389,.718,97,218,10,10,0,4,5,-0.4,-0.1,-0.2,-2.75,-0.3,0.74,1.09,*98/H,werthja01
1162,Rafael Furcal,2012,34,STL,NL,121,531,477,69,126,100,18,3,5,49,12,4,44,57,.264,.325,.346,.671,85,165,7,1,5,4,1,0.1,-0.5,0.5,-2.76,-0.3,-4.17,1.01,*6/H,furcara02
1163,Yadier Molina,2010,27,STL,NL,136,521,465,34,122,97,19,0,6,62,8,4,42,51,.262,.329,.342,.671,84,159,19,7,2,5,6,-0.5,-1.0,0.5,-2.81,-0.3,-10.79,1.02,*2/3,molinya01
1164,Dayán Viciedo,2014,25,CHW,AL,145,563,523,65,121,75,22,3,21,58,0,1,32,122,.231,.281,.405,.686,95,212,19,5,0,3,3,0.7,-0.1,0.8,-2.83,-0.3,0.95,1.05,*97D/H3,vicieda01
1165,Adam Jones,2010,24,BAL,AL,149,621,581,76,165,116,25,5,19,69,7,7,23,119,.284,.325,.442,.767,108,257,17,13,2,2,1,-1.1,0.2,-1.2,-2.89,-0.3,-0.78,1.10,*8,jonesad01
1166,Jordan Pacheco,2012,26,COL,NL,132,505,475,51,147,107,32,3,5,54,7,2,22,61,.309,.341,.421,.762,93,200,13,3,1,4,2,-0.6,-0.2,-0.5,-2.96,-0.3,-5.09,0.94,53/H2,pachejo01
1167,Brett Lawrie,2015,25,OAK,AL,149,602,562,64,146,98,29,3,16,60,5,2,28,144,.260,.299,.407,.706,95,229,8,5,3,4,1,-0.2,-0.6,0.4,-2.96,-0.3,-7.34,1.07,*54/DH,lawribr01
1168,Billy Hamilton,2014,23,CIN,NL,152,611,563,72,141,102,25,8,6,48,56,23,34,117,.250,.292,.355,.648,81,200,1,1,9,4,0,-0.5,-0.9,0.4,-3.00,-0.3,-9.80,1.03,*8H/D,hamilbi02
1169,Curtis Granderson,2009,28,DET,AL,160,710,631,91,157,96,23,8,30,71,20,6,72,141,.249,.327,.453,.780,102,286,1,2,3,2,4,0.3,0.0,0.3,-3.05,-0.3,-1.79,0.98,*8/H,grandcu01
1170,Édgar Rentería,2008,31,DET,AL,138,547,503,69,136,102,22,2,10,55,6,3,37,64,.270,.317,.382,.699,84,192,19,0,2,5,1,-1.9,-1.0,-0.8,-3.05,-0.3,-10.02,1.03,*6/H,renteed01
1171,James Loney,2008,24,LAD,NL,161,651,595,66,172,118,35,6,13,90,7,4,45,85,.289,.338,.434,.772,103,258,25,3,1,7,6,-1.8,0.1,-1.8,-3.07,-0.3,-2.18,1.06,*3/H,loneyja01
1172,Ben Revere,2012,24,MIN,AL,124,553,511,70,150,131,13,6,0,32,40,9,29,54,.294,.333,.342,.675,89,175,8,3,6,4,0,-1.2,-0.4,-0.7,-3.14,-0.3,-2.59,1.05,*98/7H,reverbe01
1173,Darwin Barney,2011,25,CHC,NL,143,571,529,66,146,115,23,6,2,43,9,2,22,67,.276,.313,.353,.666,83,187,14,8,7,4,2,0.7,-0.6,1.3,-3.17,-0.3,-7.52,1.04,*4/H6,barneda01
1174,José Guillén,2010,34,KCRSFG,ALNL,148,577,524,55,135,92,22,2,19,77,1,0,32,113,.258,.314,.416,.730,98,218,17,14,0,6,1,-0.8,-0.6,-0.1,-3.21,-0.4,-5.12,1.06,D9/H,guilljo01
1175,Chris Young,2008,24,ARI,NL,160,699,625,85,155,84,42,7,22,85,14,5,62,165,.248,.315,.443,.758,91,277,10,1,6,5,2,-0.6,-0.1,-0.5,-3.26,-0.3,-2.95,1.00,*8/H,youngch04
1176,Coco Crisp,2011,31,OAK,AL,136,583,531,69,140,100,27,5,8,54,49,9,41,65,.264,.314,.379,.693,91,201,11,1,4,6,2,0.8,-0.4,1.1,-3.27,-0.3,-5.88,1.05,*8/HD,crispco01
1177,Asdrúbal Cabrera,2013,27,CLE,AL,136,562,508,66,123,72,35,2,14,64,9,3,35,114,.242,.299,.402,.700,96,204,10,8,6,5,1,-1.0,0.1,-1.1,-3.28,-0.3,0.29,1.02,*6/DH,cabreas01
1178,Andy LaRoche,2009,25,PIT,NL,150,590,524,64,135,89,29,5,12,64,3,1,50,84,.258,.330,.401,.731,94,210,16,8,6,2,1,-0.3,-0.7,0.3,-3.31,-0.3,-5.73,1.00,*5/H,larocan01
1179,Alexei Ramírez,2012,30,CHW,AL,158,621,593,59,157,120,24,4,9,73,20,7,16,77,.265,.287,.364,.651,75,216,15,4,4,4,2,-0.6,-1.5,0.8,-3.34,-0.3,-15.29,1.00,*6/H,ramiral03
1180,Adrian Beltré,2008,29,SEA,AL,143,612,556,74,148,93,29,1,25,77,8,2,50,90,.266,.327,.457,.784,109,254,11,2,0,4,10,-1.5,0.4,-1.8,-3.36,-0.3,6.17,1.10,*5/DH,beltrad01
1181,Jason Bay,2011,32,NYM,NL,123,509,444,59,109,77,19,1,12,57,11,1,56,109,.245,.329,.374,.703,97,166,8,2,1,6,3,0.1,0.0,0.0,-3.36,-0.3,3.91,1.06,*7/H,bayja01
1182,Nolan Arenado,2013,22,COL,NL,133,514,486,49,130,87,29,4,10,52,2,0,23,72,.267,.301,.405,.706,81,197,16,1,2,2,1,-0.4,-0.2,-0.3,-3.41,-0.3,0.21,0.93,*5/H,arenano01
1183,Skip Schumaker,2008,28,STL,NL,153,594,540,87,163,128,22,5,8,46,8,2,47,60,.302,.359,.406,.765,103,219,19,2,4,1,2,0.7,0.2,0.4,-3.47,-0.3,0.87,0.99,*879H,schumsk01
1184,Garrett Atkins,2008,28,COL,NL,155,664,611,86,175,119,32,3,21,99,1,1,40,100,.286,.328,.452,.780,96,276,20,3,0,10,0,-1.6,0.6,-2.1,-3.50,-0.3,3.59,1.09,53/H4,atkinga01
1185,Mitch Moreland,2011,25,TEX,AL,134,512,464,60,120,81,22,1,16,51,2,2,39,92,.259,.320,.414,.733,93,192,9,4,2,3,6,0.0,-0.4,0.4,-3.56,-0.3,-4.45,0.94,39/DH,morelmi01
1186,Mark Teixeira,2014,34,NYY,AL,123,508,440,56,95,59,14,0,22,62,1,1,58,109,.216,.313,.398,.711,101,175,13,6,0,4,3,-0.6,0.3,-0.8,-3.65,-0.4,4.86,1.04,*3/DH,teixema01
1187,Melky Cabrera,2009,24,NYY,AL,154,540,485,66,133,91,28,1,13,68,10,2,43,59,.274,.336,.416,.752,93,202,15,4,4,4,4,-0.8,-0.2,-0.6,-3.65,-0.3,-5.69,0.97,*897/HD,cabreme01
1188,José López,2009,25,SEA,AL,153,653,613,69,167,100,42,0,25,96,3,3,24,69,.272,.303,.463,.766,103,284,25,6,3,7,5,-0.5,0.1,-0.5,-3.72,-0.4,-0.99,1.00,*43/H,lopezjo01
1189,Grégor Blanco,2013,29,SFG,NL,141,511,452,50,120,94,17,6,3,41,14,9,52,95,.265,.341,.350,.690,99,158,10,1,3,3,4,0.4,-0.1,0.5,-3.73,-0.4,-2.50,1.03,*87H/9,blancgr01
1190,J.J. Hardy,2013,30,BAL,AL,159,644,601,66,158,106,27,0,25,76,2,1,38,73,.263,.306,.433,.738,99,260,14,0,3,2,3,-0.6,0.0,-0.6,-3.81,-0.4,-1.11,1.01,*6,hardyjj01
1191,Gerardo Parra,2013,26,ARI,NL,156,663,601,79,161,104,43,4,10,48,10,10,48,100,.268,.323,.403,.726,99,242,12,3,7,4,3,-0.5,-0.7,0.1,-3.82,-0.4,-6.11,1.05,*98/7H,parrage01
1192,Marco Scutaro,2008,32,TOR,AL,145,592,517,76,138,107,23,1,7,60,7,2,57,65,.267,.341,.356,.697,88,184,8,5,6,7,0,-1.7,-1.0,-0.6,-3.89,-0.4,-10.81,1.03,645/H37D,scutama01
1193,Ryan Sweeney,2009,24,OAK,AL,134,534,484,68,142,102,31,3,6,53,6,5,40,67,.293,.348,.407,.755,100,197,14,3,2,5,1,-0.8,0.2,-1.1,-3.94,-0.4,-1.05,1.00,*98/7H,sweenry01
1194,Danny Espinosa,2012,25,WSN,NL,160,658,594,82,147,91,37,2,17,56,20,6,46,189,.247,.315,.402,.717,93,239,11,13,3,2,4,-0.5,-0.7,0.2,-3.97,-0.4,-3.39,1.01,*46/H,espinda01
1195,Nate McLouth,2013,31,BAL,AL,146,593,531,76,137,90,31,4,12,36,30,7,53,86,.258,.329,.399,.729,99,212,7,4,4,1,1,-0.2,0.2,-0.4,-3.98,-0.4,-0.49,0.97,*7H/8D,mclouna01
1196,Josh Hamilton,2013,32,LAA,AL,151,636,576,73,144,86,32,5,21,79,4,0,47,158,.250,.307,.432,.739,108,249,16,4,0,9,4,1.2,0.7,0.5,-4.00,-0.4,3.12,1.08,9D7/8H,hamiljo03
1197,Kelly Johnson,2012,30,TOR,AL,142,581,507,61,114,77,19,2,16,55,14,2,62,159,.225,.313,.365,.678,85,185,8,5,2,4,4,-0.2,0.1,-0.3,-4.02,-0.4,-3.29,1.01,*4/HD,johnske05
1198,Desmond Jennings,2014,27,TBR,AL,123,542,479,64,117,75,30,2,10,36,15,6,47,108,.244,.319,.378,.697,100,181,10,6,9,1,0,-0.9,-0.1,-0.8,-4.02,-0.4,-1.36,1.05,*8/DH,jennide01
1199,Eric Chávez,2006,28,OAK,AL,137,576,485,74,117,69,24,2,22,72,3,0,84,100,.241,.351,.435,.786,105,211,19,1,0,6,6,1.4,0.6,0.7,-4.04,-0.4,5.79,1.09,*5/D,chaveer01
1200,A.J. Pierzynski,2006,29,CHW,AL,140,543,509,65,150,110,24,0,16,64,1,0,22,72,.295,.333,.436,.769,94,222,10,8,3,1,6,-0.3,-0.7,0.5,-4.06,-0.4,-9.43,0.95,*2H,pierza.01
1201,Marco Scutaro,2010,34,BOS,AL,150,695,632,92,174,125,38,0,11,56,5,4,53,71,.275,.333,.388,.721,92,245,13,3,4,3,1,-0.8,-0.8,0.0,-4.08,-0.4,-8.90,1.00,*64/H,scutama01
1202,Yadier Molina,2009,26,STL,NL,140,544,481,45,141,111,23,1,6,54,9,3,50,39,.293,.366,.383,.749,100,184,27,6,6,1,2,-0.5,0.6,-1.1,-4.12,-0.4,2.89,0.98,*2/3H,molinya01
1203,Edwin Encarnación,2011,28,TOR,AL,134,530,481,70,131,78,36,0,17,55,8,2,43,77,.272,.334,.453,.787,111,218,17,3,0,3,2,-0.9,0.8,-1.7,-4.12,-0.4,3.59,1.03,D53H,encared01
1204,Ryan Ludwick,2011,32,PITSDP,NL,139,558,490,56,116,80,23,0,13,75,1,1,51,124,.237,.310,.363,.674,90,178,9,4,2,6,4,-1.4,-0.5,-0.7,-4.13,-0.4,-4.12,1.18,*79/HD,ludwiry01
1205,Nick Castellanos,2015,23,DET,AL,154,595,549,42,140,86,33,6,15,73,0,3,39,152,.255,.303,.419,.721,97,230,21,1,0,6,1,-0.6,-0.9,0.2,-4.17,-0.4,-11.07,0.93,*5/DH,casteni01
1206,Álex González,2010,33,ATLTOR,ALNL,157,640,595,74,149,81,42,3,23,88,1,2,31,118,.250,.294,.447,.741,98,266,16,7,3,4,2,-0.5,-0.3,-0.2,-4.21,-0.5,-7.05,1.02,*6,gonzaal02
1207,Orlando Cabrera,2009,34,MINOAK,AL,160,708,656,83,186,138,36,3,9,77,13,4,36,71,.284,.316,.389,.705,86,255,22,0,6,10,1,-1.2,-0.9,-0.2,-4.23,-0.4,-12.63,1.01,*6/H,cabreor01
1208,Rajai Davis,2010,29,OAK,AL,143,561,525,66,149,113,28,3,5,52,50,11,26,78,.284,.320,.377,.697,91,198,10,4,1,5,0,-1.8,0.0,-1.8,-4.24,-0.4,-0.52,0.99,*879/HD,davisra01
1209,Ian Desmond,2015,29,WSN,NL,156,641,583,69,136,88,27,2,19,62,13,5,45,187,.233,.290,.384,.674,82,224,9,3,6,4,0,-1.7,-0.4,-1.3,-4.26,-0.4,-4.88,1.03,*6/H,desmoia01
1210,Starlin Castro,2010,20,CHC,NL,125,506,463,53,139,100,31,5,3,41,10,8,29,71,.300,.347,.408,.755,100,189,14,6,4,4,7,-0.2,-0.5,0.3,-4.28,-0.4,-4.86,0.97,*6/H,castrst01
1211,Jhonny Peralta,2007,25,CLE,AL,152,647,574,87,155,106,27,1,21,72,4,4,61,146,.270,.341,.430,.771,101,247,12,4,1,7,2,-0.3,-0.6,0.3,-4.31,-0.4,-6.32,1.05,*6/H,peraljh01
1212,Preston Wilson,2006,31,HOUSTL,NL,135,537,501,58,132,88,25,2,17,72,12,2,29,121,.263,.307,.423,.730,85,212,20,4,0,3,3,0.4,-0.5,0.9,-4.34,-0.4,-8.75,0.98,*79/8H,wilsopr01
1213,Elvis Andrus,2009,20,TEX,AL,145,541,480,72,128,97,17,8,6,40,33,6,40,77,.267,.329,.373,.702,82,179,4,6,12,3,0,-0.7,-0.2,-0.7,-4.44,-0.4,-7.96,0.85,*6/H,andruel01
1214,Felipe López,2008,28,STLWSN,NL,143,532,481,64,136,100,28,2,6,46,8,8,43,82,.283,.343,.387,.730,94,186,13,3,2,3,2,-2.3,-0.2,-2.0,-4.50,-0.5,-1.84,1.03,47H56/39,lopezfe01
1215,Ryan Freel,2006,30,CIN,NL,132,523,454,67,123,83,30,2,8,27,37,11,57,98,.271,.363,.399,.762,93,181,5,9,3,0,0,0.1,0.1,0.1,-4.58,-0.4,-1.94,0.96,89H457,freelry01
1216,Chase Headley,2015,31,NYY,AL,156,642,580,74,150,109,29,1,11,62,0,2,51,135,.259,.324,.369,.693,90,214,17,7,0,4,0,-0.9,-1.0,0.1,-4.60,-0.5,-11.26,0.99,*5/H3,headlch01
1217,Dustin Ackley,2012,24,SEA,AL,153,668,607,84,137,101,22,2,12,50,13,3,59,124,.226,.294,.328,.622,77,199,3,0,1,1,7,-2.1,-1.9,-0.3,-4.62,-0.5,-15.85,0.98,*43/DH,ackledu01
1218,Aubrey Huff,2009,32,BALDET,AL,150,597,536,59,129,83,30,1,15,85,0,6,51,87,.241,.310,.384,.694,81,206,15,5,0,5,7,-0.2,-1.2,1.0,-4.80,-0.5,-15.58,1.01,3DH,huffau01
1219,Nick Swisher,2008,27,CHW,AL,153,588,497,86,109,63,21,1,24,69,3,3,82,135,.219,.332,.410,.743,93,204,14,4,1,4,6,-0.7,-0.9,0.2,-4.83,-0.5,-4.06,0.99,3879/HD,swishni01
1220,Josh Reddick,2012,25,OAK,AL,156,673,611,85,148,82,29,5,32,85,11,1,55,151,.242,.305,.463,.768,112,283,15,2,1,4,8,-2.1,1.5,-3.8,-4.83,-0.5,18.68,0.93,*98D/H,reddijo01
1221,Plácido Polanco,2011,35,PHI,NL,122,523,469,46,130,111,14,0,5,50,3,0,42,44,.277,.335,.339,.674,86,159,15,3,1,8,0,-1.4,-0.2,-1.2,-4.93,-0.5,-5.50,0.98,*5/H4D,polanpl01
1222,Juan Pierre,2010,32,CHW,AL,160,734,651,96,179,157,18,3,1,47,68,18,45,47,.275,.341,.316,.657,79,206,8,21,15,2,0,0.2,-1.0,1.2,-4.95,-0.5,-10.99,1.03,*7D/H,pierrju01
1223,B.J. Upton,2009,24,TBR,AL,144,626,560,79,135,87,33,4,11,55,42,14,57,152,.241,.313,.373,.686,82,209,7,3,3,3,0,-0.4,-0.8,0.4,-4.95,-0.5,-13.21,1.01,*8/H,uptonbj01
1224,Mark Loretta,2007,35,HOU,NL,133,511,460,52,132,103,23,2,4,41,1,2,44,41,.287,.352,.372,.724,88,171,15,3,3,1,0,0.9,-0.5,1.4,-5.01,-0.5,-6.35,0.99,6435H/D,loretma01
1225,Bengie Molina,2009,34,SFG,NL,132,520,491,52,130,84,25,1,20,80,0,0,13,68,.265,.285,.442,.727,87,217,14,5,0,11,3,-0.4,-0.5,0.0,-5.04,-0.5,-6.63,1.02,*2H/D,molinbe01
1226,Colby Rasmus,2012,25,TOR,AL,151,625,565,75,126,77,21,5,23,75,4,3,47,149,.223,.289,.400,.689,86,226,7,7,2,4,5,-0.7,-1.0,0.2,-5.13,-0.5,-8.92,0.95,*8/HD,rasmuco01
1227,Kosuke Fukudome,2011,34,CHCCLE,ALNL,146,603,530,59,139,101,27,3,8,35,4,6,61,110,.262,.342,.370,.712,98,196,8,4,6,2,4,-0.6,-0.7,0.1,-5.19,-0.5,-9.11,1.01,*98H/D,fukudko01
1228,Yuniesky Betancourt,2007,25,SEA,AL,155,559,536,72,155,106,38,2,9,67,5,4,15,48,.289,.308,.418,.725,93,224,10,1,3,4,3,0.5,-0.6,1.2,-5.29,-0.5,-11.37,0.98,*6/H,betanyu01
1229,Michael Young,2013,36,LADPHI,NL,147,565,519,52,145,106,26,5,8,46,1,0,43,83,.279,.335,.395,.730,103,205,21,1,0,2,4,0.3,-0.3,0.6,-5.39,-0.5,-1.92,1.02,53H/46,youngmi02
1230,Freddy Sánchez,2008,30,PIT,NL,145,608,569,75,154,117,26,2,9,52,0,1,21,63,.271,.298,.371,.669,78,211,13,4,8,6,1,-0.5,-1.2,0.7,-5.40,-0.5,-12.02,0.98,*4H/D,sanchfr01
1231,Jedd Gyorko,2013,24,SDP,NL,125,525,486,62,121,72,26,0,23,63,1,1,33,123,.249,.301,.444,.745,113,216,14,4,0,2,1,-1.1,0.6,-1.6,-5.40,-0.6,5.62,1.04,*45/H,gyorkje01
1232,José Guillén,2008,32,KCR,AL,153,633,598,66,158,95,42,1,20,97,2,1,23,106,.264,.300,.438,.738,95,262,23,9,0,3,3,-0.3,-0.1,-0.2,-5.43,-0.5,-3.99,1.03,*97D/H,guilljo01
1233,Ryan Doumit,2013,32,MIN,AL,135,538,485,49,120,77,28,1,14,55,1,0,48,99,.247,.314,.396,.710,95,192,13,1,0,4,4,1.2,-0.2,1.3,-5.50,-0.5,-3.47,1.13,D29H/7,doumiry01
1234,Wilmer Flores,2015,23,NYM,NL,137,510,483,55,127,89,22,0,16,59,0,1,19,63,.263,.295,.408,.703,93,197,12,4,2,2,2,-0.6,-0.1,-0.5,-5.61,-0.6,-3.00,1.05,64/H,florewi01
1235,Erick Aybar,2013,29,LAA,AL,138,589,550,68,149,105,33,5,6,54,12,7,23,59,.271,.301,.382,.683,93,210,14,3,8,5,1,-0.3,-0.8,0.5,-5.68,-0.6,-9.08,1.05,*6,aybarer01
1236,Jason Kendall,2006,32,OAK,AL,143,626,552,76,163,139,23,0,1,50,11,5,53,54,.295,.367,.342,.709,88,189,19,12,4,5,2,-0.8,-0.8,0.0,-5.69,-0.5,-10.39,0.99,*2/HD,kendaja01
1237,Kevin Kouzmanoff,2009,27,SDP,NL,141,573,529,50,135,85,31,1,18,88,1,0,27,106,.255,.302,.420,.722,97,222,25,11,0,6,3,-0.2,-0.7,0.4,-5.79,-0.6,-4.59,1.07,*5/H,kouzmke01
1238,Paul Konerko,2008,32,CHW,AL,122,514,438,59,105,63,19,1,22,62,2,0,65,80,.240,.344,.438,.783,103,192,17,7,0,4,4,-0.8,0.0,-0.8,-5.92,-0.6,0.60,1.00,*3/DH,konerpa01
1239,A.J. Pierzynski,2009,32,CHW,AL,138,535,504,57,151,115,22,1,13,49,1,1,24,52,.300,.331,.425,.755,93,214,18,1,3,3,6,0.0,-0.5,0.5,-5.99,-0.5,-8.34,0.97,*2H/D,pierza.01
1240,Drew Stubbs,2012,27,CIN,NL,136,544,493,75,105,76,13,2,14,40,30,7,42,166,.213,.277,.333,.610,63,164,2,2,6,1,0,0.1,-0.5,0.6,-6.02,-0.6,-7.29,0.94,*8/H,stubbdr01
1241,Alcides Escobar,2012,25,KCR,AL,155,648,605,68,177,135,30,7,5,52,35,5,27,100,.293,.331,.390,.721,96,236,14,8,8,0,2,-0.5,-0.6,0.1,-6.03,-0.6,-6.55,1.05,*6,escobal02
1242,Juan Pierre,2006,28,CHC,NL,162,750,699,87,204,156,32,13,3,40,58,20,32,38,.292,.330,.388,.717,82,271,6,8,10,1,0,-1.0,-0.7,-0.3,-6.04,-0.6,-11.86,0.91,*8,pierrju01
1243,Jimmy Rollins,2009,30,PHI,NL,155,725,672,100,168,99,43,5,21,77,31,8,44,70,.250,.296,.423,.719,87,284,7,2,2,5,1,-0.7,-0.7,-0.1,-6.08,-0.6,-8.08,0.93,*6/H,rolliji01
1244,Jason Varitek,2007,35,BOS,AL,131,518,435,57,111,76,15,3,17,68,1,2,71,122,.255,.367,.421,.787,103,183,9,8,0,4,9,-0.2,0.2,-0.4,-6.13,-0.6,3.08,1.08,*2/H,varitja01
1245,Scott Podsednik,2009,33,CHW,AL,132,587,537,75,163,125,25,6,7,48,30,13,39,74,.304,.353,.412,.764,97,221,8,3,6,2,1,-0.2,-0.3,0.1,-6.15,-0.6,-6.73,1.00,*78D/H9,podsesc01
1246,Carlos Lee,2010,34,HOU,NL,157,649,605,67,149,95,29,1,24,89,3,3,37,59,.246,.291,.417,.708,91,252,20,3,0,4,1,1.3,-0.5,1.8,-6.19,-0.6,-4.44,1.01,*73/D,leeca01
1247,Bill Hall,2007,27,MIL,NL,136,503,452,59,115,66,35,0,14,63,4,5,40,128,.254,.315,.425,.740,89,192,9,3,1,7,1,-0.3,-1.1,0.8,-6.19,-0.6,-6.41,0.93,*8H,hallbi03
1248,Miguel Tejada,2010,36,BALSDP,ALNL,156,681,636,71,171,130,26,0,15,71,2,0,30,67,.269,.312,.381,.692,91,242,16,11,1,3,3,-0.3,-0.8,0.6,-6.19,-0.6,-10.01,1.04,56/D,tejadmi01
1249,Kevin Pillar,2015,26,TOR,AL,159,628,586,76,163,118,31,2,12,56,25,4,28,85,.278,.314,.399,.713,93,234,9,5,4,5,1,-0.7,-0.8,0.0,-6.21,-0.6,-10.01,0.88,*87/9H,pillake01
1250,Édgar Rentería,2009,32,SFG,NL,124,510,460,50,115,90,19,1,5,48,7,2,39,69,.250,.307,.328,.635,67,151,17,1,5,5,5,-0.9,-1.8,0.9,-6.23,-0.6,-18.22,0.99,*6/H,renteed01
1251,Derek Jeter,2010,36,NYY,AL,157,739,663,111,179,136,30,3,10,67,18,5,63,106,.270,.340,.370,.710,90,245,22,9,1,3,4,-0.7,-0.2,-0.5,-6.25,-0.6,-2.40,0.99,*6/DH,jeterde01
1252,Kevin Millar,2008,36,BAL,AL,145,610,531,73,124,79,25,0,20,72,0,1,71,93,.234,.323,.394,.717,89,209,8,2,0,6,3,-2.0,-0.5,-1.3,-6.26,-0.6,-3.85,1.07,*3D/H,millake01
1253,Adam Kennedy,2006,30,LAA,AL,139,503,451,50,123,87,26,6,4,55,16,10,39,72,.273,.334,.384,.718,86,173,15,5,3,5,5,0.0,-0.8,0.8,-6.52,-0.6,-9.39,1.02,*4H/D,kennead01
1254,Eric Hosmer,2012,22,KCR,AL,152,598,535,65,124,86,22,2,14,60,16,1,56,95,.232,.304,.359,.663,81,192,10,2,0,5,4,-0.3,-1.3,1.0,-6.52,-0.6,-11.14,0.99,*3/9H,hosmeer01
1255,Andruw Jones,2007,30,ATL,NL,154,659,572,83,127,72,27,2,26,94,5,2,70,138,.222,.311,.413,.724,87,236,16,8,0,9,4,-2.3,-0.8,-1.4,-6.57,-0.6,-2.57,1.07,*8,jonesan01
1256,Orlando Hudson,2010,32,MIN,AL,126,559,497,80,133,98,24,5,6,37,10,3,50,87,.268,.338,.372,.710,96,185,14,4,5,3,0,-1.3,-0.3,-1.1,-6.68,-0.7,-2.60,0.92,*4/D,hudsoor01
1257,Garret Anderson,2006,34,LAA,AL,141,588,543,63,152,105,28,2,17,85,1,0,38,95,.280,.323,.433,.756,94,235,8,0,0,7,11,-1.0,-0.3,-0.7,-6.69,-0.6,-4.02,1.03,7D/H,anderga01
1258,Vernon Wells,2007,28,TOR,AL,149,642,584,85,143,87,36,4,16,80,10,4,49,89,.245,.304,.402,.706,85,235,9,3,0,6,4,-1.1,-1.1,0.0,-6.74,-0.6,-11.80,0.97,*8/H,wellsve01
1259,Omar Infante,2014,32,KCR,AL,135,575,528,50,133,103,21,3,6,66,9,3,33,68,.252,.295,.337,.632,76,178,7,2,5,7,3,-0.6,-1.7,1.1,-6.76,-0.7,-15.86,1.00,*4/H,infanom01
1260,Álex Ríos,2014,33,TEX,AL,131,521,492,54,138,96,30,8,4,54,17,9,23,93,.280,.311,.398,.709,97,196,19,1,0,5,3,-0.3,-0.8,0.4,-6.80,-0.7,-9.62,0.98,*9D/H,riosal01
1261,Leonys Martín,2014,26,TEX,AL,155,583,533,68,146,119,13,7,7,40,31,12,39,114,.274,.325,.364,.689,92,194,4,2,7,2,3,-1.4,-0.3,-1.1,-6.81,-0.7,-4.42,0.99,*8/HD,martile01
1262,Mike Aviles,2012,31,BOS,AL,136,546,512,57,128,87,28,0,13,60,14,6,23,77,.250,.282,.381,.663,77,195,6,2,3,6,0,-1.4,-1.3,-0.1,-6.92,-0.7,-16.18,0.97,*6/DH45,avilemi01
1263,Brandon Crawford,2013,26,SFG,NL,149,550,499,52,124,88,24,3,9,43,1,2,42,96,.248,.311,.363,.674,93,181,10,5,1,3,6,-1.0,-0.9,-0.2,-6.95,-0.7,-6.39,1.02,*6/H,crawfbr01
1264,Ramón Hernández,2008,32,BAL,AL,133,507,463,49,119,81,22,1,15,65,0,0,32,62,.257,.308,.406,.714,87,188,9,5,1,6,3,-0.2,-0.7,0.5,-6.95,-0.7,-11.07,1.05,*2H/3D,hernara02
1265,Mark Reynolds,2013,29,CLENYY,AL,135,504,445,55,98,63,14,0,21,67,3,1,51,154,.220,.306,.393,.699,95,175,9,5,0,3,1,-0.2,0.2,-0.5,-6.97,-0.7,-1.20,0.96,35DH/4,reynoma01
1266,Jamey Carroll,2006,32,COL,NL,136,534,463,84,139,106,23,5,5,36,10,12,56,66,.300,.377,.404,.781,94,187,10,3,9,3,1,-1.5,0.2,-1.8,-6.98,-0.6,1.20,0.99,*4H6/5,carroja01
1267,Asdrúbal Cabrera,2014,28,CLEWSN,ALNL,146,616,553,74,133,84,31,4,14,61,10,2,49,108,.241,.307,.387,.694,93,214,15,7,1,6,2,-1.5,-0.4,-1.0,-7.01,-0.8,-0.44,1.06,64/HD,cabreas01
1268,Daric Barton,2008,22,OAK,AL,140,523,446,59,101,70,17,5,9,47,2,1,65,99,.226,.327,.348,.674,85,155,6,3,6,3,5,-1.1,-1.3,0.2,-7.02,-0.7,-12.69,1.03,*3/H5,bartoda02
1269,Jason Castro,2014,27,HOU,AL,126,512,465,43,103,66,21,2,14,56,1,0,34,151,.222,.286,.366,.651,84,170,11,9,1,3,1,-1.0,-0.9,-0.1,-7.03,-0.7,-6.63,1.06,*2D/H,castrja01
1270,José Vidro,2006,31,WSN,NL,126,511,463,52,134,100,26,1,7,47,1,0,41,48,.289,.348,.395,.744,96,183,16,3,0,4,3,-0.9,-0.6,-0.2,-7.04,-0.7,-6.33,1.08,4H/3D,vidrojo01
1271,Jason Michaels,2006,30,CLE,AL,123,548,494,77,132,90,32,1,9,55,9,5,43,101,.267,.326,.391,.717,86,193,6,3,2,6,0,0.0,-0.5,0.5,-7.08,-0.7,-11.68,0.92,*7/HD9,michaja01
1272,Danny Valencia,2011,26,MIN,AL,154,608,564,63,139,94,28,2,15,72,2,6,40,102,.246,.294,.383,.677,86,216,15,0,0,4,2,-1.8,-1.3,-0.5,-7.21,-0.7,-12.27,1.04,*5/DH,valenda01
1273,Jace Peterson,2015,25,ATL,NL,152,597,528,55,126,92,23,5,6,52,12,10,56,120,.239,.314,.335,.649,81,177,5,3,7,3,4,-0.9,-2.1,1.2,-7.22,-0.7,-20.24,1.03,*4H,peterja01
1274,Nick Castellanos,2014,22,DET,AL,148,579,533,50,138,92,31,4,11,66,2,2,36,140,.259,.306,.394,.700,97,210,7,3,0,7,3,-0.8,-0.7,-0.2,-7.24,-0.7,-6.52,0.92,*5/H,casteni01
1275,Elvis Andrus,2010,21,TEX,AL,148,674,588,88,156,138,15,3,0,35,32,15,64,96,.265,.342,.301,.643,72,177,6,5,17,0,0,-0.9,-1.2,0.3,-7.27,-0.7,-15.18,1.06,*6/H,andruel01
1276,Omar Infante,2011,29,FLA,NL,148,640,579,55,160,121,24,8,7,49,4,2,34,67,.276,.315,.382,.696,90,221,12,2,17,8,1,0.1,0.1,0.0,-7.28,-0.7,-1.82,1.11,*4/H,infanom01
1277,Garrett Jones,2014,33,MIA,NL,146,547,496,59,122,72,33,2,15,53,0,1,46,116,.246,.309,.411,.720,101,204,10,1,0,4,4,-1.2,0.1,-1.1,-7.34,-0.8,2.53,1.16,*3H/9,jonesga02
1278,Brandon Inge,2009,32,DET,AL,161,637,562,71,129,85,16,1,27,84,2,5,54,170,.230,.314,.406,.720,87,228,12,17,1,3,1,0.8,0.0,0.7,-7.42,-0.7,-6.23,1.07,*5,ingebr01
1279,Corey Patterson,2007,27,BAL,AL,132,503,461,65,124,88,26,2,8,45,37,9,21,65,.269,.304,.386,.690,80,178,3,4,13,4,1,-0.4,-0.6,0.3,-7.50,-0.7,-10.05,1.03,*8/H,patteco01
1280,Ty Wigginton,2010,32,BAL,AL,154,649,581,63,144,92,29,1,22,76,0,1,50,116,.248,.312,.415,.727,98,241,23,8,1,9,3,-1.1,0.2,-1.3,-7.54,-0.7,0.44,1.05,345/DH,wiggity01
1281,Robinson Canó,2009,26,NYY,AL,161,674,637,103,204,129,48,2,25,85,5,7,30,63,.320,.352,.520,.871,121,331,22,3,0,4,2,-1.5,0.9,-2.4,-7.62,-0.7,6.95,1.01,*4/H,canoro01
1282,Austin Jackson,2011,24,DET,AL,153,668,591,90,147,104,22,11,10,45,22,5,56,181,.249,.317,.374,.690,88,221,11,4,14,3,3,-0.3,-0.9,0.7,-7.65,-0.7,-9.16,0.92,*8/HD,jacksau01
1283,Eric Young Jr.,2013,28,COLNYM,NL,148,598,539,70,134,98,27,7,2,32,46,11,46,100,.249,.310,.336,.645,79,181,6,2,10,1,1,-0.5,-0.6,0.1,-7.81,-0.7,-7.68,1.02,*7H98/4D,younger03
1284,David DeJesus,2011,31,OAK,AL,131,506,442,60,106,71,20,5,10,46,4,3,45,86,.240,.323,.376,.698,93,166,14,11,4,4,1,-2.1,-0.6,-1.6,-7.82,-0.8,-4.54,0.97,*9/8HD,dejesda01
1285,Chone Figgins,2008,30,LAA,AL,116,520,453,72,125,109,14,1,1,22,34,13,62,80,.276,.367,.318,.685,83,144,7,3,2,0,3,-0.3,-0.9,0.6,-7.86,-0.7,-10.09,1.00,5/4DH,figgich01
1286,Ichiro Suzuki,2013,39,NYY,AL,150,555,520,57,136,111,15,3,7,35,20,4,26,63,.262,.297,.342,.639,77,178,6,1,6,2,4,0.2,-1.3,1.5,-7.88,-0.8,-13.75,1.00,*9H8/7D,suzukic01
1287,Andrelton Simmons,2013,23,ATL,NL,157,658,606,76,150,100,27,6,17,59,6,5,40,55,.248,.296,.396,.692,90,240,16,3,5,4,1,-0.4,-0.2,-0.2,-7.89,-0.8,-2.25,1.00,*6/H,simmoan01
1288,Brandon Inge,2010,33,DET,AL,144,580,514,47,127,81,28,5,13,70,4,3,54,134,.247,.321,.397,.718,93,204,12,5,0,7,4,-1.8,-0.3,-1.4,-7.90,-0.8,-4.69,1.03,*5/H,ingebr01
1289,Dan Uggla,2013,33,ATL,NL,136,537,448,60,80,45,10,3,22,55,2,0,77,171,.179,.309,.362,.671,85,162,7,9,0,3,2,-0.7,-0.3,-0.4,-7.93,-0.8,-1.76,0.96,*4/HD,ugglada01
1290,Jason Kendall,2008,34,MIL,NL,151,587,516,46,127,93,30,2,2,49,8,3,50,45,.246,.327,.324,.651,74,167,5,13,6,2,7,-1.6,-1.2,-0.4,-8.00,-0.8,-11.18,1.01,*2/H,kendaja01
1291,Matt Wieters,2010,24,BAL,AL,130,502,446,37,111,77,22,1,11,55,0,1,47,94,.249,.319,.377,.695,90,168,13,2,0,7,7,-1.3,-0.8,-0.3,-8.10,-0.8,-5.04,1.08,*2/HD,wietema01
1292,A.J. Pierzynski,2008,31,CHW,AL,134,570,534,66,150,105,31,1,13,60,1,0,19,71,.281,.312,.416,.728,89,222,14,8,3,6,5,-1.2,-1.1,-0.1,-8.11,-0.8,-14.79,1.00,*2/H,pierza.01
1293,Freddy Galvis,2015,25,PHI,NL,151,603,559,63,147,121,14,5,7,50,10,1,30,103,.263,.302,.343,.645,79,192,11,3,7,4,1,-0.5,-1.1,0.6,-8.15,-0.8,-14.11,1.02,*6/4H,galvifr01
1294,Brett Gardner,2011,27,NYY,AL,159,588,510,87,132,98,19,8,7,36,49,13,60,93,.259,.345,.369,.713,92,188,5,8,8,2,1,-0.9,-0.3,-0.6,-8.23,-0.8,-4.21,0.96,*78/H,gardnbr01
1295,Jacoby Ellsbury,2008,24,BOS,AL,145,609,554,98,155,117,22,7,9,47,50,11,41,80,.280,.336,.394,.729,88,218,9,7,4,3,2,-0.5,-0.1,-0.4,-8.29,-0.8,-3.79,1.00,*879/HD,ellsbja01
1296,Jeff Conine,2006,40,BALPHI,ALNL,142,539,489,54,131,91,26,4,10,66,3,2,40,65,.268,.325,.399,.724,86,195,13,4,1,5,4,-1.5,-1.5,0.1,-8.30,-0.8,-15.08,1.07,379H/D5,coninje01
1297,Mark Kotsay,2006,30,OAK,AL,129,558,502,57,138,99,29,3,7,59,6,3,44,55,.275,.332,.386,.719,88,194,18,2,4,6,1,-0.3,-0.8,0.5,-8.33,-0.8,-10.26,0.99,*8/3HD,kotsama01
1298,Kurt Suzuki,2008,24,OAK,AL,148,588,530,54,148,115,25,1,7,42,2,3,44,69,.279,.346,.370,.716,96,196,20,11,2,1,2,-2.0,-0.8,-1.1,-8.40,-0.8,-8.54,1.07,*2/HD,suzukku01
1299,Gordon Beckham,2012,25,CHW,AL,151,582,525,62,123,83,24,0,16,60,5,4,40,89,.234,.296,.371,.668,80,195,10,7,8,2,0,-0.9,-0.7,-0.2,-8.44,-0.8,-9.23,1.00,*4/HD,beckhgo01
1300,Mark Grudzielanek,2006,36,KCR,AL,134,586,548,85,163,120,32,4,7,52,3,2,28,69,.297,.331,.409,.740,90,224,12,2,3,5,4,-1.5,-0.9,-0.5,-8.46,-0.8,-11.01,1.01,*4/6H,grudzma01
1301,David Bell,2006,33,MILPHI,NL,145,566,504,60,136,95,27,4,10,63,3,1,50,68,.270,.337,.399,.736,86,201,18,4,3,5,3,-1.5,-0.6,-0.8,-8.49,-0.8,-7.30,1.09,*5/H,bellda01
1302,Vernon Wells,2011,32,LAA,AL,131,529,505,60,110,66,15,4,25,66,9,4,20,86,.218,.248,.412,.660,84,208,8,1,0,3,0,-1.5,-0.6,-0.9,-8.51,-0.9,-6.57,0.99,*789/DH,wellsve01
1303,Didi Gregorius,2015,25,NYY,AL,155,578,525,57,139,104,24,2,9,56,5,3,33,85,.265,.318,.370,.688,89,194,4,11,3,6,0,-3.3,-1.4,-2.1,-8.52,-0.8,-11.06,0.96,*6/H,gregodi01
1304,Jed Lowrie,2014,30,OAK,AL,136,566,502,59,125,87,29,3,6,50,0,0,51,79,.249,.321,.355,.676,94,178,14,5,2,6,5,-1.8,-0.6,-1.2,-8.54,-0.9,-5.60,1.03,*6/DH,lowrije01
1305,Garrett Jones,2010,29,PIT,NL,158,654,592,64,146,90,34,1,21,86,7,3,53,123,.247,.306,.414,.720,94,245,18,1,0,8,2,-0.2,-1.1,0.9,-8.60,-0.9,-13.12,1.04,*39/H7D,jonesga02
1306,John Buck,2011,30,FLA,NL,140,530,466,41,106,74,15,1,16,57,0,1,54,115,.227,.316,.367,.683,87,171,11,7,2,1,7,0.3,-0.8,1.1,-8.70,-0.9,-10.29,1.10,*2/H,buckjo01
1307,Omar Infante,2012,30,DETMIA,ALNL,149,588,554,69,152,103,30,7,12,53,17,3,21,65,.274,.300,.419,.719,91,232,9,1,8,4,0,-0.4,-0.1,-0.3,-8.73,-0.8,-3.91,1.02,*4/5H,infanom01
1308,Cameron Maybin,2012,25,SDP,NL,147,561,507,67,123,90,20,5,8,45,26,7,44,110,.243,.306,.349,.656,85,177,12,4,3,3,1,-2.1,-0.5,-1.5,-8.76,-0.9,-6.21,1.01,*8/H,maybica01
1309,Lastings Milledge,2008,23,WSN,NL,138,587,523,65,140,100,24,2,14,61,24,9,38,96,.268,.330,.402,.731,93,210,19,14,5,7,1,-1.4,-0.1,-1.2,-8.81,-0.9,-3.60,1.08,*8/H,millela02
1310,Brennan Boesch,2012,27,DET,AL,132,503,470,52,113,77,22,2,12,54,6,3,26,104,.240,.286,.372,.659,76,175,11,5,0,2,1,-0.6,-1.2,0.6,-8.92,-0.9,-13.19,1.07,*9/DH,boescbr01
1311,Jeff Francoeur,2010,26,NYMTEX,ALNL,139,503,454,52,113,80,18,2,13,65,8,3,30,81,.249,.300,.383,.683,85,174,9,8,0,11,8,-0.9,-0.6,-0.2,-8.94,-1.0,-8.61,1.10,*9H/7D,francje02
1312,Delmon Young,2011,25,DETMIN,AL,124,503,473,54,127,93,21,1,12,64,1,0,23,85,.268,.302,.393,.695,90,186,19,2,0,5,2,-1.6,-1.1,-0.5,-9.02,-0.9,-12.47,0.96,*7/DH,youngde03
1313,Luis Castillo,2006,30,MIN,AL,142,652,584,84,173,142,22,6,3,49,25,11,56,58,.296,.358,.370,.728,91,216,14,1,9,2,0,-1.1,-0.8,-0.4,-9.03,-0.8,-9.25,0.94,*4,castilu01
1314,Addison Russell,2015,21,CHC,NL,142,523,475,60,115,72,29,1,13,54,4,3,42,149,.242,.307,.389,.696,91,185,8,3,1,2,2,-1.1,-0.6,-0.5,-9.13,-0.9,-1.34,0.99,46/H,russead02
1315,Yunel Escobar,2014,31,TBR,AL,137,529,476,33,123,98,18,0,7,39,1,1,43,60,.258,.324,.340,.664,92,162,15,4,4,2,3,-1.1,-0.9,-0.2,-9.21,-1.0,-8.17,1.05,*6/H7,escobyu01
1316,Alexei Ramírez,2011,29,CHW,AL,158,684,614,81,165,117,31,2,15,70,7,5,51,84,.269,.328,.399,.727,94,245,19,6,8,5,1,-0.6,-0.7,0.1,-9.28,-0.9,-11.56,1.04,*6/HD,ramiral03
1317,Aaron Hill,2006,24,TOR,AL,155,606,546,70,159,122,28,3,6,50,5,2,42,66,.291,.349,.386,.735,91,211,15,9,4,5,5,0.4,-1.0,1.5,-9.35,-0.9,-14.25,0.93,*46/D,hillaa01
1318,Robert Andino,2011,27,BAL,AL,139,511,457,63,120,93,22,0,5,36,13,3,41,83,.263,.327,.344,.670,84,157,14,3,9,1,0,-0.8,-0.8,0.1,-9.37,-0.9,-11.14,1.10,465/H7,andinro01
1319,Alexei Ramírez,2013,31,CHW,AL,158,674,637,68,181,134,39,2,6,48,30,9,26,68,.284,.313,.380,.693,88,242,17,3,4,4,2,-1.9,-1.5,-0.3,-9.41,-0.9,-13.75,1.07,*6,ramiral03
1320,Alexei Ramírez,2009,27,CHW,AL,148,606,542,71,150,120,14,1,15,68,14,5,49,66,.277,.333,.389,.723,86,211,15,1,6,8,3,-0.2,-0.7,0.4,-9.42,-0.9,-11.26,1.00,*6,ramiral03
1321,Jermaine Dye,2007,33,CHW,AL,138,561,508,68,129,67,34,0,28,78,2,1,45,107,.254,.317,.486,.804,105,247,17,4,0,4,2,-0.9,-0.1,-0.7,-9.50,-0.9,-3.05,1.06,*9/D,dyeje01
1322,Aaron Hill,2014,32,ARI,NL,133,541,501,52,122,83,26,3,10,60,4,3,28,92,.244,.287,.367,.654,81,184,16,5,0,7,0,-0.7,-0.9,0.2,-9.53,-1.0,-10.53,1.07,*4/H5D,hillaa01
1323,Starlin Castro,2015,25,CHC,NL,151,578,547,52,145,109,23,2,11,69,5,5,21,91,.265,.296,.375,.671,84,205,18,5,1,4,6,-1.0,-0.8,-0.2,-9.55,-1.0,-8.39,1.08,*64H,castrst01
1324,Trevor Plouffe,2013,27,MIN,AL,129,522,477,44,121,84,22,1,14,52,2,1,34,112,.254,.309,.392,.701,92,187,11,6,1,4,1,-0.3,-0.1,-0.2,-9.66,-1.0,-2.70,1.08,*5/DH3,plouftr01
1325,Kenji Johjima,2007,31,SEA,AL,135,513,485,52,139,96,29,0,14,61,0,2,15,41,.287,.322,.433,.755,101,210,22,11,0,2,0,-0.8,-0.6,-0.2,-9.67,-0.9,-6.56,0.97,*2/H,johjike01
1326,Casey Blake,2007,33,CLE,AL,156,662,588,81,159,101,36,4,18,78,4,5,54,123,.270,.339,.437,.776,103,257,14,10,5,5,2,-0.3,0.5,-0.9,-9.67,-0.9,-1.00,1.01,*53/9HD,blakeca01
1327,Alcides Escobar,2014,27,KCR,AL,162,620,579,74,165,123,34,5,3,50,31,6,23,83,.285,.317,.377,.694,93,218,12,6,8,4,1,-1.0,-0.8,-0.2,-9.73,-1.0,-9.33,1.04,*6,escobal02
1328,Kazuo Matsui,2009,33,HOU,NL,132,533,476,56,119,88,20,2,9,46,19,3,34,85,.250,.302,.357,.659,75,170,4,3,16,4,2,-1.3,-1.6,0.3,-9.75,-1.0,-17.12,0.96,*4/H,matsuka01
1329,Melky Cabrera,2010,25,ATL,NL,147,509,458,50,117,83,27,3,4,42,7,1,42,64,.255,.317,.354,.671,83,162,8,1,5,3,11,-1.4,-0.6,-0.7,-9.78,-1.0,-9.68,1.07,*789H,cabreme01
1330,Chris Young,2007,23,ARI,NL,148,624,569,85,135,71,29,3,32,68,27,6,43,141,.237,.295,.467,.763,88,266,5,6,1,5,1,-0.8,-0.4,-0.4,-9.78,-0.9,-6.87,0.95,*8/H,youngch04
1331,Juan Pierre,2011,33,CHW,AL,158,711,639,80,178,155,17,4,2,50,27,17,43,41,.279,.329,.327,.657,78,209,7,7,19,3,0,-1.0,-1.2,0.3,-9.81,-0.9,-15.84,1.08,*7/HD,pierrju01
1332,Salvador Perez,2015,25,KCR,AL,142,553,531,52,138,92,25,0,21,70,1,0,13,82,.260,.280,.426,.706,88,226,23,4,0,5,4,-0.6,-0.1,-0.6,-9.98,-1.0,-4.72,0.92,*2/D3H,perezsa02
1333,DJ LeMahieu,2014,25,COL,NL,149,538,494,59,132,107,15,5,5,42,10,10,33,97,.267,.315,.348,.663,75,172,13,2,7,2,7,-1.4,-1.2,-0.1,-10.21,-1.0,-13.73,1.03,*4/536H,lemahdj01
1334,Willy Taveras,2006,24,HOU,NL,149,587,529,83,147,122,19,5,1,30,33,9,34,88,.278,.333,.338,.672,74,179,6,11,11,2,0,-0.4,-0.8,0.4,-10.24,-1.0,-12.33,0.97,*8H,taverwi01
1335,Paul Konerko,2013,37,CHW,AL,126,520,467,41,114,86,16,0,12,54,0,0,45,74,.244,.313,.355,.669,82,166,12,4,0,4,2,-1.7,-1.4,-0.1,-10.41,-1.0,-14.24,1.09,3D,konerpa01
1336,Kurt Suzuki,2010,26,OAK,AL,131,544,495,55,120,87,18,2,13,71,3,2,33,49,.242,.303,.366,.669,83,181,22,12,0,4,3,0.3,-0.7,0.9,-10.41,-1.0,-8.88,1.05,*2/DH,suzukku01
1337,Jean Segura,2014,24,MIL,NL,146,557,513,61,126,101,14,6,5,31,20,9,28,70,.246,.289,.326,.614,70,167,13,4,10,2,5,-1.4,-1.2,-0.3,-10.42,-1.1,-12.50,0.96,*6/H,segurje01
1338,A.J. Pierzynski,2010,33,CHW,AL,128,503,474,43,128,90,29,0,9,56,3,4,15,39,.270,.300,.388,.688,84,184,17,6,6,2,2,-0.6,-1.5,0.9,-10.54,-1.0,-18.25,1.02,*2/H,pierza.01
1339,Hank Blalock,2006,25,TEX,AL,152,646,591,76,157,112,26,3,16,89,1,0,51,98,.266,.325,.401,.726,86,237,15,2,0,2,6,0.4,-0.7,1.1,-10.58,-1.0,-13.74,0.99,*5D/H,blaloha01
1340,José López,2006,22,SEA,AL,151,655,603,78,170,124,28,8,10,79,5,2,26,80,.282,.319,.405,.723,89,244,17,9,12,5,1,-2.5,-1.9,-0.5,-10.63,-1.0,-20.29,1.07,*4/H,lopezjo01
1341,Ty Wigginton,2007,29,HOUTBD,ALNL,148,604,547,71,152,97,33,0,22,67,3,4,41,113,.278,.333,.459,.792,107,251,16,8,0,8,0,0.2,-0.3,0.5,-10.65,-1.0,-3.17,1.04,543D/H79,wiggity01
1342,Franklin Gutierrez,2010,27,SEA,AL,152,629,568,61,139,99,25,3,12,64,25,3,50,137,.245,.303,.363,.666,87,206,10,1,2,8,5,-1.3,-1.1,-0.1,-10.71,-1.1,-12.71,1.09,*8/DH,gutiefr01
1343,Ryan Theriot,2007,27,CHC,NL,148,597,537,80,143,108,30,2,3,45,28,4,49,50,.266,.326,.346,.672,71,186,12,0,8,3,1,-0.7,-0.9,0.1,-10.77,-1.0,-12.16,0.96,64H/579,theriry01
1344,Nick Punto,2006,28,MIN,AL,135,524,459,73,133,104,21,7,1,45,17,5,47,68,.290,.352,.373,.725,90,171,8,1,10,7,0,-1.0,-0.9,-0.2,-10.80,-1.0,-10.78,0.95,564/H8D7,puntoni01
1345,Jordy Mercer,2014,27,PIT,NL,149,555,506,56,129,88,27,2,12,55,4,1,35,89,.255,.305,.387,.693,94,196,14,4,5,5,12,-1.4,-0.6,-0.8,-10.92,-1.1,-6.97,1.08,*6/H9,mercejo03
1346,Melky Cabrera,2007,22,NYY,AL,150,612,545,66,149,109,24,8,8,73,13,5,43,68,.273,.327,.391,.718,88,213,14,5,10,9,0,-0.5,-0.5,-0.1,-10.93,-1.0,-9.91,0.98,*87/H9,cabreme01
1347,Jeff Keppinger,2008,28,CIN,NL,121,502,459,45,122,93,24,2,3,43,3,1,30,24,.266,.310,.346,.657,71,159,14,2,6,5,3,-1.4,-1.7,0.3,-11.01,-1.0,-21.14,0.96,65/H34,keppije01
1348,Jamey Carroll,2012,38,MIN,AL,138,537,470,65,126,106,18,1,1,40,9,5,52,65,.268,.343,.317,.660,86,149,9,4,7,4,0,-1.0,-0.4,-0.6,-11.16,-1.1,-6.65,1.00,456/H,carroja01
1349,Jesús Montero,2012,22,SEA,AL,135,553,515,46,134,99,20,0,15,62,0,2,29,99,.260,.298,.386,.685,94,199,15,2,0,7,4,-2.1,-1.2,-0.8,-11.31,-1.2,-11.44,1.04,D2/H,monteje01
1350,Gerardo Parra,2014,27,ARIMIL,NL,150,574,529,64,138,103,22,4,9,40,9,7,32,100,.261,.308,.369,.677,88,195,10,5,6,2,5,-0.7,-0.2,-0.5,-11.31,-1.1,-1.78,1.04,*978H,parrage01
1351,J.J. Hardy,2014,31,BAL,AL,141,569,529,56,142,105,28,0,9,52,0,0,29,104,.268,.309,.372,.682,91,197,12,4,3,4,1,-1.3,-0.8,-0.5,-11.33,-1.1,-10.82,0.98,*6,hardyjj01
1352,Delmon Young,2007,21,TBD,AL,162,681,645,65,186,135,38,0,13,93,10,3,26,127,.288,.316,.408,.723,91,263,23,3,0,7,2,-0.9,-1.1,0.3,-11.43,-1.1,-15.89,1.01,*98/D,youngde03
1353,Alfonso Soriano,2009,33,CHC,NL,117,522,477,64,115,69,25,1,20,55,9,2,40,118,.241,.303,.423,.726,84,202,7,3,0,2,6,0.7,-1.0,1.6,-11.46,-1.1,-10.87,1.02,*7/45H,soriaal01
1354,Jason Kipnis,2014,27,CLE,AL,129,555,500,61,120,88,25,1,6,41,22,3,50,100,.240,.310,.330,.640,80,165,15,2,1,2,2,-1.0,-1.0,0.1,-11.47,-1.2,-12.02,1.10,*4/DH,kipnija01
1355,Nick Markakis,2013,29,BAL,AL,160,700,634,89,172,138,24,0,10,59,1,2,55,76,.271,.329,.356,.685,88,226,17,3,0,8,3,-0.5,-1.0,0.5,-11.51,-1.1,-12.23,0.98,*9/DH,markani01
1356,Salvador Perez,2014,24,KCR,AL,150,606,578,57,150,103,28,2,17,70,1,0,22,85,.260,.289,.403,.692,91,233,22,3,0,3,2,0.6,-0.6,1.2,-11.88,-1.2,-10.91,1.04,*2/DH,perezsa02
1357,Ian Desmond,2011,25,WSN,NL,154,639,584,65,148,108,27,5,8,49,25,10,35,139,.253,.298,.358,.656,80,209,9,4,11,5,2,-1.0,-0.7,-0.2,-11.89,-1.2,-7.81,1.05,*6/H,desmoia01
1358,Pedro Feliz,2007,32,SFG,NL,150,590,557,61,141,91,28,2,20,72,2,2,29,70,.253,.290,.418,.708,80,233,15,1,0,3,2,-1.1,-1.2,0.2,-11.92,-1.1,-14.90,1.05,*5/H3729,felizpe01
1359,Jay Bruce,2015,28,CIN,NL,157,649,580,72,131,66,35,4,26,87,9,5,58,145,.226,.294,.434,.729,97,252,10,2,0,9,8,-3.0,-1.2,-1.6,-11.92,-1.2,-6.88,1.10,*9/HD,bruceja01
1360,Scott Podsednik,2006,30,CHW,AL,139,592,524,86,137,101,27,6,3,45,40,19,54,96,.261,.330,.353,.684,75,185,7,2,8,4,1,-1.0,-1.2,0.1,-11.92,-1.1,-17.94,0.95,*7H/D,podsesc01
1361,Ichiro Suzuki,2011,37,SEA,AL,161,721,677,80,184,154,22,3,5,47,40,7,39,69,.272,.310,.335,.645,86,227,11,0,1,4,13,-2.0,-1.8,-0.2,-11.93,-1.2,-16.82,1.03,*9D,suzukic01
1362,Mark Teahen,2009,27,KCR,AL,144,571,524,69,142,95,34,1,12,50,8,1,37,123,.271,.325,.408,.734,94,214,11,6,2,2,4,-1.5,-0.8,-0.7,-11.94,-1.1,-8.03,0.98,593/H4,teahema01
1363,Erick Aybar,2015,31,LAA,AL,156,638,597,74,161,127,30,1,3,44,15,6,25,73,.270,.301,.338,.639,81,202,12,4,7,5,1,-2.0,-1.8,-0.2,-11.96,-1.2,-19.93,0.98,*6/HD,aybarer01
1364,Coco Crisp,2007,27,BOS,AL,145,591,526,85,141,100,28,7,6,60,28,6,50,84,.268,.330,.382,.712,83,201,12,1,9,5,1,-0.8,-1.0,0.1,-12.00,-1.1,-15.53,0.98,*8/H,crispco01
1365,Chone Figgins,2010,32,SEA,AL,161,702,602,62,156,132,21,2,1,35,42,15,74,114,.259,.340,.306,.646,84,184,19,3,17,6,0,-1.1,-1.7,0.6,-12.08,-1.2,-16.31,1.04,*4,figgich01
1366,Carl Crawford,2011,29,BOS,AL,130,539,506,65,129,82,29,7,11,56,18,6,23,104,.255,.289,.405,.694,85,205,7,3,2,4,1,-2.2,-1.0,-1.0,-12.17,-1.2,-12.17,1.06,*7/DH,crawfca02
1367,Brendan Harris,2007,26,TBD,AL,137,576,521,72,149,99,35,3,12,59,4,1,42,96,.286,.343,.434,.777,106,226,19,4,8,1,1,-1.2,-0.5,-0.8,-12.24,-1.2,-8.49,0.94,64/5H,harribr01
1368,Clint Barmes,2009,30,COL,NL,154,604,550,69,135,77,32,3,23,76,12,10,31,121,.245,.294,.440,.734,82,242,6,10,6,7,2,-1.8,-0.2,-1.7,-12.32,-1.1,-6.65,0.96,*46/H,barmecl01
1369,Brandon Inge,2007,30,DET,AL,151,577,508,64,120,79,25,2,14,71,9,2,47,150,.236,.312,.376,.688,79,191,8,11,7,4,5,-1.9,-1.5,-0.5,-12.43,-1.2,-18.49,0.95,*5/H,ingebr01
1370,Yadier Molina,2015,32,STL,NL,136,530,488,34,132,103,23,2,4,61,3,1,32,59,.270,.310,.350,.660,80,171,16,0,1,9,3,-2.0,-1.5,-0.3,-12.48,-1.3,-14.88,1.14,*2/HD,molinya01
1371,Jason Kendall,2009,35,MIL,NL,134,526,452,48,109,86,19,2,2,43,7,2,46,58,.241,.331,.305,.636,71,138,11,17,6,5,6,-0.8,-1.0,0.2,-12.61,-1.2,-12.66,1.00,*2/H,kendaja01
1372,Willy Taveras,2008,26,COL,NL,133,538,479,64,120,102,15,2,1,26,68,7,36,79,.251,.308,.296,.604,55,142,4,5,15,3,0,-1.4,-1.1,-0.3,-12.64,-1.2,-16.06,0.96,*8H,taverwi01
1373,Aaron Hill,2011,29,ARITOR,ALNL,137,571,520,61,128,90,27,3,8,61,21,7,35,72,.246,.299,.356,.655,77,185,10,7,2,7,1,-1.9,-0.9,-1.0,-12.68,-1.3,-14.06,0.98,*4/H,hillaa01
1374,Shannon Stewart,2007,33,OAK,AL,146,630,576,79,167,132,22,1,12,48,11,3,47,60,.290,.345,.394,.739,100,227,15,3,1,3,0,-2.2,-0.3,-2.0,-12.71,-1.2,-3.46,0.98,*7/H8D,stewash01
1375,B.J. Upton,2014,29,ATL,NL,141,582,519,67,108,72,19,5,12,35,20,7,57,173,.208,.287,.333,.620,75,173,6,1,3,2,5,-2.0,-1.1,-0.9,-12.81,-1.3,-11.48,0.99,*8/H,uptonbj01
1376,Michael Young,2012,35,TEX,AL,156,651,611,79,169,131,27,3,8,67,2,2,33,70,.277,.312,.370,.682,80,226,26,1,0,6,3,-1.3,-1.1,-0.3,-12.88,-1.2,-12.77,0.92,D354/6H,youngmi02
1377,Mark Loretta,2006,34,BOS,AL,155,703,635,75,181,143,33,0,5,59,4,1,49,63,.285,.345,.361,.706,80,229,16,12,2,5,1,0.8,-1.0,1.8,-12.97,-1.2,-14.24,1.01,*43/HD,loretma01
1378,Asdrúbal Cabrera,2015,29,TBR,AL,143,551,505,66,134,86,28,5,15,58,6,3,36,107,.265,.315,.430,.744,106,217,14,3,1,6,4,-1.1,-0.2,-0.8,-12.99,-1.3,0.21,1.09,*6/HD,cabreas01
1379,Austin Jackson,2014,27,DETSEA,AL,154,656,597,71,153,113,30,6,4,47,20,6,47,144,.256,.308,.347,.655,87,207,15,2,1,9,0,-0.7,-1.1,0.4,-13.08,-1.4,-17.70,0.92,*8/H,jacksau01
1380,Avisaíl García,2015,24,CHW,AL,148,601,553,66,142,110,17,2,13,59,7,7,36,141,.257,.309,.365,.675,89,202,13,8,0,4,3,-0.2,-1.2,1.0,-13.10,-1.3,-11.87,1.08,*9D/H,garciav01
1381,Melvin Mora,2007,35,BAL,AL,126,527,467,67,128,90,23,1,14,58,9,3,47,83,.274,.341,.418,.759,98,195,22,3,5,5,3,-1.1,-0.7,-0.2,-13.20,-1.2,-10.05,1.12,*5/HD,morame01
1382,Russell Martin,2009,26,LAD,NL,143,588,505,63,126,100,19,0,7,53,11,6,69,80,.250,.352,.329,.680,86,166,18,11,2,1,9,-2.6,-1.2,-1.2,-13.24,-1.3,-11.96,1.06,*2/HD5,martiru01
1383,Ronnie Belliard,2006,31,CLESTL,ALNL,147,590,544,63,148,104,30,1,13,67,2,3,36,81,.272,.322,.403,.725,87,219,17,5,3,2,2,-1.8,-0.8,-1.1,-13.25,-1.3,-15.37,0.96,*4/H5,belliro01
1384,Chris Johnson,2014,29,ATL,NL,153,611,582,43,153,116,27,0,10,58,6,0,23,159,.263,.292,.361,.653,84,210,23,2,2,2,2,-1.9,-1.7,-0.1,-13.29,-1.4,-15.36,1.09,*5/H3D,johnsch05
1385,Ryan Theriot,2009,29,CHC,NL,154,677,602,81,171,139,20,5,7,54,21,10,51,93,.284,.343,.369,.712,83,222,13,6,13,5,1,-1.7,-0.6,-1.2,-13.31,-1.2,-9.20,0.96,*6/H,theriry01
1386,Delmon Young,2008,22,MIN,AL,152,623,575,80,167,125,28,4,10,69,14,5,35,105,.290,.336,.405,.741,100,233,19,7,1,5,7,-1.2,-1.1,-0.1,-13.36,-1.3,-13.63,1.03,*7/H,youngde03
1387,Pedro Feliz,2006,31,SFG,NL,160,644,603,75,147,85,35,5,22,98,1,1,33,112,.244,.281,.428,.709,79,258,18,1,1,6,4,-1.4,-2.1,0.7,-13.46,-1.3,-20.87,1.04,*5/76,felizpe01
1388,Adam Jones,2008,22,BAL,AL,132,514,477,61,129,92,21,7,9,57,10,3,23,108,.270,.311,.400,.711,87,191,12,7,2,5,0,-0.6,-0.7,0.2,-13.50,-1.3,-13.55,1.03,*8/H,jonesad01
1389,Vladimir Guerrero,2011,36,BAL,AL,145,590,562,60,163,119,30,1,13,63,2,2,17,56,.290,.317,.416,.733,98,234,23,7,0,4,3,-1.0,-0.5,-0.5,-13.52,-1.3,-2.75,1.03,*D/H,guerrvl01
1390,Orlando Cabrera,2008,33,CHW,AL,161,730,661,93,186,144,33,1,8,57,19,6,56,71,.281,.334,.371,.705,84,245,16,1,3,9,1,-0.7,-1.1,0.4,-13.55,-1.3,-16.70,0.98,*6/H,cabreor01
1391,Jhonny Peralta,2006,24,CLE,AL,149,632,569,84,146,102,28,3,13,68,0,1,56,152,.257,.323,.385,.708,84,219,19,1,3,3,0,-0.6,-1.0,0.3,-13.74,-1.3,-15.10,0.90,*6/HD,peraljh01
1392,Juan Pierre,2007,29,LAD,NL,162,729,668,96,196,164,24,8,0,41,64,15,33,37,.293,.331,.353,.685,77,236,10,6,20,2,0,-1.5,-1.0,-0.5,-13.75,-1.3,-16.18,1.03,*8,pierrju01
1393,Anthony Gose,2015,24,DET,AL,140,535,485,73,123,86,24,8,5,26,23,11,45,145,.254,.321,.367,.688,90,178,11,3,2,0,0,-0.7,-0.5,-0.2,-13.81,-1.4,-9.12,0.96,*8/H,gosean01
1394,Wilson Ramos,2015,27,WSN,NL,128,504,475,41,109,78,16,0,15,68,0,0,21,101,.229,.258,.358,.616,66,170,16,0,0,8,2,-1.4,-0.7,-0.7,-13.84,-1.4,-8.70,1.00,*2/HD,ramoswi01
1395,Elvis Andrus,2014,25,TEX,AL,157,685,619,72,163,125,35,1,2,41,27,15,46,96,.263,.314,.333,.647,81,206,21,3,9,7,0,-1.7,-1.6,-0.2,-13.94,-1.4,-16.01,0.95,*6/DH,andruel01
1396,Jason Bartlett,2011,31,SDP,NL,139,618,554,61,136,109,22,3,2,40,23,10,48,98,.245,.308,.307,.615,76,170,13,5,5,6,0,-1.5,-1.8,0.3,-14.05,-1.5,-18.13,1.01,*6/H,bartlja01
1397,Aaron Hill,2010,28,TOR,AL,138,580,528,70,108,60,22,0,26,68,2,2,41,85,.205,.271,.394,.665,78,208,8,8,1,2,2,-2.2,-0.9,-1.6,-14.22,-1.4,-12.17,0.90,*4/D,hillaa01
1398,Jhonny Peralta,2012,30,DET,AL,150,585,531,58,127,79,32,3,13,63,1,2,49,105,.239,.305,.384,.689,84,204,20,2,1,2,3,-1.5,-1.3,-0.1,-14.31,-1.4,-14.00,1.04,*6/DH,peraljh01
1399,Miguel Tejada,2008,34,HOU,NL,158,666,632,92,179,125,38,3,13,66,7,7,24,72,.283,.314,.415,.729,92,262,32,6,1,3,4,-1.4,-0.9,-0.5,-14.48,-1.4,-13.55,1.00,*6/H,tejadmi01
1400,Yunel Escobar,2010,27,ATLTOR,ALNL,135,567,497,60,127,104,19,0,4,35,6,2,56,57,.256,.337,.318,.655,80,158,18,5,9,0,1,-2.5,-1.5,-1.1,-14.57,-1.4,-15.45,0.95,*6/H,escobyu01
1401,Garret Anderson,2009,37,ATL,NL,135,534,496,52,133,93,27,0,13,61,1,0,27,73,.268,.303,.401,.705,85,199,11,2,0,9,2,-1.4,-1.2,-0.2,-14.60,-1.4,-11.68,1.00,*7H/D,anderga01
1402,Ichiro Suzuki,2012,38,NYYSEA,AL,162,663,629,77,178,135,28,6,9,55,29,7,22,61,.283,.307,.390,.696,93,245,12,2,5,5,5,-2.5,-1.3,-1.2,-14.68,-1.6,-15.17,1.01,*97/8HD,suzukic01
1403,Rafael Furcal,2007,29,LAD,NL,138,643,581,87,157,124,23,4,6,47,25,6,55,68,.270,.333,.355,.687,78,206,11,1,2,3,3,-1.3,-0.9,-0.4,-14.69,-1.4,-12.12,0.98,*6,furcara02
1404,Elvis Andrus,2015,26,TEX,AL,160,661,596,69,154,111,34,2,7,62,25,9,46,78,.258,.309,.357,.667,80,213,14,2,8,9,1,-0.7,-1.2,0.5,-14.73,-1.4,-16.50,0.95,*6,andruel01
1405,Mark Ellis,2008,31,OAK,AL,117,507,442,55,103,68,20,3,12,41,14,2,53,65,.233,.321,.373,.694,89,165,11,5,5,2,2,-1.9,-0.9,-0.9,-14.86,-1.5,-8.86,1.07,*4/HD,ellisma01
1406,Jason Kendall,2007,33,CHCOAK,ALNL,137,514,466,45,113,89,20,1,3,41,3,4,31,42,.242,.301,.309,.610,62,144,8,9,5,3,2,-0.8,-1.8,1.0,-14.93,-1.5,-22.26,1.00,*2/H7,kendaja01
1407,Juan Uribe,2007,28,CHW,AL,150,563,513,55,120,80,18,2,20,68,1,9,34,112,.234,.284,.394,.678,74,202,6,4,7,5,2,-0.2,-1.3,1.1,-14.96,-1.4,-18.96,0.97,*6,uribeju01
1408,Zack Cozart,2013,27,CIN,NL,151,618,567,74,144,99,30,3,12,63,0,0,26,102,.254,.284,.381,.665,82,216,18,2,13,10,2,-1.7,-0.2,-1.6,-15.09,-1.5,-5.15,0.96,*6/H,cozarza01
1409,Orlando Cabrera,2010,35,CIN,NL,123,537,494,64,130,93,33,0,4,42,11,4,28,53,.263,.303,.354,.657,76,175,11,3,5,7,0,-1.2,-0.9,-0.3,-15.12,-1.5,-13.36,1.00,*6/H,cabreor01
1410,Pablo Sandoval,2015,28,BOS,AL,126,505,470,43,115,79,25,1,10,47,0,0,25,73,.245,.292,.366,.658,75,172,14,7,1,2,1,-1.3,-1.7,0.3,-15.21,-1.5,-17.80,0.94,*5/H,sandopa01
1411,Jeff Francoeur,2009,25,ATLNYM,NL,157,632,593,72,166,115,32,4,15,76,6,4,23,92,.280,.309,.423,.732,93,251,13,6,1,9,5,-2.0,-0.4,-1.4,-15.22,-1.5,-7.57,1.10,*9/H,francje02
1412,Jose Altuve,2013,23,HOU,AL,152,672,626,64,177,139,31,2,5,52,35,13,32,85,.283,.316,.363,.678,89,227,24,2,4,8,5,-1.6,-2.3,0.6,-15.31,-1.5,-16.13,0.99,*4/D,altuvjo01
1413,Alexei Ramírez,2015,33,CHW,AL,154,622,583,54,145,102,33,0,10,62,17,7,31,68,.249,.285,.357,.642,79,208,18,1,1,6,2,-2.2,-1.7,-0.3,-15.32,-1.6,-15.30,1.11,*6/H1D,ramiral03
1414,David Eckstein,2006,31,STL,NL,123,552,500,68,146,125,18,1,2,23,7,6,31,41,.292,.350,.344,.694,81,172,7,15,3,3,0,-1.1,-1.1,-0.1,-15.51,-1.5,-13.49,0.98,*6/H,eckstda01
1415,Iván Rodríguez,2007,35,DET,AL,129,515,502,50,141,96,31,3,11,63,2,2,9,96,.281,.294,.420,.714,84,211,16,1,1,2,1,-1.9,-1.8,-0.2,-15.74,-1.5,-20.03,0.98,*2/HD,rodriiv01
1416,Andrelton Simmons,2015,25,ATL,NL,147,583,535,60,142,113,23,2,4,44,5,3,39,48,.265,.321,.338,.660,84,181,19,6,1,2,6,-1.4,-1.1,-0.3,-15.76,-1.6,-12.98,1.02,*6/H,simmoan01
1417,Shea Hillenbrand,2006,30,SFGTOR,ALNL,141,566,530,73,147,98,27,1,21,68,1,2,21,80,.277,.313,.451,.764,94,239,22,9,0,6,2,-2.4,-0.5,-2.1,-15.81,-1.5,-9.61,0.95,3D5/H,hillesh02
1418,Gordon Beckham,2011,24,CHW,AL,150,557,499,60,115,82,23,0,10,44,5,3,35,111,.230,.296,.337,.633,70,168,6,13,7,3,0,-1.7,-1.3,-0.4,-15.87,-1.5,-14.27,1.04,*4/HD,beckhgo01
1419,Ronny Cedeño,2010,27,PIT,NL,139,502,468,42,120,80,29,3,8,38,12,3,23,106,.256,.293,.382,.675,82,179,10,2,7,2,4,-1.5,-1.3,-0.2,-15.95,-1.6,-12.72,0.97,*6/H,cedenro02
1420,Derek Jeter,2014,40,NYY,AL,145,634,581,47,149,125,19,1,4,50,10,2,35,87,.256,.304,.313,.617,76,182,15,6,8,4,0,-2.2,-1.7,-0.5,-15.97,-1.6,-17.81,1.02,*6D/H,jeterde01
1421,Stephen Drew,2007,24,ARI,NL,150,619,543,60,129,85,28,4,12,60,9,0,60,100,.238,.313,.370,.683,71,201,4,3,5,8,5,-0.7,-1.5,0.8,-16.03,-1.5,-18.53,0.99,*6/H,drewst01
1422,Adeiny Hechavarría,2014,25,MIA,NL,146,574,536,53,148,117,20,10,1,34,7,5,26,86,.276,.308,.356,.664,86,191,21,1,4,6,5,-1.5,-1.3,-0.1,-16.25,-1.7,-14.90,1.08,*6,hechaad01
1423,Felipe López,2007,27,WSN,NL,154,671,603,70,148,108,25,6,9,50,24,9,53,109,.245,.308,.352,.659,75,212,11,4,5,6,1,-1.5,-1.9,0.4,-16.30,-1.6,-20.81,1.03,*64/H,lopezfe01
1424,Justin Smoak,2012,25,SEA,AL,132,535,483,49,105,72,14,0,19,51,1,0,49,111,.217,.290,.364,.654,85,176,12,1,0,2,2,-2.0,-1.4,-0.6,-16.50,-1.7,-13.18,1.02,*3/D,smoakju01
1425,Ray Durham,2007,35,SFG,NL,138,528,464,56,101,67,21,2,11,71,10,2,53,75,.218,.295,.343,.638,64,159,18,2,0,9,6,-1.4,-1.5,0.3,-16.81,-1.6,-17.23,1.15,*4H,durhara01
1426,Allen Craig,2014,29,BOSSTL,ALNL,126,505,461,41,99,70,20,1,8,46,2,1,35,113,.215,.279,.315,.594,67,145,14,7,0,2,0,-1.9,-1.8,-0.1,-16.81,-1.8,-18.39,1.00,937/HD,craigal01
1427,Clint Barmes,2006,27,COL,NL,131,535,478,57,105,68,26,4,7,56,5,4,22,72,.220,.264,.335,.598,47,160,2,9,19,7,6,-1.9,-2.2,0.4,-16.91,-1.5,-26.72,1.04,*6/H4,barmecl01
1428,Kevin Kouzmanoff,2010,28,OAK,AL,143,586,551,59,136,87,32,1,16,71,2,1,24,96,.247,.283,.396,.679,84,218,20,6,0,5,2,-0.9,-1.3,0.4,-16.94,-1.7,-15.41,1.05,*5/H,kouzmke01
1429,Nyjer Morgan,2010,29,WSN,NL,136,577,509,60,129,105,17,7,0,24,34,17,40,88,.253,.319,.314,.633,73,160,2,10,15,3,1,-1.4,-1.7,0.3,-17.01,-1.7,-17.47,1.00,*8/H,morgany01
1430,Andrelton Simmons,2014,24,ATL,NL,146,576,540,44,132,103,18,4,7,46,4,5,32,60,.244,.286,.331,.617,75,179,25,0,2,2,4,-2.8,-2.0,-0.7,-17.07,-1.8,-20.68,1.02,*6/H,simmoan01
1431,Yuniesky Betancourt,2006,24,SEA,AL,157,584,558,68,161,119,28,6,8,47,11,8,17,54,.289,.310,.403,.713,86,225,10,1,7,1,0,-2.0,-1.4,-0.7,-17.31,-1.6,-18.60,0.97,*6,betanyu01
1432,Carlos Gómez,2008,22,MIN,AL,153,614,577,79,149,111,24,7,7,59,33,11,25,142,.258,.296,.360,.657,77,208,7,7,3,2,0,-2.8,-1.5,-1.3,-17.49,-1.7,-20.06,0.99,*8/HD,gomezca01
1433,Jean Segura,2015,25,MIL,NL,142,584,560,57,144,117,16,5,6,50,25,6,13,93,.257,.281,.336,.616,68,188,14,6,3,2,2,-3.1,-2.3,-1.0,-17.97,-1.8,-23.28,0.95,*6/H,segurje01
1434,Jack Wilson,2006,28,PIT,NL,142,594,543,70,148,112,27,1,8,35,4,3,33,65,.273,.316,.370,.686,77,201,15,4,9,5,0,-1.4,-1.4,0.1,-18.02,-1.7,-16.88,0.99,*6H,wilsoja02
1435,Vernon Wells,2009,30,TOR,AL,158,684,630,84,164,109,37,3,15,66,17,4,48,86,.260,.311,.400,.711,86,252,18,1,0,5,2,-2.7,-0.9,-1.6,-18.07,-1.7,-14.44,1.07,*8/DH,wellsve01
1436,Miguel Olivo,2011,32,SEA,AL,130,507,477,54,107,68,19,1,19,62,6,5,20,140,.224,.253,.388,.641,81,185,7,1,1,8,2,-1.7,-1.1,-0.5,-18.19,-1.9,-13.65,1.07,*2/HD,olivomi01
1437,Ryan Theriot,2010,30,CHCLAD,NL,150,640,586,72,158,139,15,2,2,29,20,9,41,74,.270,.321,.312,.633,71,183,13,4,7,2,3,-3.4,-1.9,-1.5,-18.67,-1.8,-17.38,0.99,*46/H,theriry01
1438,Michael Bourn,2008,25,HOU,NL,138,514,467,57,107,88,10,4,5,29,41,10,37,111,.229,.288,.300,.588,57,140,3,2,7,1,0,-2.4,-1.9,-0.5,-18.70,-1.8,-22.03,0.98,*8H,bournmi01
1439,Álex Ríos,2009,28,CHWTOR,AL,149,633,582,63,144,94,31,2,17,71,24,5,37,107,.247,.296,.395,.691,79,230,21,6,1,7,1,-1.6,-0.9,-0.5,-18.79,-1.8,-14.68,1.09,*98,riosal01
1440,Alberto Callaspo,2010,27,KCRLAA,AL,146,601,562,61,149,110,27,2,10,56,5,3,31,42,.265,.302,.374,.675,85,210,22,1,1,6,3,-2.4,-1.4,-0.7,-18.83,-1.9,-18.70,1.09,*54/H7D,callaal01
1441,Kurt Suzuki,2011,27,OAK,AL,134,515,460,54,109,69,26,0,14,44,2,2,38,64,.237,.301,.385,.686,89,177,14,7,3,7,1,-3.2,-1.0,-2.2,-19.44,-1.9,-9.84,0.99,*2/DH,suzukku01
1442,Zack Cozart,2012,26,CIN,NL,138,600,561,72,138,86,33,4,15,35,4,0,31,113,.246,.288,.399,.687,82,224,11,3,2,3,0,-1.3,-0.6,-0.8,-20.03,-2.0,-8.27,0.93,*6/H,cozarza01
1443,Alex Gordon,2007,23,KCR,AL,151,601,543,60,134,79,36,4,15,60,14,4,41,137,.247,.314,.411,.725,90,223,12,13,1,2,4,-2.0,-1.1,-1.0,-20.31,-1.9,-17.86,0.97,*53/H6,gordoal01
1444,J.J. Hardy,2012,29,BAL,AL,158,713,663,85,158,104,30,2,22,68,0,0,38,106,.238,.282,.389,.671,81,258,21,3,7,2,4,-1.7,-1.6,-0.1,-20.39,-2.0,-20.36,0.97,*6,hardyjj01
1445,Ángel Pagán,2015,33,SFG,NL,133,551,512,55,134,107,21,3,3,37,12,4,32,93,.262,.303,.332,.635,75,170,12,1,0,6,0,-1.0,-2.2,1.2,-20.41,-2.1,-22.48,1.00,*8H/D,paganan01
1446,Mike Moustakas,2013,24,KCR,AL,136,514,472,42,110,72,26,0,12,42,2,4,32,83,.233,.287,.364,.651,77,172,13,5,1,4,1,-2.7,-1.5,-1.0,-20.59,-2.0,-15.39,1.08,*5/H,moustmi01
1447,Emilio Bonifácio,2009,24,FLA,NL,127,509,461,72,116,98,11,6,1,27,21,9,34,95,.252,.303,.308,.611,61,142,5,2,8,4,0,-1.6,-1.7,0.0,-20.97,-2.0,-20.32,1.02,56H8/47,bonifem01
1448,Xander Bogaerts,2014,21,BOS,AL,144,594,538,60,129,88,28,1,12,46,2,3,39,138,.240,.297,.362,.660,84,195,11,8,2,7,1,-2.2,-1.5,-0.6,-21.00,-2.1,-9.31,1.07,65/H,bogaexa01
1449,José Castillo,2006,25,PIT,NL,148,562,518,54,131,92,25,0,14,65,6,4,32,98,.253,.299,.382,.682,75,198,22,5,1,6,8,-2.7,-1.9,-0.5,-21.05,-2.0,-20.58,1.12,*4/H,castijo02
1450,Jhonny Peralta,2009,27,CLE,AL,151,645,582,57,148,101,35,1,11,83,0,2,51,134,.254,.316,.375,.690,85,218,20,4,2,6,0,-1.8,-1.4,-0.3,-21.21,-2.1,-19.49,1.03,56/DH,peraljh01
1451,Julio Lugo,2007,31,BOS,AL,147,630,570,71,135,89,36,2,8,73,33,6,48,82,.237,.294,.349,.643,65,199,9,0,8,4,0,-1.5,-2.3,0.9,-21.38,-2.0,-27.75,1.04,*6/HD,lugoju01
1452,Mark Teahen,2008,26,KCR,AL,149,623,572,66,146,96,31,4,15,59,4,3,46,131,.255,.313,.402,.715,90,230,6,3,0,2,4,-2.1,-1.4,-0.9,-21.99,-2.1,-18.78,0.93,*9753/8DH,teahema01
1453,Starlin Castro,2013,23,CHC,NL,161,705,666,59,163,117,34,2,10,44,9,6,30,129,.245,.284,.347,.631,73,231,21,7,1,1,0,-2.4,-2.0,-0.5,-22.14,-2.3,-20.82,0.96,*6/H,castrst01
1454,Robinson Canó,2008,25,NYY,AL,159,634,597,70,162,110,35,3,14,72,2,4,26,65,.271,.305,.410,.715,86,245,18,5,1,5,3,-1.1,-1.1,0.0,-22.53,-2.1,-17.95,0.99,*4/H,canoro01
1455,Erick Aybar,2010,26,LAA,AL,138,589,534,69,135,108,18,4,5,29,22,8,35,81,.253,.306,.330,.636,77,176,7,7,11,2,1,-2.7,-1.9,-0.8,-22.64,-2.3,-22.45,0.99,*6/HD,aybarer01
1456,Royce Clayton,2006,36,CINWSN,NL,137,502,454,49,117,84,30,1,2,40,14,6,30,85,.258,.307,.341,.648,69,155,11,5,7,6,3,-2.1,-2.2,0.1,-22.93,-2.2,-24.25,1.00,*6H,claytro01
1457,José López,2007,23,SEA,AL,149,561,524,58,132,102,17,2,11,62,2,3,20,64,.252,.284,.355,.639,71,186,16,5,9,3,0,-1.5,-2.0,0.4,-23.04,-2.2,-27.14,0.97,*4/H5,lopezjo01
1458,Craig Biggio,2007,41,HOU,NL,141,555,517,68,130,86,31,3,10,50,4,3,23,112,.251,.285,.381,.666,71,197,5,3,7,5,0,-2.2,-2.1,0.1,-23.17,-2.2,-21.24,1.06,*4H/D2,biggicr01
1459,Bobby Crosby,2008,28,OAK,AL,145,605,556,66,132,85,39,1,7,61,7,3,47,96,.237,.296,.349,.645,75,194,18,0,0,2,0,-2.5,-2.7,0.4,-23.24,-2.3,-27.89,1.09,*6/H,crosbbo01
1460,Adam Everett,2006,29,HOU,NL,150,566,514,52,123,83,28,6,6,59,9,6,34,71,.239,.290,.352,.642,64,181,5,4,10,4,5,-3.2,-2.4,-0.8,-23.73,-2.2,-27.81,1.00,*6/H,everead01
1461,Jeff Francoeur,2012,28,KCR,AL,148,603,561,58,132,87,26,3,16,49,4,7,34,119,.235,.287,.378,.665,80,212,14,7,0,1,9,-2.6,-1.7,-0.9,-23.89,-2.4,-19.51,1.02,*9/8HD,francje02
1462,Jorge Cantú,2010,28,FLATEX,ALNL,127,515,472,50,121,80,29,1,11,56,0,0,29,95,.256,.304,.392,.695,84,185,15,6,1,7,1,-0.8,-1.0,0.2,-23.92,-2.3,-14.09,0.98,53/DH4,cantujo01
1463,Zack Cozart,2014,28,CIN,NL,147,543,506,48,112,85,18,5,4,38,7,0,25,79,.221,.268,.300,.568,60,152,13,7,5,0,3,-2.5,-2.7,0.4,-23.96,-2.5,-26.71,1.08,*6/H,cozarza01
1464,Yunel Escobar,2012,29,TOR,AL,145,608,558,58,141,109,22,1,9,51,5,1,35,70,.253,.300,.344,.644,75,192,21,4,7,4,1,-2.6,-2.2,-0.4,-24.22,-2.4,-24.52,1.00,*6/HD,escobyu01
1465,Mark Ellis,2011,34,COLOAK,ALNL,132,519,480,55,119,87,24,1,7,41,14,5,22,75,.248,.288,.346,.634,68,166,8,6,9,2,0,-3.4,-1.5,-1.7,-24.24,-2.4,-20.20,1.06,*4/H3,ellisma01
1466,Chris Owings,2015,23,ARI,NL,147,552,515,59,117,81,27,5,4,43,16,4,26,144,.227,.264,.322,.587,57,166,9,1,7,3,3,-3.4,-2.7,-0.6,-24.55,-2.4,-29.13,1.02,*46H,owingch01
1467,Yuniesky Betancourt,2011,29,MIL,NL,152,584,556,51,140,97,27,3,13,68,4,4,16,63,.252,.271,.381,.652,75,212,16,2,0,10,3,-2.4,-1.1,-1.3,-24.70,-2.5,-15.56,0.96,*6/H,betanyu01
1468,Craig Biggio,2006,40,HOU,NL,145,607,548,79,135,81,33,0,21,62,3,2,40,84,.246,.306,.422,.727,84,231,15,9,5,5,1,-2.0,-0.8,-1.1,-24.71,-2.3,-15.33,1.01,*4H/D,biggicr01
1469,Jemile Weeks,2012,25,OAK,AL,118,511,444,54,98,73,15,8,2,20,16,5,50,70,.221,.305,.304,.609,73,135,5,5,9,3,0,-2.4,-1.5,-0.7,-24.85,-2.5,-17.17,1.05,*4/HD,weeksje01
1470,Alcides Escobar,2013,26,KCR,AL,158,642,607,57,142,114,20,4,4,52,22,0,19,84,.234,.259,.300,.559,53,182,12,3,9,4,1,-2.5,-3.3,1.1,-24.95,-2.5,-36.09,1.11,*6/H,escobal02
1471,A.J. Pierzynski,2007,30,CHW,AL,136,509,472,54,124,86,24,0,14,50,1,1,25,66,.263,.309,.403,.712,83,190,21,8,1,3,5,-1.5,-1.6,0.2,-24.99,-2.3,-21.47,1.06,*2H,pierza.01
1472,Casey McGehee,2011,28,MIL,NL,155,600,546,46,122,83,24,2,13,67,0,3,45,104,.223,.280,.346,.626,69,189,19,1,0,8,4,-1.4,-2.4,1.0,-25.23,-2.5,-24.69,1.02,*5/H3D,mcgehca01
1473,Delmon Young,2012,26,DET,AL,151,608,574,54,153,107,27,1,18,74,0,2,20,112,.267,.296,.411,.707,88,236,20,7,0,7,1,-3.2,-1.4,-1.6,-25.58,-2.5,-18.05,1.06,*D7/H,youngde03
1474,Alcides Escobar,2011,24,KCR,AL,158,598,548,69,139,106,21,8,4,46,26,9,25,73,.254,.290,.343,.633,74,188,10,4,18,3,1,-4.8,-2.0,-2.3,-25.72,-2.6,-23.95,1.14,*6/H,escobal02
1475,Álex González,2011,34,ATL,NL,149,593,564,59,136,93,27,1,15,56,2,0,22,126,.241,.270,.372,.642,74,210,19,1,4,2,1,-2.0,-1.6,-0.3,-26.26,-2.7,-16.31,1.06,*6/H,gonzaal02
1476,Brandon Moss,2015,31,CLESTL,ALNL,145,526,469,47,106,61,24,2,19,58,0,1,49,148,.226,.304,.407,.711,90,191,12,5,0,3,4,-1.9,-1.0,-0.8,-26.40,-2.6,-10.05,1.05,93H7/D,mossbr01
1477,Jimmy Rollins,2015,36,LAD,NL,144,563,517,71,116,76,24,3,13,41,12,8,44,86,.224,.285,.358,.643,79,185,12,0,1,1,0,-2.5,-1.8,-0.8,-26.61,-2.8,-17.83,0.99,*6H,rolliji01
1478,Yuniesky Betancourt,2009,27,KCRSEA,AL,134,508,470,40,115,83,20,6,6,49,3,3,21,44,.245,.274,.351,.625,66,165,17,0,11,6,0,-2.2,-2.5,0.3,-26.61,-2.6,-31.58,1.00,*6/H,betanyu01
1479,Marcus Semien,2015,24,OAK,AL,155,601,556,65,143,98,23,7,15,45,11,5,42,132,.257,.310,.405,.715,98,225,16,1,1,1,1,-4.3,-1.4,-2.5,-26.96,-2.7,-15.84,1.09,*6/H,semiema01
1480,Yuniesky Betancourt,2008,26,SEA,AL,153,590,559,66,156,110,36,3,7,51,4,4,17,42,.279,.300,.392,.691,85,219,23,2,6,6,0,-2.9,-1.5,-1.1,-27.25,-2.7,-20.99,1.09,*6/H,betanyu01
1481,Omar Vizquel,2007,40,SFG,NL,145,575,513,54,126,101,18,3,4,51,14,6,44,48,.246,.305,.316,.621,61,162,14,1,14,3,6,-3.1,-2.7,-0.2,-27.97,-2.6,-32.19,1.06,*6/H,vizquom01
1482,Alcides Escobar,2015,28,KCR,AL,148,662,612,76,157,129,20,5,3,47,17,5,26,75,.257,.293,.320,.614,67,196,10,8,11,5,1,-3.0,-3.0,-0.2,-28.13,-2.8,-31.67,0.93,*6,escobal02
1483,Tony Peña,2007,26,KCR,AL,152,536,509,58,136,102,25,7,2,47,5,6,10,78,.267,.284,.356,.640,68,181,13,4,8,5,0,-2.9,-2.6,-0.4,-29.42,-2.8,-31.14,0.96,*6/H4D,penato02
1484,José López,2010,26,SEA,AL,150,622,593,49,142,103,29,0,10,58,3,2,23,66,.239,.270,.339,.609,71,201,20,3,0,3,1,-1.2,-3.0,1.8,-29.59,-3.0,-33.39,1.08,*5/DH,lopezjo01
1485,Nick Punto,2007,29,MIN,AL,150,536,472,53,99,76,18,4,1,25,16,6,55,90,.210,.291,.271,.562,53,128,7,0,6,3,1,-2.4,-2.8,0.5,-30.19,-2.9,-34.61,1.04,564/H,puntoni01
1486,Adeiny Hechavarría,2013,24,MIA,NL,148,578,543,30,123,98,14,8,3,42,11,10,30,96,.227,.267,.298,.565,56,162,19,0,4,1,1,-3.8,-3.8,0.4,-30.46,-3.1,-36.12,1.11,*6/H,hechaad01
1487,Brad Ausmus,2006,37,HOU,NL,139,502,439,37,101,82,16,1,2,39,3,1,45,71,.230,.308,.285,.593,54,125,21,6,9,3,2,-2.5,-2.7,0.2,-31.68,-3.0,-32.84,0.99,*2/4H3,ausmubr01
1488,César Izturis,2010,30,BAL,AL,150,513,473,42,109,94,13,1,1,28,11,5,25,53,.230,.277,.268,.545,51,127,11,6,7,2,1,-2.6,-3.2,0.6,-31.89,-3.2,-35.65,1.02,*6/H,izturce01
1489,Darwin Barney,2013,27,CHC,NL,141,555,501,49,104,71,25,1,7,41,4,2,36,64,.208,.266,.303,.569,57,152,22,6,4,6,5,-2.9,-2.5,-0.3,-32.73,-3.4,-27.18,1.03,*4/H,barneda01
1490,Alcides Escobar,2010,23,MIL,NL,145,552,506,57,119,91,14,10,4,41,10,4,36,70,.235,.288,.326,.614,66,165,8,3,4,3,7,-3.2,-2.6,-0.8,-32.80,-3.3,-28.45,0.94,*6/H798,escobal02
1491,Matt Dominguez,2014,24,HOU,AL,157,607,564,51,121,88,17,0,16,57,0,1,29,125,.215,.256,.330,.586,65,186,23,5,2,7,2,-3.8,-3.0,-0.8,-34.95,-3.6,-32.94,1.00,*5/D,dominma01
1492,Jeff Francoeur,2008,24,ATL,NL,155,653,599,70,143,96,33,3,11,71,0,1,39,111,.239,.294,.359,.653,72,215,18,10,0,4,5,-3.8,-2.3,-1.1,-38.18,-3.7,-25.85,1.09,*9/H,francje02
1493,Ángel Berroa,2006,28,KCR,AL,132,503,474,45,111,83,18,1,9,54,3,1,14,88,.234,.259,.333,.592,52,158,21,3,9,3,1,-3.4,-3.0,-0.3,-39.57,-3.7,-37.44,1.07,*6/H,berroan01
1494,Álex Ríos,2011,30,CHW,AL,145,570,537,64,122,85,22,2,13,44,11,6,27,68,.227,.265,.348,.613,63,187,20,2,0,4,4,-3.7,-3.3,-0.3,-40.31,-3.9,-37.72,1.04,*8/HD,riosal01
1495,Ronny Cedeño,2006,23,CHC,NL,151,572,534,51,131,100,18,7,6,41,8,8,17,109,.245,.271,.339,.610,54,181,10,3,15,3,4,-4.6,-3.6,-1.1,-46.69,-4.4,-45.60,0.96,*64/H,cedenro02