Rk,I,Player,Split,Year,G,PA,PAtot,%,GS,AB,R,H,2B,3B,HR,RBI,SB,CS,BB,SO,BA,OBP,SLG,OPS,TB,GDP,HBP,SH,SF,IBB,ROE,BAbip,tOPS+,sOPS+,Player-additional
1,,Jorge Cantú,Men On,2009,140,366,643,56.9,,331,61,86,15,0,10,94,3,1,26,43,.260,.317,.396,.713,131,15,4,0,5,4,7,.269,81,87,cantujo01
2,,Ryan Howard,Men On,2007,139,367,648,56.6,,278,77,82,16,0,30,119,1,0,79,104,.295,.447,.676,1.123,188,13,3,0,7,35,2,.344,130,185,howarry01
3,,Justin Morneau,Men On,2008,156,400,712,56.2,,333,89,110,27,3,16,122,0,1,54,47,.330,.418,.574,.991,191,20,3,0,10,16,4,.336,127,156,morneju01
4,,Brian McCann,Men On,2010,136,316,566,55.8,,257,51,68,16,0,9,65,5,2,50,55,.265,.389,.432,.821,111,12,5,0,4,10,3,.299,99,120,mccanbr01
5,,Alex Rodriguez,Men On,2007,156,393,708,55.5,,313,125,103,14,0,36,138,24,4,55,71,.329,.443,.719,1.162,225,15,16,0,9,11,2,.312,116,194,rodrial01
6,,Garrett Atkins,Men On,2008,149,365,664,55.0,,328,81,84,13,1,16,94,1,1,25,62,.256,.304,.448,.752,147,20,2,0,10,0,4,.262,92,94,atkinga01
7,,David Ortiz,Men On,2013,132,328,600,54.7,,264,69,87,16,1,15,88,4,0,58,49,.330,.445,.568,1.013,150,21,1,0,5,27,2,.351,113,179,ortizda01
8,,Adam LaRoche,Men On,2014,133,320,586,54.6,,256,62,66,5,0,15,81,3,0,55,59,.258,.381,.453,.834,116,13,1,0,8,9,3,.268,105,131,larocad01
9,,Alex Rodriguez,Men On,2008,134,322,594,54.2,,267,81,74,17,0,12,80,18,3,40,68,.277,.385,.476,.861,127,16,10,0,5,9,4,.323,81,124,rodrial01
10,,Pat Burrell,Men On,2006,134,307,567,54.1,,242,65,65,14,1,14,80,0,0,61,71,.269,.410,.508,.919,123,11,0,0,4,5,2,.317,107,133,burrepa01
11,,Josh Willingham,Men On,2012,135,330,615,53.7,,268,67,75,20,1,17,92,3,2,46,71,.280,.397,.552,.949,148,15,10,0,6,4,3,.312,114,152,willijo03
12,,Manny Ramirez,Men On,2007,129,305,569,53.6,,252,71,72,19,1,7,75,0,0,39,50,.286,.384,.452,.836,114,21,6,0,8,13,2,.320,91,115,ramirma02
13,,Josh Willingham,Men On,2011,126,302,563,53.6,,252,56,67,15,0,16,85,4,1,36,71,.266,.361,.516,.877,130,6,6,0,8,3,1,.295,117,137,willijo03
14,,Michael Cuddyer,Men On,2006,141,340,635,53.5,,286,90,91,23,5,12,97,6,0,44,66,.318,.409,.559,.968,160,11,4,0,6,5,1,.369,124,144,cuddymi01
15,,Magglio Ordóñez,Men On,2008,139,333,623,53.5,,293,62,94,17,1,11,93,1,5,31,36,.321,.384,.498,.883,146,27,3,0,6,2,0,.329,103,128,ordonma01
16,,David Ortiz,Men On,2010,137,324,606,53.5,,267,68,76,25,0,14,84,0,1,51,72,.285,.398,.536,.934,143,12,2,0,4,14,0,.335,109,148,ortizda01
17,,Matt Holliday,Men On,2006,147,356,667,53.4,,315,100,100,21,2,15,95,10,5,29,65,.317,.388,.540,.927,170,22,9,0,3,3,2,.357,92,134,hollima01
18,,Andruw Jones,Men On,2006,150,357,669,53.4,,289,85,79,15,0,19,107,4,1,53,64,.273,.387,.522,.909,151,13,6,0,9,9,1,.279,105,130,jonesan01
19,,Bengie Molina,Men On,2008,134,303,569,53.3,,274,39,84,21,0,8,87,0,0,13,22,.307,.337,.471,.807,129,23,5,0,11,5,3,.298,111,109,molinbe01
20,,Ray Durham,Men On,2007,127,281,528,53.2,,242,53,60,10,1,8,68,10,2,29,40,.248,.320,.397,.717,96,18,1,0,9,6,6,.256,124,84,durhara01
21,,Jason Giambi,Men On,2006,129,308,579,53.2,,219,76,58,18,0,21,97,2,0,72,51,.265,.455,.635,1.089,139,10,10,0,7,12,2,.240,124,175,giambja01
22,,Ryan Howard,Men On,2014,138,345,648,53.2,,292,56,76,13,0,14,86,0,0,44,101,.260,.359,.449,.808,131,10,4,0,5,7,3,.341,134,123,howarry01
23,,Aramis Ramírez,Men On,2007,123,297,558,53.2,,258,61,80,19,3,15,90,0,0,30,41,.310,.384,.581,.965,150,13,4,0,5,8,6,.314,111,145,ramirar01
24,,Justin Upton,Men On,2014,143,341,641,53.2,,296,66,77,18,0,18,91,8,4,31,97,.260,.332,.503,.836,149,10,5,0,8,1,1,.312,100,128,uptonju01
25,,Brian McCann,Men On,2008,133,304,573,53.1,,261,55,83,22,0,10,74,5,0,38,32,.318,.405,.517,.922,135,17,2,0,3,4,2,.329,107,139,mccanbr01
26,,Alex Rodriguez,Men On,2009,117,284,535,53.1,,230,63,65,11,0,15,85,14,2,45,53,.283,.408,.526,.935,121,13,6,0,3,7,2,.303,100,144,rodrial01
27,,Jeff Francoeur,Men On,2009,150,335,632,53.0,,308,63,79,17,2,6,67,6,4,14,49,.256,.287,.383,.671,118,13,3,1,9,5,3,.279,83,75,francje02
28,,Nomar Garciaparra,Men On,2006,116,277,523,53.0,,243,74,81,17,2,12,85,3,0,27,18,.333,.401,.568,.969,138,15,3,0,4,9,2,.318,122,144,garcino01
29,,Kevin Youkilis,Men On,2011,110,274,517,53.0,,226,64,68,22,2,13,76,3,0,33,52,.301,.409,.588,.997,133,14,11,0,4,3,3,.333,138,169,youklke01
30,,J.D. Drew,Men On,2006,132,314,594,52.9,,253,72,73,18,4,8,88,2,3,52,55,.289,.406,.486,.892,123,4,2,1,6,8,5,.332,101,127,drewj.01
31,,Vladimir Guerrero,Men On,2010,144,340,643,52.9,,309,70,96,16,1,16,102,4,5,21,31,.311,.356,.524,.880,162,19,4,0,6,5,2,.299,109,132,guerrvl01
32,,Adam LaRoche,Men On,2008,127,293,554,52.9,,258,54,75,16,1,13,73,1,1,27,87,.291,.355,.512,.867,132,9,2,0,6,7,2,.378,107,123,larocad01
33,,Carlos Santana,Men On,2015,142,352,666,52.9,,287,61,67,19,2,8,74,11,3,59,61,.233,.361,.397,.758,114,20,1,0,5,8,1,.265,102,105,santaca01
34,,Miguel Cabrera,Men On,2010,142,342,648,52.8,,278,88,90,22,0,15,103,3,3,55,61,.324,.427,.565,.992,157,17,1,0,8,32,2,.357,93,163,cabremi01
35,,Alex Rodriguez,Men On,2006,147,356,674,52.8,,294,97,86,12,1,19,105,15,4,53,70,.293,.404,.534,.939,157,22,5,0,4,8,4,.321,105,137,rodrial01
36,,Torii Hunter,Men On,2006,142,322,611,52.7,,290,69,82,11,1,14,81,12,6,25,53,.283,.342,.472,.814,137,19,3,0,4,2,3,.300,98,105,hunteto01
37,,Matt Joyce,Men On,2011,123,275,522,52.7,,232,58,64,13,1,8,64,13,1,33,49,.276,.364,.444,.808,103,7,3,0,7,9,2,.308,98,120,joycema01
38,,Robinson Canó,Men On,2006,108,267,508,52.6,,251,54,79,16,1,7,70,5,2,9,31,.315,.335,.470,.805,118,19,1,1,5,3,2,.330,81,103,canoro01
39,,Prince Fielder,Men On,2011,154,364,692,52.6,,286,74,86,19,1,17,99,1,1,68,58,.301,.434,.552,.987,158,17,4,0,6,32,5,.318,102,168,fieldpr01
40,,Brandon Phillips,Men On,2013,143,350,666,52.6,,306,70,94,15,1,8,93,5,3,26,43,.307,.361,.441,.802,135,19,5,4,9,6,5,.326,128,121,phillbr01
41,,Mark Teixeira,Men On,2008,148,360,685,52.6,,290,85,88,16,0,16,104,2,0,59,47,.303,.419,.524,.944,152,17,4,0,7,13,1,.308,97,145,teixema01
42,,Garrett Atkins,Men On,2007,145,359,684,52.5,,306,73,98,18,0,15,101,3,1,42,46,.320,.393,.526,.919,161,16,1,0,10,3,0,.325,115,135,atkinga01
43,,Mark Teixeira,Men On,2009,148,371,707,52.5,,307,77,86,20,2,13,96,2,0,51,54,.280,.391,.485,.876,149,13,8,0,5,9,3,.298,88,129,teixema01
44,,Jason Bay,Men On,2006,145,361,689,52.4,,290,79,80,19,1,13,87,11,2,60,79,.276,.393,.483,.876,140,15,2,0,9,9,1,.324,90,123,bayja01
45,,Jason Kubel,Men On,2010,131,305,582,52.4,,259,57,64,12,2,10,81,0,1,39,61,.247,.344,.425,.769,110,16,2,0,5,5,2,.280,106,105,kubelja01
46,,Vladimir Guerrero,Men On,2007,140,345,660,52.3,,283,77,103,24,0,15,113,2,3,51,33,.364,.461,.608,1.069,172,19,5,0,6,27,3,.365,126,173,guerrvl01
47,,Ryan Howard,Men On,2010,135,324,620,52.3,,279,75,75,6,3,19,96,1,1,37,85,.269,.361,.516,.877,144,14,5,0,3,11,2,.315,104,132,howarry01
48,,Chipper Jones,Men On,2007,123,314,600,52.3,,260,95,83,18,1,16,89,5,1,49,39,.319,.420,.581,1.001,151,21,0,0,5,10,8,.319,95,155,jonesch06
49,,David Ortiz,Men On,2007,139,349,667,52.3,,283,98,104,31,1,17,99,3,1,60,50,.367,.479,.664,1.143,188,16,3,0,3,12,1,.397,115,191,ortizda01
50,,Hunter Pence,Men On,2012,153,360,688,52.3,,315,77,86,14,3,14,94,5,2,33,66,.273,.343,.470,.812,148,14,4,1,7,2,2,.298,118,116,pencehu01
51,,Buster Posey,Men On,2012,140,319,610,52.3,,269,69,95,19,0,15,94,1,1,39,47,.353,.426,.591,1.017,159,19,2,0,9,7,4,.370,112,170,poseybu01
52,,Carlos Delgado,Men On,2007,133,317,607,52.2,,273,59,65,15,0,12,75,4,0,31,62,.238,.325,.425,.750,116,12,7,0,6,8,2,.259,93,92,delgaca01
53,,Edwin Encarnación,Men On,2014,125,283,542,52.2,,249,62,67,16,0,21,85,2,0,32,43,.269,.353,.586,.940,146,18,1,0,1,6,3,.247,107,156,encared01
54,,Adam Dunn,Men On,2009,147,348,668,52.1,,274,62,74,14,0,19,86,0,1,70,94,.270,.420,.529,.949,145,8,2,0,2,16,0,.337,106,148,dunnad01
55,,David Wright,Men On,2009,135,322,618,52.1,,278,85,88,20,1,7,69,27,9,36,79,.317,.391,.471,.863,131,16,2,0,6,8,5,.409,106,126,wrighda03
56,,Jorge Posada,Men On,2007,134,306,589,52.0,,262,79,79,21,0,8,78,2,0,39,56,.302,.392,.473,.865,124,18,2,0,3,7,2,.353,79,122,posadjo01
57,,Kurt Suzuki,Men On,2010,122,283,544,52.0,,252,48,65,9,1,6,64,3,2,17,30,.258,.325,.373,.698,94,23,10,0,4,3,3,.268,109,86,suzukku01
58,,Mark Teixeira,Men On,2006,150,378,727,52.0,,315,83,85,24,0,17,94,2,0,56,71,.270,.376,.508,.884,160,17,1,0,6,12,3,.292,100,123,teixema01
59,,Bobby Abreu,Men On,2007,148,363,699,51.9,,313,113,86,21,4,6,91,25,8,42,60,.275,.355,.425,.780,133,11,1,0,7,0,0,.315,92,100,abreubo01
60,,Andruw Jones,Men On,2007,141,342,659,51.9,,278,71,60,12,2,14,82,5,2,51,68,.216,.336,.424,.761,118,16,4,0,9,4,1,.224,111,95,jonesan01
61,,Mike Lowell,Men On,2007,146,339,653,51.9,,299,67,106,22,2,9,108,3,2,31,37,.355,.407,.532,.939,159,19,1,0,8,4,3,.372,114,140,lowelmi01
62,,Jason Varitek,Men On,2007,121,269,518,51.9,,225,47,51,7,2,7,58,1,2,33,62,.227,.338,.369,.707,83,9,7,0,4,9,1,.275,80,82,varitja01
63,,Ryan Zimmerman,Men On,2009,148,360,694,51.9,,313,93,84,15,2,16,89,2,0,35,58,.268,.337,.482,.819,151,22,2,0,9,9,3,.274,84,113,zimmery01
64,,Jeff Kent,Men On,2007,125,291,562,51.8,,249,63,75,15,0,5,64,1,3,32,28,.301,.381,.422,.803,105,17,4,0,6,4,2,.315,86,107,kentje01
65,,Prince Fielder,Men On,2013,154,368,712,51.7,,319,70,92,18,0,13,94,1,1,40,57,.288,.372,.467,.839,149,20,5,0,4,5,4,.312,105,131,fieldpr01
66,,Adam Lind,Men On,2011,121,280,542,51.7,,247,43,60,10,0,13,74,1,1,22,53,.243,.304,.441,.745,109,12,3,0,8,4,3,.249,104,101,lindad01
67,,Justin Morneau,Men On,2009,129,305,590,51.7,,258,68,73,18,1,13,83,0,0,39,45,.283,.370,.512,.882,132,12,1,0,7,12,3,.290,101,130,morneju01
68,,Mike Napoli,Men On,2013,130,299,578,51.7,,254,68,63,23,0,12,81,1,1,43,94,.248,.358,.480,.838,122,15,1,0,1,3,0,.342,99,130,napolmi01
69,,Magglio Ordóñez,Men On,2007,149,351,679,51.7,,299,104,117,25,0,15,126,4,1,46,41,.391,.466,.625,1.091,187,20,0,0,5,8,2,.411,112,179,ordonma01
70,,Kevin Youkilis,Men On,2008,133,321,621,51.7,,268,83,96,25,1,21,107,3,5,39,45,.358,.436,.694,1.130,186,11,5,0,9,7,4,.355,134,190,youklke01
71,,Johnny Damon,Men On,2009,134,323,626,51.6,,283,92,78,17,2,9,67,12,0,35,54,.276,.358,.445,.803,126,9,2,2,1,1,3,.312,89,110,damonjo01
72,,J.D. Drew,Men On,2007,125,285,552,51.6,,226,78,62,18,2,5,58,4,2,53,45,.274,.404,.438,.842,99,12,0,0,6,10,7,.313,112,117,drewj.01
73,,Víctor Martínez,Men On,2006,147,336,652,51.5,,286,72,90,18,0,6,83,0,0,42,41,.315,.399,.441,.839,126,27,2,0,6,8,3,.343,97,115,martivi01
74,,Brian McCann,Men On,2009,129,284,551,51.5,,246,57,76,17,0,15,88,4,1,27,40,.309,.374,.561,.935,138,17,2,3,6,3,3,.310,123,143,mccanbr01
75,,Justin Morneau,Men On,2013,134,327,635,51.5,,286,53,78,20,0,8,68,0,0,33,54,.273,.346,.427,.772,122,12,2,0,6,4,4,.304,111,113,morneju01
76,,David Ortiz,Men On,2006,139,353,686,51.5,,284,82,84,13,2,21,104,1,0,63,54,.296,.419,.577,.997,164,12,1,0,5,23,3,.294,92,151,ortizda01
77,,Manny Ramirez,Men On,2008,142,337,654,51.5,,273,85,92,22,0,21,105,3,0,52,60,.337,.451,.648,1.099,177,17,8,0,4,24,2,.362,113,183,ramirma02
78,,Josh Willingham,Men On,2006,134,295,573,51.5,,249,45,72,20,1,9,57,2,0,33,59,.289,.380,.486,.866,121,13,7,0,6,2,6,.337,105,120,willijo03
79,,Eric Hosmer,Men On,2015,149,343,667,51.4,,302,90,92,17,2,10,85,7,3,35,57,.305,.377,.474,.851,143,16,2,1,3,6,1,.345,107,128,hosmeer01
80,,Delmon Young,Men On,2010,142,315,613,51.4,,288,66,95,26,1,10,101,5,4,15,36,.330,.359,.531,.890,153,16,3,0,9,5,4,.339,116,135,youngde03
81,,Carlos Beltrán,Men On,2007,140,326,636,51.3,,278,76,76,14,1,16,95,23,2,36,65,.273,.348,.504,.851,140,8,1,1,10,10,2,.290,95,117,beltrca01
82,,Jonny Gomes,Men On,2010,131,293,571,51.3,,254,69,75,14,2,10,78,5,3,21,52,.295,.358,.484,.843,123,4,9,0,9,3,3,.323,122,123,gomesjo01
83,,Brad Hawpe,Men On,2007,134,311,606,51.3,,253,66,77,17,3,15,102,0,2,51,63,.304,.416,.573,.989,145,13,1,1,5,11,2,.344,114,152,hawpebr01
84,,Raúl Ibañez,Men On,2008,153,363,707,51.3,,317,73,105,20,1,11,98,2,4,40,46,.331,.402,.505,.907,160,13,1,0,5,11,2,.355,118,135,ibanera01
85,,Ryan Ludwick,Men On,2011,130,286,558,51.3,,249,51,62,11,0,8,70,1,1,25,58,.249,.318,.390,.708,97,9,3,2,6,4,2,.286,110,93,ludwiry01
86,,Adrian Beltré,Men On,2015,135,317,619,51.2,,281,74,82,15,2,10,75,1,0,26,35,.292,.347,.466,.813,131,18,2,0,8,4,7,.295,107,117,beltrad01
87,,David Ortiz,Men On,2009,139,321,627,51.2,,272,62,67,20,1,13,84,0,2,39,68,.246,.340,.471,.810,128,9,3,0,7,5,2,.273,104,111,ortizda01
88,,Chase Utley,Men On,2014,146,340,664,51.2,,288,69,82,16,6,6,73,10,1,37,37,.285,.368,.444,.812,128,8,6,0,9,12,3,.299,118,124,utleych01
89,,Brad Hawpe,Men On,2006,135,294,575,51.1,,254,52,71,16,4,7,69,5,5,38,64,.280,.371,.457,.827,116,8,0,0,2,11,3,.346,86,110,hawpebr01
90,,Milton Bradley,Men On,2008,115,260,510,51.0,,196,67,63,15,0,11,66,5,3,53,54,.321,.463,.566,1.030,111,10,4,0,6,13,1,.380,107,167,bradlmi01
91,,Michael Cuddyer,Men On,2007,136,318,623,51.0,,274,81,79,14,2,10,75,5,0,38,54,.288,.371,.464,.835,127,19,1,0,5,1,6,.321,111,114,cuddymi01
92,,Dioner Navarro,Men On,2014,119,265,520,51.0,,242,34,71,12,0,6,63,3,0,16,38,.293,.332,.417,.749,101,12,1,0,6,1,2,.319,110,107,navardi01
93,,David Wright,Men On,2008,155,375,736,51.0,,314,100,91,20,1,18,109,15,5,47,61,.290,.374,.532,.906,167,15,2,0,11,5,8,.297,96,134,wrighda03
94,,Orlando Cabrera,Men On,2007,148,357,701,50.9,,316,95,110,21,1,2,80,20,4,25,25,.348,.387,.440,.827,139,12,2,3,11,0,5,.360,123,113,cabreor01
95,,Mark DeRosa,Men On,2008,137,302,593,50.9,,248,91,71,16,1,9,75,6,0,38,60,.286,.383,.468,.851,116,9,6,2,8,0,4,.332,99,121,derosma01
96,,Adrián González,Men On,2014,147,336,660,50.9,,290,72,90,16,0,16,105,1,1,34,54,.310,.372,.531,.903,154,13,1,0,11,9,2,.320,121,148,gonzaad01
97,,Adrián González,Men On,2011,149,364,715,50.9,,314,91,113,23,2,10,100,1,0,42,57,.360,.434,.541,.975,170,28,3,0,5,20,3,.409,105,165,gonzaad01
98,,Ryan Howard,Men On,2011,145,328,644,50.9,,274,62,79,16,1,14,97,1,0,43,86,.288,.390,.507,.898,139,10,6,0,5,16,1,.363,117,143,howarry01
99,,Ryan Howard,Men On,2006,149,358,704,50.9,,275,75,79,9,1,29,120,0,0,71,95,.287,.436,.644,1.079,177,7,6,0,6,34,3,.318,100,172,howarry01
100,,Mike Jacobs,Men On,2008,129,264,519,50.9,,236,54,69,16,2,19,80,1,0,23,52,.292,.348,.619,.967,146,7,0,0,5,10,2,.294,137,147,jacobmi02
101,,Carlos Lee,Men On,2009,150,337,662,50.9,,301,52,85,14,0,13,89,5,3,27,30,.282,.335,.458,.794,138,21,1,0,8,5,2,.271,91,107,leeca01
102,,Hideki Matsui,Men On,2007,135,323,634,50.9,,274,86,71,14,2,11,89,4,2,36,33,.259,.339,.445,.784,122,9,2,0,10,2,3,.250,84,100,matsuhi01
103,,Kevin Youkilis,Men On,2009,124,299,588,50.9,,239,85,77,17,0,13,80,7,2,47,60,.322,.445,.556,1.001,133,9,9,0,4,6,2,.376,109,162,youklke01
104,,José Guillén,Men On,2007,141,335,659,50.8,,296,70,83,12,1,9,85,5,1,23,54,.280,.347,.419,.766,124,17,10,0,5,2,6,.311,89,97,guilljo01
105,,Carlos Lee,Men On,2011,141,332,653,50.8,,287,59,71,19,3,11,87,4,3,37,31,.247,.331,.449,.781,129,9,2,0,6,8,8,.239,98,111,leeca01
106,,Casey McGehee,Men On,2011,138,305,600,50.8,,270,41,61,9,2,8,62,0,3,26,46,.226,.289,.363,.651,98,19,1,0,8,4,2,.237,108,77,mcgehca01
107,,Mark Teixeira,Men On,2007,123,292,575,50.8,,233,70,80,18,1,14,89,0,0,52,49,.343,.469,.609,1.079,142,7,5,0,2,13,1,.384,125,176,teixema01
108,,Troy Tulowitzki,Men On,2011,136,308,606,50.8,,261,66,80,18,0,15,90,9,3,40,37,.307,.394,.548,.942,143,16,1,1,5,12,3,.304,107,155,tulowtr01
109,,Adrian Beltré,Men On,2011,117,266,525,50.7,,242,66,68,15,0,16,89,1,1,12,23,.281,.316,.541,.857,131,13,4,0,8,0,4,.246,92,129,beltrad01
110,,Jack Hannahan,Men On,2008,123,254,501,50.7,,210,42,46,17,0,3,41,2,0,36,63,.219,.327,.343,.670,72,5,0,3,5,4,1,.289,108,75,hannaja01
111,,Conor Jackson,Men On,2006,129,282,556,50.7,,243,66,72,13,1,6,70,1,0,26,36,.296,.367,.432,.799,105,18,5,1,7,2,6,.317,98,103,jacksco01
112,,Chipper Jones,Men On,2008,116,271,534,50.7,,212,68,82,14,1,8,61,4,0,54,26,.387,.506,.575,1.081,122,13,1,0,4,16,1,.407,108,182,jonesch06
113,,Jason Kubel,Men On,2009,135,293,578,50.7,,259,61,69,16,1,16,91,1,1,27,56,.266,.334,.521,.856,135,13,2,0,5,9,2,.276,87,122,kubelja01
114,,Carlos Peña,Men On,2008,131,308,607,50.7,,240,58,55,10,1,13,84,1,1,55,84,.229,.370,.442,.812,106,6,4,0,9,7,4,.276,88,111,penaca01
115,,Manny Ramirez,Men On,2006,123,283,558,50.7,,217,62,71,9,0,18,85,0,1,57,53,.327,.456,.618,1.073,134,13,1,0,8,16,3,.344,104,171,ramirma02
116,,Carlos Delgado,Men On,2008,152,347,686,50.6,,291,77,83,10,1,19,96,1,1,43,58,.285,.378,.522,.900,152,16,5,0,8,19,3,.288,108,132,delgaca01
117,,Jason Giambi,Men On,2008,135,286,565,50.6,,222,46,56,11,0,10,74,2,1,45,56,.252,.388,.437,.825,97,6,10,0,9,5,0,.279,91,115,giambja01
118,,Adrián González,Men On,2008,150,354,700,50.6,,301,89,91,16,0,22,105,0,0,48,66,.302,.398,.575,.973,173,24,2,0,3,18,1,.319,123,151,gonzaad01
119,,Luis Gonzalez,Men On,2007,126,266,526,50.6,,230,62,59,9,1,7,60,6,2,31,34,.257,.350,.396,.745,91,11,3,0,2,4,2,.272,89,92,gonzalu01
120,,Derrek Lee,Men On,2009,132,311,615,50.6,,265,70,80,22,1,14,90,1,0,40,55,.302,.392,.551,.943,146,12,2,0,4,6,4,.330,95,145,leede02
121,,Víctor Martínez,Men On,2009,138,340,672,50.6,,289,73,92,20,1,8,93,1,0,43,31,.318,.403,.478,.880,138,17,2,0,6,3,4,.328,105,131,martivi01
122,,Brandon Moss,Men On,2015,126,266,526,50.6,,240,37,47,10,1,9,48,0,1,20,75,.196,.263,.358,.621,86,12,3,0,3,4,0,.239,75,66,mossbr01
123,,Lyle Overbay,Men On,2009,115,253,500,50.6,,205,47,57,21,0,6,54,0,0,45,49,.278,.403,.468,.871,96,8,0,0,3,6,1,.333,109,129,overbly01
124,,Robinson Canó,Men On,2007,144,338,669,50.5,,308,82,97,21,4,8,86,4,5,20,43,.315,.362,.487,.849,150,19,5,1,4,5,2,.341,102,117,canoro01
125,,Travis Hafner,Men On,2007,145,334,661,50.5,,269,71,73,14,2,15,91,1,1,54,55,.271,.395,.506,.900,136,15,4,0,5,17,5,.284,115,131,hafnetr01
126,,Brad Hawpe,Men On,2009,134,297,588,50.5,,250,71,67,23,1,12,75,1,3,42,69,.268,.370,.512,.882,128,17,1,0,4,7,3,.318,95,130,hawpebr01
127,,Brandon Phillips,Men On,2009,143,325,644,50.5,,295,66,85,17,2,8,86,25,9,20,37,.288,.325,.441,.766,130,21,0,2,8,3,2,.298,97,100,phillbr01
128,,Jorge Posada,Men On,2006,125,275,545,50.5,,221,55,60,9,1,13,83,3,0,40,48,.271,.396,.498,.894,110,10,9,0,5,1,3,.285,107,127,posadjo01
129,,Scott Rolen,Men On,2010,122,271,537,50.5,,233,54,61,16,2,8,71,1,2,27,37,.262,.336,.451,.786,105,12,3,0,8,3,2,.270,85,109,rolensc01
130,,Mark Teahen,Men On,2007,130,307,608,50.5,,259,73,74,14,6,2,55,13,5,39,58,.286,.383,.409,.792,106,23,3,4,2,8,4,.358,108,105,teahema01
131,,Garrett Atkins,Men On,2006,147,350,695,50.4,,292,102,99,25,1,14,105,4,0,45,30,.339,.429,.575,1.004,168,24,6,0,7,6,1,.333,108,154,atkinga01
132,,Carlos Beltrán,Men On,2008,149,356,706,50.4,,300,104,85,23,2,15,100,25,3,48,44,.283,.377,.523,.901,157,11,1,1,6,13,3,.283,105,132,beltrca01
133,,Curtis Granderson,Men On,2010,119,266,528,50.4,,230,63,59,9,6,11,54,12,2,28,58,.257,.336,.491,.827,113,3,1,4,3,3,3,.293,109,118,grandcu01
134,,Ryan Howard,Men On,2009,149,354,703,50.4,,301,84,85,16,3,24,120,8,1,43,99,.282,.373,.595,.968,179,11,4,0,6,8,3,.332,108,151,howarry01
135,,Matt Kemp,Men On,2011,154,347,689,50.4,,294,97,101,14,3,21,108,40,11,42,75,.344,.424,.626,1.049,184,16,4,0,7,24,3,.390,113,183,kempma01
136,,Víctor Martínez,Men On,2011,137,300,595,50.4,,270,74,109,22,0,10,101,1,0,22,22,.404,.440,.596,1.036,161,20,1,0,7,6,0,.404,143,180,martivi01
137,,Miguel Montero,Men On,2014,126,282,560,50.4,,234,33,65,12,0,6,65,0,4,37,54,.278,.379,.406,.785,95,12,5,0,6,11,4,.328,125,118,montemi01
138,,Buster Posey,Men On,2015,138,314,623,50.4,,269,65,89,17,0,10,86,2,0,35,25,.331,.404,.506,.910,136,17,3,0,7,10,3,.328,114,144,poseybu01
139,,Geovany Soto,Men On,2008,127,284,563,50.4,,245,54,66,17,0,11,74,0,1,34,57,.269,.352,.473,.826,116,11,0,0,5,6,2,.302,91,113,sotoge01
140,,Frank Thomas,Men On,2006,125,282,559,50.4,,229,55,61,3,0,17,92,0,0,46,31,.266,.383,.502,.885,115,13,1,0,6,3,3,.235,93,124,thomafr04
141,,Carlos Delgado,Men On,2006,138,311,618,50.3,,255,69,74,15,2,18,94,0,0,42,56,.290,.386,.576,.962,147,12,4,0,10,11,1,.293,112,142,delgaca01
142,,Matt Holliday,Men On,2009,148,337,670,50.3,,279,83,91,17,1,13,98,14,7,47,49,.326,.421,.534,.955,149,13,4,0,7,8,6,.348,111,150,hollima01
143,,Jim Thome,Men On,2006,136,307,610,50.3,,240,88,79,13,0,22,89,0,0,58,65,.329,.453,.658,1.111,158,4,2,0,7,12,1,.356,119,180,thomeji01
144,,Ty Wigginton,Men On,2007,135,304,604,50.3,,267,53,66,19,0,4,49,3,4,23,53,.247,.313,.363,.676,97,16,6,0,8,0,5,.284,73,74,wiggity01
145,,Lance Berkman,Men On,2008,150,334,665,50.2,,265,100,91,20,2,15,92,18,4,60,48,.343,.464,.604,1.068,160,13,4,0,5,18,0,.367,117,177,berkmla01
146,,Michael Cuddyer,Men On,2011,127,293,584,50.2,,254,57,65,10,0,7,57,11,1,33,53,.256,.345,.378,.723,96,18,3,0,3,3,4,.294,82,98,cuddymi01
147,,Michael Cuddyer,Men On,2009,142,326,650,50.2,,288,71,71,14,3,10,72,6,1,32,59,.247,.328,.420,.748,121,22,4,0,2,3,6,.276,77,96,cuddymi01
148,,Freddie Freeman,Men On,2012,137,311,620,50.2,,262,81,70,18,0,13,84,2,0,35,59,.267,.354,.485,.838,127,10,5,0,9,4,3,.286,111,123,freemfr01
149,,Torii Hunter,Men On,2009,108,254,506,50.2,,215,62,68,12,1,10,78,18,4,32,42,.316,.402,.521,.923,112,9,2,0,5,4,0,.345,112,141,hunteto01
150,,Paul Konerko,Men On,2011,140,321,639,50.2,,256,49,79,11,0,11,85,1,1,49,41,.309,.414,.480,.895,123,14,5,0,11,17,1,.316,100,144,konerpa01
151,,Paul Konerko,Men On,2006,142,323,643,50.2,,276,79,96,17,0,17,95,1,0,34,46,.348,.415,.594,1.009,164,25,4,0,9,3,2,.356,117,154,konerpa01
152,,James Loney,Men On,2009,137,327,652,50.2,,276,65,88,16,1,5,82,7,3,45,30,.319,.409,.438,.848,121,16,0,1,4,10,7,.339,124,123,loneyja01
153,,Bengie Molina,Men On,2009,124,261,520,50.2,,240,40,66,14,1,8,68,0,0,7,33,.275,.291,.442,.733,106,14,3,0,11,3,1,.276,102,90,molinbe01
154,,David Ortiz,Men On,2011,132,304,605,50.2,,258,68,87,22,0,13,80,1,1,44,44,.337,.434,.574,1.008,148,24,1,0,1,12,1,.366,113,173,ortizda01
155,,Albert Pujols,Men On,2008,136,322,641,50.2,,240,80,85,17,0,17,96,7,3,69,26,.354,.494,.638,1.131,153,16,5,0,8,34,1,.332,105,193,pujolal01
156,,Pablo Sandoval,Men On,2013,133,293,584,50.2,,263,46,86,21,2,8,73,0,0,21,31,.327,.375,.513,.889,135,19,3,0,6,5,1,.339,133,144,sandopa01
157,,Miguel Tejada,Men On,2006,155,356,709,50.2,,322,84,103,17,0,9,85,6,2,24,42,.320,.368,.457,.824,147,28,4,0,6,10,4,.339,89,109,tejadmi01
158,,Carlos Beltrán,Men On,2012,135,310,619,50.1,,259,65,78,13,1,14,79,13,6,45,52,.301,.401,.521,.923,135,9,1,1,4,15,3,.325,121,146,beltrca01
159,,Russell Branyan,Men On,2009,112,253,505,50.1,,210,45,55,11,1,12,57,2,0,31,69,.262,.361,.495,.856,104,6,5,1,6,6,0,.319,99,123,branyru01
160,,Jay Bruce,Men On,2010,131,287,573,50.1,,253,62,69,9,2,7,52,5,4,28,68,.273,.341,.407,.749,103,12,1,0,5,5,2,.339,79,99,bruceja01
161,,Jermaine Dye,Men On,2006,130,306,611,50.1,,267,80,92,14,2,21,97,7,3,30,58,.345,.405,.648,1.053,173,15,2,0,7,4,3,.364,109,164,dyeje01
162,,David Freese,Men On,2013,121,261,521,50.1,,222,48,61,17,0,4,55,1,2,29,49,.275,.372,.405,.777,90,25,7,0,3,1,1,.331,116,115,freesda01
163,,Todd Helton,Men On,2007,145,342,682,50.1,,258,77,86,17,0,8,82,0,1,77,30,.333,.477,.492,.969,127,15,0,0,7,16,4,.344,110,151,heltoto01
164,,Ryan Howard,Men On,2008,153,351,700,50.1,,298,83,92,17,3,26,124,1,1,45,88,.309,.396,.648,1.044,193,11,2,0,6,16,2,.347,136,167,howarry01
165,,Jason Kubel,Men On,2008,124,259,517,50.1,,222,63,59,14,2,9,67,0,1,30,43,.266,.344,.468,.812,104,12,0,0,7,2,2,.282,102,110,kubelja01
166,,Gary Sheffield,Men On,2007,128,297,593,50.1,,239,94,68,8,1,12,62,22,5,49,34,.285,.404,.477,.881,114,10,3,0,6,2,2,.281,110,126,sheffga01
167,,Bobby Abreu,Men On,2006,145,343,686,50.0,,265,96,94,23,1,13,105,30,6,66,65,.355,.472,.596,1.068,158,13,1,2,9,6,3,.413,140,171,abreubo01
168,,Adrian Beltré,Men On,2008,130,306,612,50.0,,266,61,66,11,1,12,64,8,2,36,49,.248,.333,.432,.766,115,11,0,0,4,10,2,.258,96,98,beltrad01
169,,Lance Berkman,Men On,2006,143,323,646,50.0,,252,75,91,15,0,25,116,3,2,61,46,.361,.477,.718,1.195,181,11,2,0,8,21,4,.349,129,200,berkmla01
170,,Billy Butler,Men On,2010,150,339,678,50.0,,288,68,95,19,0,6,69,0,0,38,43,.330,.404,.458,.862,132,32,4,0,9,8,3,.359,102,130,butlebi03
171,,Miguel Cabrera,Men On,2011,152,344,688,50.0,,277,97,105,25,0,16,91,2,1,60,34,.379,.485,.643,1.128,178,24,2,0,5,22,2,.384,118,206,cabremi01
172,,Prince Fielder,Men On,2010,149,357,714,50.0,,274,68,65,11,0,6,57,1,0,71,67,.237,.412,.343,.755,94,12,11,0,1,17,2,.292,76,105,fieldpr01
173,,Raúl Ibañez,Men On,2010,138,318,636,50.0,,274,66,81,19,4,7,74,4,3,37,55,.296,.371,.471,.842,129,15,0,0,7,11,3,.338,112,124,ibanera01
174,,Austin Kearns,Men On,2007,147,337,674,50.0,,280,77,77,20,0,9,67,2,2,45,53,.275,.386,.443,.829,124,13,8,0,4,5,3,.306,117,113,kearnau01
175,,Melvin Mora,Men On,2008,126,285,570,50.0,,253,67,86,16,1,13,94,3,7,21,29,.340,.387,.565,.952,143,14,2,3,6,3,1,.336,130,145,morame01
176,,Carlos Peña,Men On,2011,137,303,606,50.0,,231,60,50,13,1,16,68,2,2,62,79,.216,.377,.489,.867,113,6,2,1,7,6,1,.238,111,135,penaca01
177,,Carlos Peña,Men On,2010,128,291,582,50.0,,228,45,45,10,0,9,65,5,1,53,74,.197,.357,.360,.717,82,2,6,0,4,4,4,.242,98,93,penaca01
178,,Mark Teixeira,Men On,2012,118,262,524,50.0,,215,56,55,14,1,14,74,2,1,30,45,.256,.344,.526,.869,113,11,5,0,12,1,1,.244,114,130,teixema01
179,,Troy Tulowitzki,Men On,2009,143,314,628,50.0,,265,80,72,16,3,11,71,20,11,39,48,.272,.357,.479,.836,127,20,1,0,9,4,4,.284,82,118,tulowtr01
180,,Dan Uggla,Men On,2010,152,337,674,50.0,,287,80,78,15,0,13,85,4,1,45,70,.272,.365,.460,.825,132,9,0,0,5,2,4,.311,90,119,ugglada01
181,,Ryan Zimmerman,Men On,2006,143,341,682,50.0,,302,75,97,30,1,11,101,11,8,33,57,.321,.385,.536,.922,162,15,1,1,4,7,1,.361,124,132,zimmery01
182,,Jason Bay,Men On,2011,114,254,509,49.9,,221,53,52,7,1,6,51,11,1,26,62,.235,.308,.357,.666,79,8,0,1,6,3,2,.289,89,81,bayja01
183,,Jeff Francoeur,Men On,2008,146,326,653,49.9,,295,66,60,14,2,7,67,0,1,21,57,.203,.267,.336,.602,99,18,6,0,4,5,3,.226,84,56,francje02
184,,Troy Glaus,Men On,2008,141,318,637,49.9,,268,56,79,16,0,14,86,0,1,46,50,.295,.396,.511,.907,137,14,1,0,3,3,2,.314,112,135,glaustr01
185,,Evan Longoria,Men On,2010,143,330,661,49.9,,276,80,85,26,3,6,88,15,5,42,58,.308,.391,.489,.880,135,15,2,0,10,12,2,.356,102,134,longoev01
186,,Aramis Ramírez,Men On,2010,115,253,507,49.9,,228,51,56,13,1,15,73,0,0,19,45,.246,.300,.509,.809,116,10,1,0,5,3,2,.237,115,112,ramirar01
187,,Aramis Ramírez,Men On,2008,139,322,645,49.9,,272,86,82,22,0,16,100,2,2,36,42,.301,.391,.559,.950,152,13,8,0,6,7,2,.300,111,145,ramirar01
188,,Bobby Abreu,Men On,2009,139,332,667,49.8,,269,86,91,19,0,5,93,30,8,53,45,.338,.437,.465,.901,125,15,1,0,9,7,3,.377,119,138,abreubo01
189,,Carlos Beltrán,Men On,2011,132,298,598,49.8,,260,69,78,16,1,13,75,4,2,33,43,.300,.376,.519,.895,135,18,1,0,4,7,3,.313,97,142,beltrca01
190,,Miguel Cabrera,Men On,2013,137,325,652,49.8,,262,87,96,10,1,28,121,3,0,59,43,.366,.483,.733,1.216,192,19,2,0,2,19,1,.352,125,232,cabremi01
191,,Michael Cuddyer,Men On,2010,149,336,675,49.8,,298,83,87,18,3,4,71,7,3,32,44,.292,.360,.413,.773,123,26,2,0,4,7,6,.327,106,106,cuddymi01
192,,Carlos Lee,Men On,2007,152,347,697,49.8,,298,76,88,18,0,16,103,10,5,34,34,.295,.357,.517,.874,154,27,2,0,13,10,1,.276,99,122,leeca01
193,,Hideki Matsui,Men On,2009,119,263,528,49.8,,223,47,69,12,0,13,75,0,1,35,35,.309,.405,.538,.943,120,4,2,0,2,1,4,.316,116,146,matsuhi01
194,,Jhonny Peralta,Men On,2010,136,306,615,49.8,,269,53,74,18,0,8,74,1,0,27,44,.275,.330,.431,.761,116,11,0,0,10,2,3,.291,116,102,peraljh01
195,,Aramis Ramírez,Men On,2015,128,257,516,49.8,,231,30,55,17,1,4,62,1,0,19,32,.238,.296,.372,.668,86,23,2,0,5,3,0,.255,88,79,ramirar01
196,,Alfonso Soriano,Men On,2011,121,253,508,49.8,,239,34,57,16,1,10,72,2,1,9,65,.238,.273,.439,.712,105,15,3,0,2,4,2,.283,88,91,soriaal01
197,,Jeff Conine,Men On,2006,121,268,539,49.7,,238,48,64,13,0,4,60,3,2,21,29,.269,.330,.374,.704,89,13,3,1,5,4,5,.286,95,80,coninje01
198,,Prince Fielder,Men On,2009,149,357,719,49.7,,284,81,83,14,1,24,119,2,3,59,58,.292,.412,.602,1.014,171,14,5,0,9,21,3,.280,100,163,fieldpr01
199,,Jeff Francoeur,Men On,2010,124,250,503,49.7,,213,43,50,8,1,4,56,8,3,22,35,.235,.304,.338,.642,72,9,4,0,11,8,3,.249,90,72,francje02
200,,Todd Frazier,Men On,2015,147,337,678,49.7,,300,59,74,25,0,12,66,13,8,26,74,.247,.307,.450,.757,135,19,3,1,7,3,0,.281,90,101,frazito01
201,,Aubrey Huff,Men On,2006,117,257,517,49.7,,222,42,58,9,2,6,51,0,0,26,28,.261,.339,.401,.739,89,11,3,0,6,6,2,.268,84,88,huffau01
202,,Kevin Kouzmanoff,Men On,2009,128,285,573,49.7,,254,41,69,13,0,9,79,1,0,17,45,.272,.330,.429,.759,109,25,8,0,6,3,0,.291,111,98,kouzmke01
203,,David Ortiz,Men On,2015,134,305,614,49.7,,247,54,67,19,0,18,89,0,1,49,48,.271,.380,.567,.947,140,16,0,0,9,16,2,.258,108,151,ortizda01
204,,Alex Rodriguez,Men On,2010,125,296,595,49.7,,250,59,74,18,1,15,110,4,3,33,45,.296,.368,.556,.924,139,7,2,0,11,1,2,.294,118,144,rodrial01
205,,Troy Tulowitzki,Men On,2010,117,263,529,49.7,,225,74,71,16,2,12,80,11,2,31,37,.316,.393,.564,.958,127,17,1,1,5,4,0,.326,102,153,tulowtr01
206,,Adrian Beltré,Men On,2007,138,317,639,49.6,,291,71,82,19,2,10,83,14,2,20,55,.282,.328,.464,.792,135,18,2,0,4,2,2,.313,99,102,beltrad01
207,,Shin-Soo Choo,Men On,2009,138,340,685,49.6,,280,76,80,17,2,9,75,21,2,42,71,.286,.391,.457,.848,128,9,11,0,7,5,4,.343,93,123,choosh01
208,,Travis Hafner,Men On,2006,124,280,564,49.6,,219,78,71,17,1,20,95,0,0,56,50,.324,.464,.685,1.149,150,10,3,0,2,16,0,.338,110,189,hafnetr01
209,,Adam Jones,Men On,2013,151,342,689,49.6,,321,80,107,24,1,13,88,14,3,15,71,.333,.365,.536,.901,172,15,3,0,3,4,2,.392,124,146,jonesad01
210,,James Loney,Men On,2008,148,323,651,49.6,,287,55,86,17,2,2,79,7,4,26,44,.300,.354,.394,.748,113,25,2,1,7,6,3,.339,96,95,loneyja01
211,,Víctor Martínez,Men On,2007,135,320,645,49.6,,262,63,82,15,0,10,99,0,0,40,39,.313,.403,.485,.888,127,19,7,0,11,12,1,.321,104,128,martivi01
212,,Casey McGehee,Men On,2014,153,343,691,49.6,,298,55,93,14,1,3,75,4,2,38,47,.312,.382,.396,.778,118,31,0,0,7,3,2,.353,119,117,mcgehca01
213,,Buster Posey,Men On,2013,132,295,595,49.6,,248,54,73,16,1,8,65,2,1,36,32,.294,.383,.464,.847,115,15,4,0,7,8,2,.302,106,134,poseybu01
214,,Gaby Sánchez,Men On,2010,138,319,643,49.6,,277,63,86,20,1,10,76,5,0,31,47,.310,.377,.498,.875,138,14,2,3,6,2,1,.336,122,132,sanchga01
215,,Juan Uribe,Men On,2010,130,285,575,49.6,,251,50,68,13,2,10,71,1,2,26,45,.271,.340,.458,.799,115,20,3,0,5,6,0,.289,114,112,uribeju01
216,,Alex Avila,Men On,2011,127,273,551,49.5,,221,51,64,13,3,7,70,3,1,40,66,.290,.389,.471,.859,104,8,1,3,8,9,0,.365,93,134,avilaal01
217,,Ian Desmond,Men On,2014,145,321,648,49.5,,291,59,74,14,2,10,77,24,5,23,78,.254,.315,.419,.734,122,17,4,0,3,0,1,.311,98,102,desmoia01
218,,Mark Ellis,Men On,2007,140,318,642,49.5,,287,73,76,16,2,8,65,9,4,20,46,.265,.323,.418,.741,120,10,6,2,3,1,4,.288,91,90,ellisma01
219,,Troy Glaus,Men On,2006,139,314,634,49.5,,258,84,64,14,0,17,83,3,2,50,65,.248,.366,.500,.866,129,25,1,0,5,6,2,.260,101,119,glaustr01
220,,Vladimir Guerrero,Men On,2006,145,329,665,49.5,,284,74,94,17,1,15,98,15,5,40,37,.331,.410,.556,.967,158,16,1,0,4,25,1,.335,108,144,guerrvl01
221,,Matt Holliday,Men On,2010,148,334,675,49.5,,287,81,88,22,1,14,89,9,5,40,43,.307,.398,.537,.935,154,13,5,0,2,10,3,.319,103,148,hollima01
222,,Kevin Kouzmanoff,Men On,2010,132,290,586,49.5,,266,49,58,13,0,6,61,2,1,15,47,.218,.266,.335,.600,89,20,4,0,5,2,5,.239,79,60,kouzmke01
223,,Evan Longoria,Men On,2011,125,284,574,49.5,,233,64,63,18,0,17,85,3,2,45,44,.270,.384,.567,.950,132,11,1,0,5,6,3,.260,123,156,longoev01
224,,Evan Longoria,Men On,2009,145,332,671,49.5,,281,80,89,24,0,13,93,9,0,39,63,.317,.401,.541,.942,152,27,5,0,7,11,4,.358,113,146,longoev01
225,,Joe Mauer,Men On,2006,127,301,608,49.5,,240,77,88,19,2,4,75,8,3,53,26,.367,.472,.513,.984,123,24,1,0,7,21,3,.387,111,152,mauerjo01
226,,Kendrys Morales,Men On,2015,145,316,639,49.5,,276,71,90,26,1,12,96,0,0,32,42,.326,.399,.558,.957,154,24,4,0,4,4,4,.345,125,155,moralke01
227,,Brandon Moss,Men On,2014,126,287,580,49.5,,243,58,65,14,1,13,69,1,0,35,74,.267,.369,.494,.863,120,6,6,0,3,7,0,.327,123,137,mossbr01
228,,Jason Bay,Men On,2009,140,315,638,49.4,,255,88,71,13,2,21,104,13,3,51,78,.278,.403,.592,.995,151,9,5,0,4,4,2,.313,115,158,bayja01
229,,Casey Blake,Men On,2009,122,279,565,49.4,,230,76,66,9,2,10,71,3,4,34,59,.287,.374,.474,.848,109,12,4,1,10,8,4,.327,104,122,blakeca01
230,,Hank Blalock,Men On,2006,143,319,646,49.4,,287,68,84,11,1,8,81,1,0,29,48,.293,.357,.422,.779,121,15,1,0,2,6,2,.326,115,98,blaloha01
231,,Ryan Doumit,Men On,2013,124,266,538,49.4,,234,42,61,11,1,7,48,1,0,27,51,.261,.335,.406,.741,95,13,1,0,4,4,5,.300,109,104,doumiry01
232,,Ken Griffey Jr.,Men On,2007,135,308,623,49.4,,245,60,68,14,0,12,75,6,1,54,49,.278,.396,.482,.878,118,14,0,0,9,14,1,.290,104,125,griffke02
233,,Albert Pujols,Men On,2009,151,346,700,49.4,,250,94,82,19,1,17,105,16,4,82,28,.328,.491,.616,1.107,154,23,6,0,8,43,1,.305,105,190,pujolal01
234,,Mark Teixeira,Men On,2010,151,352,712,49.4,,281,97,79,20,0,17,92,0,1,58,54,.281,.412,.534,.946,150,15,8,0,5,6,2,.288,124,151,teixema01
235,,Michael Brantley,Men On,2015,131,294,596,49.3,,249,61,82,20,0,8,77,15,1,39,23,.329,.415,.506,.921,126,14,1,0,5,8,2,.332,115,147,brantmi02
236,,Emil Brown,Men On,2006,132,296,601,49.3,,255,65,68,17,1,3,69,6,3,28,47,.267,.334,.376,.711,96,15,3,0,10,3,0,.302,76,81,brownem01
237,,Prince Fielder,Men On,2012,149,340,690,49.3,,271,65,91,14,1,12,90,1,0,53,32,.336,.450,.528,.978,143,19,9,0,7,18,1,.338,109,162,fieldpr01
238,,Shawn Green,Men On,2006,136,290,588,49.3,,258,64,75,17,1,6,57,4,4,26,45,.291,.359,.434,.793,112,17,3,0,3,5,3,.329,105,102,greensh01
239,,Matt Holliday,Men On,2012,148,339,688,49.3,,285,82,81,20,1,14,89,4,4,42,64,.284,.383,.509,.892,145,16,7,0,5,3,3,.316,104,138,hollima01
240,,Joe Mauer,Men On,2012,135,316,641,49.3,,254,75,88,15,3,4,79,8,4,56,43,.346,.463,.476,.940,121,23,2,1,3,10,2,.400,118,154,mauerjo01
241,,Joe Mauer,Men On,2008,134,312,633,49.3,,252,91,89,16,2,2,78,1,1,48,22,.353,.441,.456,.897,115,21,0,1,11,8,1,.364,108,135,mauerjo01
242,,Alex Ríos,Men On,2009,133,312,633,49.3,,281,52,71,16,2,6,60,24,5,20,52,.253,.302,.388,.690,109,21,3,1,7,1,4,.283,100,80,riosal01
243,,Cody Ross,Men On,2009,138,298,604,49.3,,271,59,80,18,1,10,76,5,2,17,55,.295,.352,.480,.832,130,18,8,0,2,1,2,.337,112,117,rossco01
244,,Brennan Boesch,Men On,2010,118,252,512,49.2,,223,42,63,13,2,7,60,7,1,24,44,.283,.353,.453,.806,101,5,2,0,3,5,3,.320,119,114,boescbr01
245,,Ryan Braun,Men On,2009,148,348,708,49.2,,313,102,107,23,2,21,103,20,6,24,63,.342,.399,.629,1.029,197,6,8,0,3,1,5,.371,118,166,braunry02
246,,Jeff Francoeur,Men On,2011,142,323,656,49.2,,295,65,87,23,2,8,75,22,10,16,56,.295,.325,.468,.793,138,17,2,0,10,3,1,.328,97,114,francje02
247,,Ryan Garko,Men On,2008,125,277,563,49.2,,236,56,75,13,1,9,85,0,0,25,48,.318,.390,.496,.886,117,10,8,0,8,1,1,.353,136,130,garkory01
248,,Carlos Guillén,Men On,2007,137,310,630,49.2,,268,78,83,18,2,13,94,13,8,32,44,.310,.377,.537,.915,144,14,2,0,8,10,1,.320,113,133,guillca01
249,,Jhonny Peralta,Men On,2015,147,315,640,49.2,,282,53,77,12,0,6,60,1,4,26,64,.273,.330,.379,.710,107,23,1,0,6,6,4,.326,91,91,peraljh01
250,,Mark Teixeira,Men On,2014,111,250,508,49.2,,210,41,45,12,0,7,47,1,1,33,53,.214,.324,.371,.695,78,13,3,0,4,3,1,.247,97,93,teixema01
251,,Dmitri Young,Men On,2007,123,250,508,49.2,,228,50,74,20,1,6,67,0,0,19,37,.325,.372,.500,.872,114,13,0,0,3,6,1,.362,100,123,youngdm01
252,,Michael Young,Men On,2011,148,339,689,49.2,,298,82,114,23,4,5,100,6,2,31,28,.383,.431,.537,.968,160,17,1,0,9,7,2,.398,127,163,youngmi02
253,,Andre Ethier,Men On,2009,144,336,685,49.1,,283,73,75,23,1,12,87,6,4,44,48,.265,.369,.481,.850,136,19,5,0,4,10,2,.278,97,122,ethiean01
254,,Brandon Inge,Men On,2009,146,313,637,49.1,,268,57,65,6,0,13,70,2,5,28,71,.243,.340,.410,.750,110,12,13,1,3,1,5,.278,109,97,ingebr01
255,,James Loney,Men On,2010,140,318,648,49.1,,282,61,89,20,0,4,82,10,5,28,43,.316,.381,.429,.810,121,14,4,0,4,9,0,.356,124,117,loneyja01
256,,Ryan Ludwick,Men On,2008,134,303,617,49.1,,258,80,78,22,2,13,89,4,4,33,72,.302,.377,.554,.932,143,8,3,1,8,3,2,.359,94,140,ludwiry01
257,,Brad Ausmus,Men On,2006,114,246,502,49.0,,199,36,42,3,0,1,38,3,1,29,35,.211,.325,.241,.566,48,21,6,9,3,2,1,.247,90,48,ausmubr01
258,,Adrian Beltré,Men On,2013,150,338,690,49.0,,303,68,88,11,0,10,72,1,0,29,41,.290,.358,.426,.784,129,17,4,0,2,12,5,.307,80,117,beltrad01
259,,Kosuke Fukudome,Men On,2008,134,289,590,49.0,,236,76,65,17,1,7,55,12,4,46,41,.275,.387,.445,.832,105,7,0,2,5,9,2,.301,125,117,fukudko01
260,,Corey Hart,Men On,2010,127,301,614,49.0,,263,73,72,19,1,13,84,7,6,29,65,.274,.349,.502,.851,132,14,4,0,5,2,5,.311,98,125,hartco01
261,,Justin Morneau,Men On,2007,146,327,668,49.0,,277,66,81,14,2,13,93,1,1,39,44,.292,.373,.498,.871,138,17,2,0,9,11,1,.297,110,122,morneju01
262,,Scott Rolen,Men On,2006,133,291,594,49.0,,251,81,73,25,0,9,82,7,4,28,38,.291,.361,.498,.859,125,10,4,0,8,7,5,.302,94,117,rolensc01
263,,Troy Tulowitzki,Men On,2013,114,251,512,49.0,,212,56,59,13,0,9,66,1,0,32,39,.278,.371,.467,.837,99,9,2,0,5,5,1,.296,81,131,tulowtr01
264,,Josh Willingham,Men On,2009,120,246,502,49.0,,202,55,52,14,0,9,46,4,3,34,50,.257,.382,.460,.843,93,11,8,0,2,2,4,.297,97,121,willijo03
265,,Pedro Álvarez,Men On,2013,142,300,614,48.9,,265,45,64,14,2,11,75,2,0,28,87,.242,.317,.434,.751,115,16,3,0,4,7,3,.310,99,106,alvarpe01
266,,Matt Holliday,Men On,2007,147,349,713,48.9,,307,102,102,17,3,18,119,11,4,37,59,.332,.401,.583,.984,179,23,1,0,4,7,1,.359,95,150,hollima01
267,,Aubrey Huff,Men On,2009,139,292,597,48.9,,255,54,74,17,1,10,80,0,6,31,36,.290,.363,.482,.845,123,15,1,0,5,7,2,.299,143,121,huffau01
268,,Dustin Pedroia,Men On,2013,146,354,724,48.9,,317,88,97,23,0,6,81,17,5,28,44,.306,.359,.435,.794,138,24,2,0,7,4,6,.332,101,119,pedrodu01
269,,Alex Ríos,Men On,2014,120,255,521,48.9,,236,52,63,13,7,2,52,17,9,14,39,.267,.302,.407,.709,96,19,0,0,5,3,0,.305,99,95,riosal01
270,,David Wright,Men On,2006,139,323,661,48.9,,277,82,89,18,3,12,102,20,5,34,51,.321,.393,.538,.931,149,15,4,0,8,13,3,.347,105,135,wrighda03
271,,Matt Adams,Men On,2014,129,275,563,48.8,,246,50,63,12,3,10,63,3,2,21,55,.256,.309,.451,.760,111,9,1,0,7,5,3,.282,95,108,adamsma01
272,,Yuniesky Betancourt,Men On,2009,120,248,508,48.8,,220,38,61,10,4,4,47,3,3,11,26,.277,.304,.414,.717,91,17,0,11,6,0,4,.291,129,87,betanyu01
273,,Starling Marte,Men On,2015,138,309,633,48.8,,277,74,81,12,1,9,71,30,10,16,56,.292,.343,.440,.784,122,14,8,3,5,3,6,.332,101,110,martest01
274,,Russell Martin,Men On,2013,117,247,506,48.8,,213,42,49,13,0,6,46,9,5,28,46,.230,.329,.376,.705,80,13,4,1,1,2,2,.265,100,95,martiru01
275,,Yadier Molina,Men On,2010,118,254,521,48.8,,222,32,62,11,0,4,60,8,4,20,25,.279,.345,.383,.728,85,19,5,2,5,6,2,.293,117,95,molinya01
276,,Miguel Montero,Men On,2011,126,270,553,48.8,,234,59,74,20,0,12,80,1,1,27,38,.316,.390,.556,.946,130,14,4,1,4,10,2,.330,130,155,montemi01
277,,Justin Morneau,Men On,2012,122,278,570,48.8,,232,55,62,10,1,11,69,1,0,34,50,.267,.353,.461,.814,107,19,2,0,10,8,2,.282,111,117,morneju01
278,,Carlos Santana,Men On,2014,143,322,660,48.8,,261,58,70,12,0,17,75,5,2,56,53,.268,.398,.510,.907,133,13,2,0,3,5,3,.273,129,150,santaca01
279,,Ty Wigginton,Men On,2010,142,317,649,48.8,,277,50,62,12,0,9,63,0,1,26,50,.224,.291,.365,.656,101,23,4,1,9,3,6,.233,81,74,wiggity01
280,,Jason Bay,Men On,2007,132,299,614,48.7,,252,65,59,13,0,8,71,4,1,34,69,.234,.328,.381,.709,96,8,5,0,8,3,4,.279,92,82,bayja01
281,,Yoenis Céspedes,Men On,2014,134,314,645,48.7,,287,76,85,24,2,9,87,7,2,18,54,.296,.334,.488,.822,140,13,2,0,7,3,2,.329,119,125,cespeyo01
282,,Michael Cuddyer,Men On,2013,117,263,540,48.7,,234,62,76,17,1,8,72,10,3,25,46,.325,.388,.509,.896,119,13,1,0,3,5,3,.372,96,147,cuddymi01
283,,Andre Ethier,Men On,2007,128,247,507,48.7,,207,44,60,11,1,7,58,0,4,30,37,.290,.370,.454,.824,94,10,1,0,8,12,1,.310,106,111,ethiean01
284,,Adrián González,Men On,2013,140,312,641,48.7,,273,58,84,17,0,11,89,1,0,28,44,.308,.362,.491,.853,134,12,1,0,10,6,3,.320,112,134,gonzaad01
285,,Josh Hamilton,Men On,2008,139,343,704,48.7,,302,83,95,17,4,17,115,9,1,30,53,.315,.370,.566,.936,171,8,2,0,9,9,5,.324,107,140,hamiljo03
286,,Raúl Ibañez,Men On,2007,139,310,636,48.7,,270,71,86,23,2,12,96,0,0,32,40,.319,.384,.552,.936,149,14,1,0,7,4,3,.329,124,138,ibanera01
287,,Kenji Johjima,Men On,2007,116,250,513,48.7,,233,45,63,15,0,7,54,0,2,10,19,.270,.312,.425,.737,99,22,5,0,2,0,3,.268,95,88,johjike01
288,,Vernon Wells,Men On,2006,145,330,677,48.7,,289,74,85,18,3,15,89,17,4,30,40,.294,.355,.533,.887,154,13,2,0,9,0,2,.288,98,123,wellsve01
289,,Clint Barmes,Men On,2006,112,260,535,48.6,,213,51,51,11,1,2,51,5,4,17,38,.239,.299,.329,.627,70,2,4,19,7,6,7,.272,112,61,barmecl01
290,,Eric Chavez,Men On,2006,126,280,576,48.6,,234,62,56,11,2,10,60,3,0,39,45,.239,.343,.432,.774,101,19,1,0,6,6,1,.249,97,97,chaveer01
291,,Allen Craig,Men On,2012,113,250,514,48.6,,220,66,72,15,0,12,82,2,1,23,36,.327,.380,.559,.939,123,15,0,0,7,1,2,.335,114,149,craigal01
292,,Nick Johnson,Men On,2009,117,279,574,48.6,,216,68,65,10,1,5,59,2,4,51,38,.301,.439,.426,.865,92,15,6,1,5,4,1,.337,108,129,johnsni01
293,,Jhonny Peralta,Men On,2011,131,280,576,48.6,,253,52,73,13,3,5,70,0,2,18,46,.289,.325,.423,.748,107,17,0,0,9,2,1,.322,83,103,peraljh01
294,,Alex Rodriguez,Men On,2012,114,257,529,48.6,,220,64,53,4,1,8,47,13,1,25,47,.241,.331,.377,.708,83,13,7,0,5,3,3,.265,81,90,rodrial01
295,,Giancarlo Stanton,Men On,2014,139,310,638,48.6,,249,70,72,15,0,18,86,13,1,57,83,.289,.423,.566,.989,141,16,2,0,2,24,0,.360,109,172,stantmi03
296,,Miguel Cabrera,Men On,2008,151,332,684,48.5,,297,66,85,15,2,18,108,1,0,25,59,.286,.334,.532,.866,158,16,1,0,9,6,2,.293,95,122,cabremi01
297,,Robinson Canó,Men On,2012,149,338,697,48.5,,294,88,93,21,1,16,77,3,2,39,48,.316,.399,.558,.957,164,22,3,0,2,10,2,.332,107,154,canoro01
298,,Stephen Drew,Men On,2013,115,243,501,48.5,,216,53,56,15,4,9,63,6,0,23,56,.259,.325,.491,.816,106,9,0,0,4,3,2,.303,108,123,drewst01
299,,Adam Dunn,Men On,2010,147,314,648,48.5,,259,62,61,15,0,15,80,0,1,45,93,.236,.357,.467,.824,121,10,6,0,4,10,2,.297,87,119,dunnad01
300,,Jermaine Dye,Men On,2007,126,272,561,48.5,,241,50,58,17,0,10,60,2,1,24,61,.241,.313,.436,.748,105,17,3,0,4,2,1,.276,89,91,dyeje01
301,,Matt Kemp,Men On,2010,146,324,668,48.5,,286,69,68,13,3,15,76,19,15,28,90,.238,.299,.462,.761,132,14,1,0,9,4,3,.279,99,100,kempma01
302,,Adam LaRoche,Men On,2012,143,314,647,48.5,,268,59,75,14,1,16,83,1,1,37,67,.280,.357,.519,.875,139,10,0,0,9,7,3,.304,106,132,larocad01
303,,Kevin Millar,Men On,2008,135,296,610,48.5,,255,58,60,8,0,5,57,0,1,34,40,.235,.321,.325,.646,83,8,1,0,6,3,3,.255,82,69,millake01
304,,Craig Monroe,Men On,2006,129,284,585,48.5,,258,76,66,13,0,15,79,2,2,20,66,.256,.303,.481,.783,124,14,0,0,6,3,5,.279,101,96,monrocr01
305,,Jay Payton,Men On,2006,128,285,588,48.5,,263,72,84,12,2,4,53,8,4,14,25,.319,.354,.426,.780,112,12,3,0,5,1,7,.335,111,98,paytoja01
306,,Hunter Pence,Men On,2013,149,333,687,48.5,,306,74,87,17,4,10,82,22,3,21,55,.284,.333,.464,.797,142,17,3,0,3,3,3,.316,94,118,pencehu01
307,,Jhonny Peralta,Men On,2009,141,313,645,48.5,,280,48,68,18,0,2,74,0,2,23,67,.243,.299,.329,.628,92,20,2,2,6,0,4,.304,82,65,peraljh01
308,,Miguel Tejada,Men On,2007,125,276,569,48.5,,242,63,69,9,0,9,72,2,1,24,23,.285,.362,.434,.796,105,22,7,0,3,9,1,.282,100,104,tejadmi01
309,,Justin Upton,Men On,2009,128,285,588,48.5,,252,72,72,11,2,14,74,20,5,26,69,.286,.352,.512,.864,129,10,2,1,4,3,0,.335,92,125,uptonju01
310,,Vernon Wells,Men On,2009,143,332,684,48.5,,300,74,69,18,0,5,56,17,4,27,52,.230,.289,.340,.629,102,18,0,0,5,2,6,.258,78,65,wellsve01
311,,Adrian Beltré,Men On,2010,139,310,641,48.4,,277,69,89,25,1,13,87,2,1,23,42,.321,.371,.560,.931,155,25,3,0,7,10,1,.332,103,145,beltrad01
312,,Billy Butler,Men On,2011,145,326,673,48.4,,273,63,80,22,0,8,84,2,1,44,43,.293,.387,.462,.848,126,16,2,0,7,15,2,.314,107,131,butlebi03
313,,Ike Davis,Men On,2010,134,291,601,48.4,,248,62,66,13,1,8,60,3,2,37,66,.266,.357,.423,.781,105,13,1,0,5,6,3,.324,98,108,davisik02
314,,Kevin Millar,Men On,2007,125,272,562,48.4,,224,53,64,16,1,7,53,1,1,41,45,.286,.404,.460,.864,103,8,5,0,2,2,4,.328,120,122,millake01
315,,B.J. Upton,Men On,2008,137,310,640,48.4,,247,82,74,19,0,6,64,44,16,51,56,.300,.414,.449,.863,111,13,2,3,7,4,2,.354,120,126,uptonbj01
316,,B.J. Upton,Men On,2007,119,265,548,48.4,,220,73,67,7,1,11,69,22,8,39,63,.305,.405,.495,.901,109,14,1,1,4,4,3,.373,102,131,uptonbj01
317,,David Wright,Men On,2012,144,324,670,48.4,,277,79,87,20,0,9,81,15,10,40,55,.314,.398,.484,.882,134,15,2,0,5,16,3,.358,100,136,wrighda03
318,,Melky Cabrera,Men On,2010,124,246,509,48.3,,215,46,59,13,1,0,38,7,1,23,32,.274,.340,.344,.684,74,8,0,5,3,11,4,.317,104,84,cabreme01
319,,Allen Craig,Men On,2014,111,244,505,48.3,,213,36,52,12,1,3,41,2,1,24,58,.244,.332,.352,.684,75,14,5,0,2,0,4,.318,131,90,craigal01
320,,Ryan Doumit,Men On,2012,124,255,528,48.3,,226,46,58,15,0,8,65,0,0,18,46,.257,.310,.429,.739,97,17,3,0,8,5,1,.278,90,97,doumiry01
321,,Chris Johnson,Men On,2012,122,255,528,48.3,,234,44,73,12,2,11,72,5,1,14,48,.312,.350,.521,.872,122,18,2,1,4,2,0,.346,123,131,johnsch05
322,,Mike Lowell,Men On,2006,135,305,631,48.3,,268,65,78,21,1,6,66,2,2,28,31,.291,.354,.444,.798,119,22,2,0,7,5,5,.303,98,103,lowelmi01
323,,Nick Markakis,Men On,2007,150,343,710,48.3,,300,87,91,20,1,13,102,18,6,35,46,.303,.371,.507,.878,152,22,1,1,6,5,5,.316,107,124,markani01
324,,Joe Mauer,Men On,2010,124,282,584,48.3,,235,85,81,23,0,6,72,1,4,39,27,.345,.433,.519,.952,122,19,2,0,6,14,3,.361,118,154,mauerjo01
325,,Aramis Ramírez,Men On,2012,140,304,630,48.3,,273,77,82,18,3,12,90,9,2,21,43,.300,.359,.520,.879,142,14,6,0,4,3,2,.315,96,133,ramirar01
326,,Hanley Ramírez,Men On,2009,142,315,652,48.3,,268,89,94,20,1,12,94,27,8,36,47,.351,.430,.567,.997,152,9,5,1,5,14,2,.383,109,160,ramirha01
327,,Mark Reynolds,Men On,2009,144,320,662,48.3,,272,75,66,9,0,21,79,24,9,43,106,.243,.347,.507,.854,138,8,2,0,3,3,4,.304,93,122,reynoma01
328,,Bobby Abreu,Men On,2008,144,330,684,48.2,,290,93,92,24,1,13,93,22,11,39,46,.317,.397,.541,.938,157,14,0,0,1,2,2,.341,122,142,abreubo01
329,,Vladimir Guerrero,Men On,2008,132,289,600,48.2,,252,74,78,14,1,16,80,5,3,32,38,.310,.384,.563,.948,142,27,1,0,4,16,4,.307,113,144,guerrvl01
330,,Nick Johnson,Men On,2006,134,303,628,48.2,,233,89,63,14,0,12,66,10,3,59,55,.270,.425,.485,.910,113,12,6,2,3,15,3,.302,93,132,johnsni01
331,,Mitch Moreland,Men On,2015,121,248,515,48.2,,221,39,66,13,0,11,73,1,0,16,51,.299,.355,.507,.862,112,9,6,0,5,2,2,.335,113,129,morelmi01
332,,Mitch Moreland,Men On,2011,117,247,512,48.2,,220,49,52,10,1,5,40,2,2,19,54,.236,.302,.359,.661,79,9,3,2,3,6,4,.287,81,80,morelmi01
333,,David Ortiz,Men On,2014,127,290,602,48.2,,239,42,75,14,0,18,87,0,0,44,38,.314,.414,.598,1.012,143,18,1,0,6,22,1,.302,132,177,ortizda01
334,,Brandon Phillips,Men On,2006,126,283,587,48.2,,247,57,75,10,1,9,67,25,2,20,35,.304,.362,.462,.824,114,19,6,4,6,3,1,.316,120,109,phillbr01
335,,Juan Rivera,Men On,2011,119,251,521,48.2,,220,41,62,10,0,6,69,5,3,22,35,.282,.335,.409,.744,90,16,0,0,9,1,3,.298,112,102,riverju01
336,,Billy Butler,Men On,2015,136,289,601,48.1,,251,56,65,13,0,8,58,0,0,28,45,.259,.343,.406,.749,102,26,6,0,4,4,2,.282,110,101,butlebi03
337,,Miguel Cabrera,Men On,2007,141,327,680,48.1,,266,72,100,23,1,15,100,2,1,52,53,.376,.469,.639,1.108,170,17,1,1,7,22,1,.415,130,183,cabremi01
338,,Yoenis Céspedes,Men On,2013,124,276,574,48.1,,252,59,60,13,4,11,65,7,7,21,60,.238,.293,.452,.746,114,8,0,0,3,5,3,.266,102,103,cespeyo01
339,,Andre Ethier,Men On,2013,132,266,553,48.1,,222,46,54,11,1,4,44,4,3,38,44,.243,.357,.356,.713,79,9,3,0,3,11,5,.282,83,99,ethiean01
340,,Prince Fielder,Men On,2008,148,334,694,48.1,,263,68,76,11,1,16,84,3,2,54,60,.289,.410,.521,.931,137,12,7,0,10,18,0,.305,113,141,fieldpr01
341,,Josh Hamilton,Men On,2013,134,306,636,48.1,,268,60,60,12,1,8,66,4,0,26,74,.224,.291,.366,.657,98,16,3,0,9,4,3,.267,80,81,hamiljo03
342,,Ryan Howard,Men On,2015,112,242,503,48.1,,221,42,57,15,1,12,66,0,0,14,74,.258,.307,.498,.805,110,11,3,0,3,2,0,.326,123,113,howarry01
343,,Matt Kemp,Men On,2009,144,321,667,48.1,,287,84,80,10,2,13,88,34,8,26,61,.279,.336,.463,.800,133,14,2,0,6,6,4,.306,90,108,kempma01
344,,Víctor Martínez,Men On,2010,116,259,538,48.1,,231,54,66,18,0,10,69,1,0,23,26,.286,.344,.494,.837,114,17,0,0,5,5,3,.280,98,121,martivi01
345,,Mike Moustakas,Men On,2013,121,247,514,48.1,,216,34,46,10,0,4,34,2,4,23,37,.213,.293,.315,.607,68,13,3,1,4,1,1,.235,89,69,moustmi01
346,,Albert Pujols,Men On,2014,145,334,695,48.1,,293,72,82,18,1,11,88,5,1,28,35,.280,.341,.461,.802,135,28,4,0,9,11,7,.277,104,120,pujolal01
347,,Albert Pujols,Men On,2010,149,337,700,48.1,,263,90,85,19,0,17,93,14,4,65,26,.323,.454,.589,1.043,155,23,3,0,6,37,4,.301,109,177,pujolal01
348,,Troy Tulowitzki,Men On,2007,146,328,682,48.1,,287,91,90,18,2,11,86,7,6,30,66,.314,.384,.505,.889,145,14,4,5,2,3,2,.373,112,127,tulowtr01
349,,Pat Burrell,Men On,2007,140,287,598,48.0,,218,62,58,13,0,15,82,0,0,59,49,.266,.415,.532,.947,116,10,2,0,8,1,0,.265,110,142,burrepa01
350,,Nick Castellanos,Men On,2014,133,278,579,48.0,,249,44,62,13,3,5,60,2,2,21,71,.249,.302,.386,.688,96,7,1,0,7,3,2,.317,97,90,casteni01
351,,Juan Encarnación,Men On,2006,136,287,598,48.0,,257,64,74,12,3,9,69,6,5,21,37,.288,.339,.463,.802,119,11,2,1,6,6,5,.300,112,103,encarju01
352,,Brad Hawpe,Men On,2008,126,273,569,48.0,,227,57,70,11,1,13,73,2,2,42,67,.308,.418,.537,.955,122,7,2,0,2,6,1,.383,118,147,hawpebr01
353,,Víctor Martínez,Men On,2014,140,308,641,48.0,,254,70,87,17,0,15,86,3,2,46,21,.343,.438,.587,1.025,149,17,2,0,6,28,7,.321,111,182,martivi01
354,,Bengie Molina,Men On,2007,123,248,517,48.0,,237,28,68,7,1,9,71,0,0,8,27,.287,.308,.439,.747,104,13,0,1,2,2,3,.291,105,90,molinbe01
355,,Logan Morrison,Men On,2011,111,252,525,48.0,,208,37,49,12,3,6,55,2,1,35,48,.236,.353,.409,.762,85,9,5,0,4,3,4,.272,94,108,morrilo01
356,,Carlos Peña,Men On,2007,131,294,612,48.0,,225,70,66,17,0,17,92,1,0,54,62,.293,.430,.596,1.026,134,7,6,1,8,10,2,.318,100,162,penaca01
357,,Jhonny Peralta,Men On,2008,143,319,664,48.0,,283,90,77,21,1,9,75,3,1,27,71,.272,.334,.449,.783,127,26,2,2,5,2,2,.327,96,102,peraljh01
358,,Brandon Phillips,Men On,2007,151,337,702,48.0,,306,88,85,12,4,11,75,32,8,18,56,.278,.325,.451,.776,138,26,6,2,5,4,3,.303,91,98,phillbr01
359,,Jay Bruce,Men On,2014,125,261,545,47.9,,236,63,61,14,1,10,58,12,3,18,65,.258,.308,.453,.761,107,8,1,1,5,5,1,.307,131,108,bruceja01
360,,Mark DeRosa,Men On,2007,130,275,574,47.9,,235,58,75,10,1,4,66,1,2,31,42,.319,.397,.421,.818,99,17,2,3,4,2,2,.368,107,111,derosma01
361,,José Guillén,Men On,2008,139,303,633,47.9,,282,54,69,16,0,8,85,2,1,14,49,.245,.287,.387,.674,109,23,4,0,3,3,5,.268,84,74,guilljo01
362,,Aaron Hill,Men On,2007,145,315,657,47.9,,288,78,85,22,1,8,69,4,3,19,46,.295,.333,.462,.795,133,21,0,3,5,1,4,.322,101,103,hillaa01
363,,Carlos Peña,Men On,2009,120,273,570,47.9,,214,68,55,12,2,16,77,3,3,50,72,.257,.407,.556,.963,119,5,6,0,3,11,2,.302,118,151,penaca01
364,,Albert Pujols,Men On,2007,142,325,679,47.9,,263,79,82,14,1,12,83,2,6,52,34,.312,.418,.510,.928,134,27,2,0,8,21,5,.311,87,138,pujolal01
365,,Garret Anderson,Men On,2006,131,281,588,47.8,,247,52,66,11,0,6,74,1,0,27,40,.267,.331,.385,.716,95,8,0,0,7,11,0,.288,91,82,anderga01
366,,Miguel Cabrera,Men On,2012,147,333,697,47.8,,291,81,99,21,0,17,112,4,1,34,43,.340,.405,.588,.993,171,28,2,0,6,17,2,.346,100,163,cabremi01
367,,Mike Cameron,Men On,2009,137,300,628,47.8,,247,62,61,10,1,8,54,7,3,46,68,.247,.363,.393,.756,97,12,2,0,5,3,0,.301,93,99,camermi01
368,,Paul Goldschmidt,Men On,2015,148,332,695,47.8,,252,88,78,13,1,18,95,21,5,72,66,.310,.455,.583,1.038,147,16,1,0,7,29,4,.343,107,178,goldspa01
369,,Vladimir Guerrero,Men On,2011,133,282,590,47.8,,263,50,72,15,1,3,53,2,2,10,28,.274,.309,.373,.681,98,23,5,0,4,3,4,.292,87,86,guerrvl01
370,,Josh Hamilton,Men On,2011,117,257,538,47.8,,225,64,67,12,4,9,78,8,1,22,41,.298,.346,.507,.853,114,8,0,0,10,13,3,.314,95,130,hamiljo03
371,,Torii Hunter,Men On,2010,142,309,646,47.8,,262,65,77,16,0,12,79,9,12,35,44,.294,.385,.492,.877,129,22,7,0,5,6,6,.308,115,133,hunteto01
372,,Evan Longoria,Men On,2008,114,243,508,47.8,,210,51,55,14,1,11,69,7,0,23,62,.262,.329,.495,.824,104,8,2,0,8,4,1,.303,89,112,longoev01
373,,Nick Markakis,Men On,2009,152,340,711,47.8,,302,87,94,27,2,11,94,6,2,27,40,.311,.359,.523,.882,158,12,1,0,10,0,4,.318,119,129,markani01
374,,Víctor Martínez,Men On,2013,143,319,668,47.8,,280,59,78,20,0,5,74,0,2,30,32,.279,.342,.404,.745,113,23,1,0,8,10,1,.291,90,106,martivi01
375,,Daniel Nava,Men On,2013,119,256,536,47.8,,213,72,65,8,0,7,61,0,2,23,40,.305,.381,.441,.822,94,10,8,4,8,2,2,.333,98,127,navada01
376,,Chase Utley,Men On,2008,148,338,707,47.8,,276,95,83,18,2,15,86,14,2,41,49,.301,.404,.543,.947,150,9,12,1,8,14,1,.309,108,145,utleych01
377,,Miguel Cabrera,Men On,2015,110,244,511,47.7,,189,59,74,15,0,13,71,1,1,51,28,.392,.520,.677,1.198,128,19,2,0,2,15,1,.407,145,220,cabremi01
378,,Jorge Cantú,Men On,2008,143,327,685,47.7,,289,76,83,20,0,13,79,6,2,25,43,.287,.349,.491,.840,142,15,6,0,7,6,3,.292,109,117,cantujo01
379,,Ryan Church,Men On,2007,126,253,530,47.7,,222,50,58,20,0,8,63,3,2,25,54,.261,.340,.459,.799,102,12,3,0,3,4,5,.307,96,104,churcry01
380,,Garrett Jones,Men On,2010,145,312,654,47.7,,272,53,68,18,0,10,75,7,3,31,53,.250,.321,.426,.747,116,18,1,0,8,2,4,.267,108,98,jonesga02
381,,James Loney,Men On,2013,136,285,598,47.7,,256,45,80,20,0,4,66,3,1,24,37,.313,.366,.438,.804,112,16,0,1,4,6,0,.347,107,122,loneyja01
382,,Hideki Matsui,Men On,2010,136,266,558,47.7,,222,48,65,12,1,14,77,0,1,36,42,.293,.385,.545,.931,121,10,0,0,4,6,1,.300,125,146,matsuhi01
383,,Kevin Millar,Men On,2006,114,240,503,47.7,,200,55,51,10,0,6,55,1,1,32,35,.255,.371,.395,.766,79,14,6,0,2,3,1,.280,90,96,millake01
384,,Aramis Ramírez,Men On,2006,147,315,660,47.7,,271,74,79,16,3,19,100,2,1,32,35,.292,.368,.583,.951,158,15,5,0,7,4,5,.268,109,138,ramirar01
385,,Aaron Rowand,Men On,2007,143,326,684,47.7,,284,86,84,20,0,8,70,6,3,27,54,.296,.370,.451,.821,128,18,9,2,4,3,7,.336,87,111,rowanaa01
386,,Jayson Werth,Men On,2014,138,300,629,47.7,,252,77,83,22,1,8,74,9,1,38,45,.329,.427,.520,.947,131,9,7,0,3,3,1,.371,123,162,werthja01
387,,Jason Bay,Men On,2008,144,319,670,47.6,,266,96,72,17,2,16,86,10,0,44,61,.271,.367,.530,.897,141,7,1,0,8,4,6,.284,100,131,bayja01
388,,Ronnie Belliard,Men On,2006,129,281,590,47.6,,248,57,71,12,1,7,61,2,3,24,35,.286,.356,.427,.784,106,17,4,3,2,2,1,.308,117,99,belliro01
389,,Adrian Beltré,Men On,2006,141,324,681,47.6,,284,73,77,15,1,10,74,11,5,30,61,.271,.350,.437,.786,124,15,6,1,3,4,6,.310,101,100,beltrad01
390,,Lance Berkman,Men On,2009,126,268,563,47.6,,215,60,65,17,0,12,67,7,4,48,39,.302,.423,.549,.972,118,13,0,0,4,14,2,.315,114,154,berkmla01
391,,Yuniesky Betancourt,Men On,2010,138,280,588,47.6,,262,51,74,15,0,7,69,2,3,10,35,.282,.304,.420,.724,110,13,0,4,4,1,2,.299,109,92,betanyu01
392,,Johnny Damon,Men On,2010,131,292,613,47.6,,257,77,61,15,2,4,47,11,1,30,47,.237,.321,.358,.679,92,5,2,2,1,2,5,.275,80,82,damonjo01
393,,Adam Dunn,Men On,2007,135,301,632,47.6,,241,82,62,6,1,21,87,9,2,55,81,.257,.392,.552,.944,133,12,1,0,4,8,2,.287,101,140,dunnad01
394,,Garrett Jones,Men On,2012,126,245,515,47.6,,216,57,68,11,1,16,75,2,0,22,42,.315,.367,.597,.965,129,3,0,0,7,2,4,.315,132,154,jonesga02
395,,James Loney,Men On,2011,136,277,582,47.6,,238,50,68,11,0,6,59,4,0,30,30,.286,.361,.408,.769,97,8,1,3,5,7,3,.300,105,110,loneyja01
396,,Brian McCann,Men On,2007,123,263,552,47.6,,232,45,67,18,0,12,86,0,1,22,36,.289,.345,.522,.866,121,19,1,2,6,7,2,.289,123,120,mccanbr01
397,,Hunter Pence,Men On,2011,143,318,668,47.6,,289,69,103,24,2,7,82,8,2,24,53,.356,.399,.526,.925,152,15,0,0,5,3,7,.410,113,151,pencehu01
398,,Kevin Pillar,Men On,2015,140,299,628,47.6,,270,66,76,13,1,2,46,25,4,16,37,.281,.325,.359,.685,97,9,4,4,5,1,3,.314,94,85,pillake01
399,,Iván Rodríguez,Men On,2006,123,276,580,47.6,,254,67,92,18,3,6,62,8,3,15,29,.362,.397,.528,.925,134,16,1,4,2,4,3,.389,140,134,rodriiv01
400,,Justin Upton,Men On,2010,120,272,571,47.6,,226,62,63,15,2,6,58,18,8,37,66,.279,.373,.442,.815,100,20,1,1,7,5,1,.354,105,117,uptonju01
401,,Ben Zobrist,Men On,2009,142,285,599,47.6,,228,77,65,14,1,13,77,17,6,51,55,.285,.412,.526,.938,120,7,1,1,4,4,2,.317,99,145,zobribe01
402,,José Castillo,Men On,2006,126,267,562,47.5,,239,47,64,13,0,7,58,6,4,18,46,.268,.320,.410,.730,98,22,3,1,6,8,3,.297,114,85,castijo02
403,,Freddie Freeman,Men On,2013,130,299,629,47.5,,254,80,94,12,1,14,100,1,0,37,57,.370,.448,.591,1.039,150,10,3,0,5,10,4,.426,131,186,freemfr01
404,,Chase Headley,Men On,2009,140,291,612,47.5,,250,55,73,14,1,5,57,10,2,36,51,.292,.385,.416,.801,104,19,3,0,2,3,3,.347,119,111,headlch01
405,,Jason Heyward,Men On,2015,142,290,610,47.5,,257,71,72,14,3,5,52,23,3,27,41,.280,.347,.416,.764,107,13,1,0,3,4,5,.313,91,105,heywaja01
406,,Conor Jackson,Men On,2008,132,291,612,47.5,,243,78,76,15,5,3,66,10,2,36,31,.313,.414,.453,.866,110,14,8,1,3,3,5,.344,112,126,jacksco01
407,,Jon Jay,Men On,2013,133,298,628,47.5,,250,73,80,16,2,5,65,10,5,29,37,.320,.394,.460,.854,115,13,5,9,5,7,0,.352,137,136,jayjo02
408,,Austin Kearns,Men On,2006,136,299,629,47.5,,244,69,62,16,1,7,69,9,4,42,62,.254,.372,.414,.786,101,18,7,1,5,4,4,.306,91,101,kearnau01
409,,Adam LaRoche,Men On,2007,137,300,632,47.5,,260,57,75,22,0,7,74,1,1,34,60,.288,.370,.454,.824,118,18,2,0,4,5,3,.345,106,111,larocad01
410,,José López,Men On,2006,140,311,655,47.5,,271,74,84,15,6,6,75,5,2,17,39,.310,.358,.476,.834,129,17,6,12,5,1,3,.338,130,111,lopezjo01
411,,Casey McGehee,Men On,2010,141,318,670,47.5,,286,59,85,17,1,12,93,1,1,22,49,.297,.343,.490,.832,140,18,2,0,8,5,5,.313,107,120,mcgehca01
412,,Albert Pujols,Men On,2012,140,318,670,47.5,,273,70,83,17,0,15,90,8,1,36,26,.304,.384,.531,.915,145,19,3,0,6,16,2,.286,115,143,pujolal01
413,,Albert Pujols,Men On,2006,133,301,634,47.5,,236,97,81,10,0,27,115,7,2,60,16,.343,.475,.729,1.204,172,20,2,0,3,27,3,.276,119,202,pujolal01
414,,Richie Sexson,Men On,2006,141,315,663,47.5,,271,57,74,15,0,16,89,1,1,38,78,.273,.362,.506,.867,137,17,2,0,4,5,1,.320,108,119,sexsori01
415,,Jay Bruce,Men On,2011,143,315,664,47.4,,266,69,73,13,0,17,82,8,7,43,78,.274,.379,.515,.894,137,8,3,1,2,14,1,.324,120,142,bruceja01
416,,Jorge Cantú,Men On,2010,118,244,515,47.4,,221,42,63,18,0,3,48,0,0,13,44,.285,.321,.407,.728,90,15,2,1,7,1,1,.331,109,94,cantujo01
417,,Mark DeRosa,Men On,2006,125,271,572,47.4,,243,74,72,14,1,9,70,4,4,24,49,.296,.362,.473,.835,115,13,2,0,2,1,3,.337,105,111,derosma01
418,,Matt Duffy,Men On,2015,134,290,612,47.4,,269,71,92,16,3,6,71,12,0,15,41,.342,.378,.491,.869,132,22,2,2,2,0,3,.384,128,133,duffyma01
419,,Edwin Encarnación,Men On,2015,138,296,624,47.4,,240,76,72,16,0,21,93,3,2,43,51,.300,.399,.629,1.028,151,14,3,0,10,5,1,.287,120,172,encared01
420,,Andre Ethier,Men On,2010,128,277,585,47.4,,236,61,77,12,0,13,72,2,1,34,49,.326,.404,.542,.947,128,11,1,0,6,11,2,.356,121,151,ethiean01
421,,Bill Hall,Men On,2006,132,288,608,47.4,,248,82,68,15,2,16,66,8,9,32,68,.274,.354,.544,.899,135,12,1,3,4,6,5,.310,101,125,hallbi03
422,,Bryce Harper,Men On,2015,142,310,654,47.4,,232,93,78,15,0,17,74,6,4,70,56,.336,.490,.621,1.111,144,15,4,0,4,15,1,.374,102,198,harpebr03
423,,Matt Holliday,Men On,2014,145,316,667,47.4,,269,67,82,19,0,4,74,4,1,35,39,.305,.402,.420,.822,113,20,10,0,2,4,1,.342,104,129,hollima01
424,,Torii Hunter,Men On,2012,125,277,584,47.4,,252,70,85,13,0,5,81,9,1,18,54,.337,.384,.448,.832,113,15,3,1,3,1,0,.408,105,123,hunteto01
425,,Evan Longoria,Men On,2014,149,332,700,47.4,,281,71,83,9,0,10,79,5,0,36,52,.295,.375,.434,.809,122,15,5,1,9,11,6,.320,125,124,longoev01
426,,Ryan Ludwick,Men On,2009,120,257,542,47.4,,227,54,68,8,0,13,88,4,2,20,45,.300,.358,.507,.865,115,5,3,1,4,3,5,.318,122,125,ludwiry01
427,,Lastings Milledge,Men On,2008,126,278,587,47.4,,236,55,58,9,0,4,51,24,9,21,49,.246,.322,.335,.657,79,19,9,5,7,1,2,.284,81,72,millela02
428,,Melvin Mora,Men On,2007,117,250,527,47.4,,210,60,54,10,0,7,51,9,3,28,35,.257,.343,.405,.748,85,22,2,5,5,3,1,.272,98,92,morame01
429,,David Peralta,Men On,2015,123,245,517,47.4,,211,50,72,14,5,6,67,9,4,25,44,.341,.404,.540,.944,114,7,2,0,7,2,2,.393,112,152,peralda01
430,,Brandon Phillips,Men On,2012,134,295,623,47.4,,263,77,78,13,1,9,68,15,2,22,36,.297,.353,.456,.809,120,19,3,3,4,2,4,.311,116,116,phillbr01
431,,Trevor Plouffe,Men On,2014,125,276,582,47.4,,242,60,69,21,0,6,72,2,1,27,45,.285,.355,.446,.801,108,12,2,0,5,2,3,.321,114,121,plouftr01
432,,Martín Prado,Men On,2013,141,315,664,47.4,,277,63,79,18,1,7,75,3,5,31,25,.285,.352,.433,.786,120,29,1,0,6,2,1,.287,110,116,pradoma01
433,,Hanley Ramírez,Men On,2012,144,316,667,47.4,,276,68,74,13,1,13,81,21,7,33,54,.268,.351,.464,.815,128,17,4,0,3,4,2,.288,115,117,ramirha01
434,,Colby Rasmus,Men On,2010,117,253,534,47.4,,212,72,54,7,1,10,53,12,8,35,74,.255,.355,.439,.793,93,5,0,2,4,9,4,.333,87,111,rasmuco01
435,,Luke Scott,Men On,2010,119,245,517,47.4,,210,53,52,9,0,10,55,2,0,26,51,.248,.327,.433,.760,91,9,2,0,7,4,2,.269,70,102,scottlu01
436,,José Vidro,Men On,2007,135,296,625,47.4,,252,76,80,14,0,4,57,0,0,31,20,.317,.381,.421,.802,106,21,0,5,8,5,3,.322,107,107,vidrojo01
437,,Joey Votto,Men On,2010,140,307,648,47.4,,248,86,94,18,1,17,93,16,5,51,52,.379,.489,.665,1.154,165,11,5,0,3,8,2,.423,126,206,vottojo01
438,,Delmon Young,Men On,2012,138,288,608,47.4,,268,43,70,14,0,7,63,0,2,10,48,.261,.288,.392,.680,105,20,3,0,7,1,4,.286,93,81,youngde03
439,,Brennan Boesch,Men On,2012,118,238,503,47.3,,222,44,60,10,2,4,46,6,3,12,46,.270,.311,.387,.698,86,11,2,0,2,1,4,.322,113,87,boescbr01
440,,Jack Cust,Men On,2007,108,240,507,47.3,,182,50,52,11,0,15,71,0,2,52,72,.286,.433,.593,1.027,108,6,0,0,6,2,0,.366,124,162,custja01
441,,Alcides Escobar,Men On,2011,147,283,598,47.3,,247,66,63,12,5,1,43,26,9,13,28,.255,.294,.356,.651,88,10,2,18,3,1,7,.281,105,77,escobal02
442,,Ramón Hernández,Men On,2006,129,265,560,47.3,,235,54,73,16,2,11,79,1,0,19,27,.311,.370,.536,.906,126,13,6,0,5,2,5,.307,120,128,hernara02
443,,Adam LaRoche,Men On,2013,125,279,590,47.3,,225,57,52,8,3,7,49,4,1,48,57,.231,.366,.387,.752,87,13,2,0,4,10,2,.273,106,109,larocad01
444,,Carlos Lee,Men On,2010,147,307,649,47.3,,284,56,74,14,1,13,78,3,3,18,34,.261,.303,.454,.757,129,20,1,0,4,1,1,.253,113,100,leeca01
445,,Evan Longoria,Men On,2013,146,328,693,47.3,,278,69,79,17,0,10,66,1,0,43,80,.284,.375,.453,.828,126,16,1,0,6,10,3,.356,100,128,longoev01
446,,Aramis Ramírez,Men On,2011,140,296,626,47.3,,256,68,75,13,0,14,81,1,1,29,32,.293,.361,.508,.869,130,12,3,0,8,5,1,.280,100,135,ramirar01
447,,Hanley Ramírez,Men On,2014,113,242,512,47.3,,210,55,60,16,0,4,62,14,5,27,42,.286,.376,.419,.795,88,10,4,0,1,2,6,.339,95,121,ramirha01
448,,Cody Ross,Men On,2012,119,250,528,47.3,,217,59,61,15,0,11,70,2,3,24,59,.281,.349,.502,.852,109,11,2,1,6,3,5,.327,111,126,rossco01
449,,Nick Swisher,Men On,2012,135,295,624,47.3,,245,66,68,14,0,15,84,2,3,43,63,.278,.381,.518,.899,127,9,1,1,5,2,2,.308,114,139,swishni01
450,,Chase Utley,Men On,2007,124,290,613,47.3,,252,90,86,27,0,8,89,9,1,22,38,.341,.401,.544,.945,137,7,8,1,7,1,3,.366,94,141,utleych01
451,,Michael Young,Men On,2007,144,327,692,47.3,,292,75,107,21,0,4,89,13,3,32,43,.366,.431,.479,.911,140,21,2,0,1,5,5,.419,132,135,youngmi02
452,,José Bautista,Men On,2011,140,309,655,47.2,,225,78,71,15,0,16,76,9,5,77,54,.316,.489,.596,1.084,134,8,3,0,4,23,4,.346,107,195,bautijo02
453,,David Bell,Men On,2006,127,267,566,47.2,,234,56,59,12,2,6,59,3,1,24,34,.252,.318,.397,.716,93,18,1,3,5,3,3,.266,94,81,bellda01
454,,Kris Bryant,Men On,2015,137,307,650,47.2,,253,77,78,16,2,16,89,13,4,44,87,.308,.414,.577,.991,146,7,5,0,5,0,5,.400,130,164,bryankr01
455,,Miguel Cabrera,Men On,2009,146,323,685,47.2,,290,79,89,18,0,17,86,6,2,31,49,.307,.375,.545,.919,158,22,1,0,1,14,4,.320,94,139,cabremi01
456,,Adam Everett,Men On,2006,124,267,566,47.2,,234,48,55,16,2,2,55,9,6,18,34,.235,.288,.346,.634,81,5,1,10,4,5,0,.262,98,61,everead01
457,,Prince Fielder,Men On,2015,149,327,693,47.2,,280,67,82,9,0,12,87,0,0,39,41,.293,.379,.454,.833,127,21,3,0,5,14,1,.302,98,124,fieldpr01
458,,Luis Gonzalez,Men On,2006,137,315,668,47.2,,270,84,70,20,1,6,64,0,1,35,24,.259,.346,.407,.753,110,14,4,0,6,10,4,.260,90,92,gonzalu01
459,,Aubrey Huff,Men On,2008,147,312,661,47.2,,267,79,88,21,0,15,91,4,0,37,43,.330,.404,.577,.981,154,9,1,0,7,7,2,.338,117,153,huffau01
460,,Brandon Inge,Men On,2010,132,274,580,47.2,,239,39,58,14,2,5,62,4,3,27,57,.243,.314,.381,.695,91,12,1,0,7,4,3,.288,94,85,ingebr01
461,,Carlos Lee,Men On,2012,136,290,615,47.2,,253,48,77,13,0,4,72,3,0,31,18,.304,.372,.403,.776,102,13,0,0,6,4,4,.308,123,109,leeca01
462,,Jonathan Lucroy,Men On,2013,134,274,580,47.2,,239,48,74,13,4,7,71,9,1,25,31,.310,.369,.485,.854,116,16,2,0,8,2,1,.321,115,135,lucrojo01
463,,Jordy Mercer,Men On,2014,129,262,555,47.2,,228,48,56,14,1,4,47,4,1,22,35,.246,.311,.368,.680,84,14,2,5,5,12,4,.268,97,88,mercejo03
464,,Carlos Quentin,Men On,2010,117,249,527,47.2,,213,63,56,11,1,16,77,2,2,18,39,.263,.353,.549,.903,117,16,14,0,4,3,1,.247,118,137,quentca01
465,,Alfonso Soriano,Men On,2012,136,290,615,47.2,,257,53,77,21,2,17,93,6,2,26,70,.300,.369,.595,.964,153,18,4,0,3,5,4,.347,134,154,soriaal01
466,,Dan Uggla,Men On,2009,150,315,668,47.2,,257,62,62,12,0,9,68,2,1,51,67,.241,.366,.393,.759,101,10,2,1,4,4,1,.286,89,100,ugglada01
467,,Billy Butler,Men On,2012,146,320,679,47.1,,287,56,93,14,0,13,91,2,1,23,43,.324,.381,.509,.890,146,20,6,0,4,9,2,.340,102,137,butlebi03
468,,Brandon Crawford,Men On,2015,129,264,561,47.1,,235,54,72,18,4,10,73,6,4,21,48,.306,.367,.545,.912,128,18,4,0,4,9,2,.343,132,142,crawfbr01
469,,Torii Hunter,Men On,2007,142,306,650,47.1,,279,79,78,23,0,13,92,18,9,21,43,.280,.327,.502,.829,140,17,1,0,5,10,4,.285,97,110,hunteto01
470,,Andy LaRoche,Men On,2009,129,278,590,47.1,,239,57,68,14,3,5,57,3,1,26,37,.285,.364,.431,.795,103,16,5,6,2,1,1,.317,118,109,larocan01
471,,Adam Lind,Men On,2009,135,308,654,47.1,,263,76,78,17,0,18,97,1,1,40,48,.297,.386,.567,.953,149,15,1,0,4,7,4,.299,105,148,lindad01
472,,Yadier Molina,Men On,2011,122,244,518,47.1,,215,45,73,12,1,4,55,4,5,20,13,.340,.389,.460,.850,99,21,0,5,4,4,1,.342,110,131,molinya01
473,,Mark Teahen,Men On,2009,128,269,571,47.1,,246,60,64,13,0,3,41,8,1,17,53,.260,.311,.350,.660,86,11,2,2,2,4,2,.318,82,74,teahema01
474,,Omar Vizquel,Men On,2007,132,271,575,47.1,,234,53,61,9,2,3,50,14,6,20,19,.261,.315,.355,.670,83,14,0,14,3,6,1,.270,116,73,vizquom01
475,,Ryan Braun,Men On,2010,141,322,685,47.0,,294,92,93,25,0,16,94,14,3,21,54,.316,.364,.565,.929,166,17,3,0,3,1,6,.339,113,145,braunry02
476,,Jay Bruce,Men On,2015,135,305,649,47.0,,265,56,56,17,3,10,71,9,5,31,72,.211,.285,.411,.697,109,10,0,0,9,8,2,.240,92,85,bruceja01
477,,Ryan Garko,Men On,2007,125,254,541,47.0,,222,48,56,8,1,7,47,0,1,16,49,.252,.335,.392,.727,87,12,13,0,3,1,5,.290,75,87,garkory01
478,,Paul Goldschmidt,Men On,2013,144,334,710,47.0,,273,91,95,18,2,24,113,15,7,54,59,.348,.450,.692,1.143,189,25,1,0,5,19,1,.364,138,212,goldspa01
479,,Adrián González,Men On,2009,151,320,681,47.0,,242,67,67,10,1,17,76,1,1,71,50,.277,.439,.537,.976,130,23,2,1,4,21,1,.279,105,156,gonzaad01
480,,Matt Holliday,Men On,2013,127,283,602,47.0,,244,94,87,14,1,13,85,6,1,31,34,.357,.431,.582,1.013,142,31,4,0,4,5,3,.368,130,178,hollima01
481,,Torii Hunter,Men On,2008,132,286,608,47.0,,257,71,66,18,2,7,64,19,5,26,51,.257,.329,.424,.753,109,15,2,0,1,6,5,.295,87,95,hunteto01
482,,Salvador Perez,Men On,2015,125,260,553,47.0,,244,40,63,12,0,9,58,1,0,9,38,.258,.285,.418,.703,102,23,2,0,5,4,4,.267,100,87,perezsa02
483,,Salvador Perez,Men On,2014,135,285,606,47.0,,271,47,68,11,1,7,60,1,0,10,41,.251,.277,.376,.654,102,22,1,0,3,2,4,.270,89,79,perezsa02
484,,A.J. Pierzynski,Men On,2006,119,255,543,47.0,,236,57,70,10,0,8,56,1,0,13,26,.297,.337,.441,.778,104,10,2,3,1,6,3,.305,102,97,pierza.01
485,,Édgar Rentería,Men On,2007,116,255,543,47.0,,224,79,76,13,1,4,49,11,2,29,26,.339,.415,.460,.875,103,14,0,2,0,0,0,.371,104,126,renteed01
486,,Juan Rivera,Men On,2009,130,269,572,47.0,,245,56,72,12,0,9,72,0,1,18,24,.294,.338,.453,.791,111,19,1,0,5,1,3,.290,97,106,riverju01
487,,Aaron Rowand,Men On,2008,136,287,611,47.0,,246,47,74,12,0,3,60,2,4,32,59,.301,.387,.386,.773,95,21,5,0,4,7,4,.378,108,103,rowanaa01
488,,Pablo Sandoval,Men On,2014,144,300,638,47.0,,273,61,77,12,1,9,66,0,0,20,44,.282,.323,.432,.756,118,16,0,0,7,6,3,.300,104,108,sandopa01
489,,Carlos Santana,Men On,2012,127,286,609,47.0,,236,65,58,9,1,11,69,3,5,42,48,.246,.350,.432,.782,102,21,0,0,8,4,3,.254,99,109,santaca01
490,,Nick Swisher,Men On,2007,137,310,659,47.0,,243,69,63,16,0,7,63,3,2,52,66,.259,.388,.412,.800,100,13,5,1,9,12,3,.313,92,107,swishni01
491,,Miguel Tejada,Men On,2008,147,313,666,47.0,,294,84,76,18,2,5,58,7,7,12,33,.259,.292,.384,.676,113,32,3,1,3,4,2,.274,86,75,tejadmi01
492,,Kevin Youkilis,Men On,2007,128,294,625,47.0,,244,78,83,17,2,9,76,4,2,39,51,.340,.435,.537,.972,131,9,6,0,5,0,4,.392,130,149,youklke01
493,,Jay Bruce,Men On,2013,142,327,697,46.9,,278,67,75,23,0,8,87,7,3,43,80,.270,.362,.439,.801,122,9,0,0,5,13,2,.344,102,121,bruceja01
494,,Starlin Castro,Men On,2012,152,324,691,46.9,,302,72,96,13,5,8,72,25,13,15,50,.318,.349,.474,.822,143,15,2,0,5,5,8,.353,118,119,castrst01
495,,Allen Craig,Men On,2013,120,264,563,46.9,,233,64,88,16,1,6,90,2,0,21,36,.378,.432,.532,.964,124,12,5,0,5,2,2,.418,132,166,craigal01
496,,Aaron Hill,Men On,2009,144,344,734,46.9,,319,86,98,19,0,19,91,6,2,18,39,.307,.344,.545,.889,174,17,2,1,4,1,3,.298,114,130,hillaa01
497,,Matt Holliday,Men On,2008,130,292,623,46.9,,249,89,75,16,2,7,70,28,2,36,51,.301,.397,.466,.863,116,9,5,0,2,6,2,.352,84,125,hollima01
498,,Matt Kemp,Men On,2014,134,281,599,46.9,,248,65,71,17,2,13,77,8,5,27,63,.286,.349,.528,.877,131,21,0,0,6,3,2,.326,105,140,kempma01
499,,Paul Konerko,Men On,2007,136,298,636,46.9,,244,52,63,18,0,12,71,0,1,48,52,.258,.372,.480,.852,117,21,0,0,6,9,1,.274,104,118,konerpa01
500,,José López,Men On,2009,138,306,653,46.9,,280,55,79,22,0,11,82,3,3,13,38,.282,.314,.479,.792,134,25,3,3,7,5,5,.286,107,106,lopezjo01
501,,Russell Martin,Men On,2009,136,276,588,46.9,,232,60,59,11,0,4,50,11,6,39,38,.254,.365,.353,.718,82,18,2,2,1,9,4,.288,111,90,martiru01
502,,Brian McCann,Men On,2015,122,251,535,46.9,,215,56,57,8,1,14,82,0,0,24,48,.265,.343,.507,.850,109,7,5,0,7,3,2,.269,123,126,mccanbr01
503,,Alex Ríos,Men On,2008,144,322,687,46.9,,296,82,83,18,1,6,70,32,8,20,65,.280,.323,.409,.732,121,20,1,0,5,2,4,.335,85,90,riosal01
504,,Carlos Santana,Men On,2013,139,301,642,46.9,,248,62,83,28,1,7,61,3,1,48,41,.335,.439,.540,.979,134,7,1,0,4,6,4,.373,135,170,santaca01
505,,Dayán Viciedo,Men On,2014,128,264,563,46.9,,243,56,55,5,1,12,49,0,1,15,53,.226,.277,.403,.680,98,19,3,0,3,3,7,.238,98,86,vicieda01
506,,David Wright,Men On,2014,122,275,586,46.9,,245,49,70,13,0,3,58,8,5,24,46,.286,.345,.376,.721,92,22,1,0,5,5,1,.333,107,100,wrighda03
507,,Ryan Zimmerman,Men On,2010,131,283,603,46.9,,236,71,79,14,0,11,71,4,1,38,41,.335,.428,.534,.961,126,16,4,0,5,6,2,.360,115,156,zimmery01
508,,Ray Durham,Men On,2006,118,260,555,46.8,,230,63,75,12,3,10,77,7,2,25,27,.326,.391,.535,.926,123,17,1,2,2,6,3,.333,108,134,durhara01
509,,Edwin Encarnación,Men On,2007,132,262,560,46.8,,231,56,75,15,1,6,66,8,1,19,40,.325,.394,.476,.870,110,5,8,0,1,4,5,.371,119,123,encared01
510,,Andre Ethier,Men On,2011,124,258,551,46.8,,224,61,64,7,0,5,56,0,1,29,41,.286,.368,.384,.752,86,8,2,0,3,9,2,.326,91,106,ethiean01
511,,Raúl Ibañez,Men On,2006,153,327,699,46.8,,284,85,89,15,2,15,105,2,4,35,53,.313,.382,.539,.921,153,13,1,0,7,15,2,.332,113,132,ibanera01
512,,Jason Kendall,Men On,2009,123,246,526,46.8,,200,48,48,10,1,2,43,7,2,25,21,.240,.346,.330,.676,66,11,10,6,5,6,4,.253,113,79,kendaja01
513,,Brian McCann,Men On,2014,120,252,538,46.8,,225,47,55,6,1,13,65,0,0,18,35,.244,.310,.453,.763,102,16,5,0,4,1,4,.232,120,109,mccanbr01
514,,Alexei Ramírez,Men On,2010,140,293,626,46.8,,265,71,78,15,1,6,58,13,8,15,44,.294,.329,.426,.755,113,12,1,7,5,2,3,.327,104,100,ramiral03
515,,Mark Reynolds,Men On,2008,135,287,613,46.8,,251,71,68,15,1,12,81,11,2,29,91,.271,.339,.482,.821,121,10,0,1,6,0,2,.364,111,112,reynoma01
516,,Alex Ríos,Men On,2010,135,289,617,46.8,,260,77,74,13,0,10,77,34,14,21,41,.285,.339,.450,.789,117,21,3,0,5,4,1,.299,100,109,riosal01
517,,Luke Scott,Men On,2009,116,237,506,46.8,,204,46,56,16,1,10,62,0,0,31,47,.275,.371,.510,.881,104,4,1,0,1,5,2,.311,114,130,scottlu01
518,,Nick Swisher,Men On,2011,137,297,635,46.8,,230,71,58,14,0,13,75,2,2,57,47,.252,.392,.483,.875,111,18,1,1,8,6,2,.253,112,138,swishni01
519,,Casey Blake,Men On,2007,143,309,662,46.7,,273,68,62,15,1,5,65,4,5,21,59,.227,.289,.344,.634,94,14,5,5,5,2,4,.266,64,63,blakeca01
520,,Yoenis Céspedes,Men On,2012,116,252,540,46.7,,223,58,71,9,3,11,70,16,4,22,43,.318,.385,.534,.919,119,9,4,0,3,5,4,.349,114,144,cespeyo01
521,,Jermaine Dye,Men On,2009,126,268,574,46.7,,230,67,64,10,0,16,70,0,2,33,48,.278,.373,.530,.904,122,15,3,0,2,2,0,.286,127,135,dyeje01
522,,Brett Gardner,Men On,2010,126,266,569,46.7,,216,94,55,7,3,2,44,47,9,41,54,.255,.372,.343,.714,74,6,1,5,3,1,3,.325,88,93,gardnbr01
523,,Omar Infante,Men On,2011,138,299,640,46.7,,254,51,70,8,3,3,45,4,2,18,26,.276,.319,.366,.685,93,12,2,17,8,1,6,.288,97,87,infanom01
524,,Casey Kotchman,Men On,2007,113,237,508,46.7,,202,57,67,15,2,4,61,2,4,24,18,.332,.402,.485,.887,98,17,3,3,5,1,2,.341,112,128,kotchca01
525,,Nick Markakis,Men On,2006,118,253,542,46.7,,222,60,66,14,2,4,50,2,0,24,28,.297,.368,.432,.800,96,15,2,3,2,3,2,.323,101,104,markani01
526,,Justin Morneau,Men On,2006,141,309,661,46.7,,264,82,84,15,1,19,115,3,3,30,36,.318,.382,.598,.980,158,10,4,0,11,9,3,.295,109,146,morneju01
527,,Jhonny Peralta,Men On,2007,137,302,647,46.7,,256,75,75,13,1,9,60,4,4,35,62,.293,.375,.457,.832,117,12,3,1,7,2,2,.344,116,113,peraljh01
528,,Martín Prado,Men On,2009,106,235,503,46.7,,204,55,68,14,0,2,40,1,3,14,20,.333,.375,.431,.806,88,17,2,11,4,1,4,.355,98,112,pradoma01
529,,Casey Blake,Men On,2008,135,280,601,46.6,,240,58,66,15,0,8,68,3,0,30,51,.275,.362,.438,.800,105,12,5,1,4,11,1,.314,100,108,blakeca01
530,,Michael Brantley,Men On,2012,133,284,609,46.6,,244,62,72,17,1,5,59,12,9,36,20,.295,.380,.434,.815,106,7,0,0,4,12,5,.300,117,119,brantmi02
531,,Miguel Cabrera,Men On,2006,146,315,676,46.6,,265,99,94,23,0,13,101,9,6,44,49,.355,.444,.589,1.033,156,18,2,0,4,27,4,.391,107,161,cabremi01
532,,Ike Davis,Men On,2012,136,272,584,46.6,,241,49,55,10,0,15,73,0,2,28,55,.228,.305,.456,.762,110,10,0,0,3,3,0,.230,98,102,davisik02
533,,Ian Desmond,Men On,2013,142,305,655,46.6,,274,64,80,19,1,7,67,21,6,22,62,.292,.343,.445,.788,122,16,2,2,5,3,0,.348,102,117,desmoia01
534,,Alex Gordon,Men On,2007,133,280,601,46.6,,243,52,55,14,0,7,52,14,4,28,63,.226,.317,.370,.687,90,12,5,1,2,4,1,.274,91,77,gordoal01
535,,Curtis Granderson,Men On,2011,144,322,691,46.6,,276,115,72,9,8,20,98,25,10,34,86,.261,.336,.569,.905,157,12,1,4,7,0,0,.294,95,142,grandcu01
536,,Matt Kemp,Men On,2015,136,302,648,46.6,,270,69,87,19,1,12,89,12,2,24,65,.322,.368,.533,.901,144,17,0,0,8,0,3,.373,138,140,kempma01
537,,Paul Konerko,Men On,2010,136,294,631,46.6,,246,66,82,16,0,16,88,0,1,41,49,.333,.422,.593,1.015,146,9,1,0,6,7,3,.353,109,168,konerpa01
538,,Gary Matthews,Men On,2007,129,270,579,46.6,,236,68,59,14,2,7,61,18,4,26,44,.250,.322,.415,.737,98,12,2,0,6,6,4,.272,99,89,matthga02
539,,Mike Moustakas,Men On,2014,121,233,500,46.6,,210,37,49,9,0,8,47,1,0,16,25,.233,.289,.390,.679,82,12,2,1,4,1,4,.227,115,87,moustmi01
540,,Brandon Phillips,Men On,2008,133,284,609,46.6,,254,69,69,9,2,10,67,23,10,21,35,.272,.327,.441,.768,112,13,3,0,6,6,5,.274,105,99,phillbr01
541,,Trevor Plouffe,Men On,2013,113,243,522,46.6,,220,36,52,7,0,6,44,2,1,17,50,.236,.289,.350,.639,77,11,1,1,4,1,3,.274,83,76,plouftr01
542,,Albert Pujols,Men On,2015,149,308,661,46.6,,267,60,60,12,0,15,70,5,3,33,37,.225,.318,.438,.756,117,15,5,0,3,10,2,.206,95,102,pujolal01
543,,Jayson Werth,Men On,2010,134,304,652,46.6,,243,87,62,21,0,9,67,13,3,49,62,.255,.375,.453,.828,110,11,3,0,9,6,1,.293,82,121,werthja01
544,,Ronnie Belliard,Men On,2007,128,259,557,46.5,,230,51,72,19,0,5,52,3,0,17,41,.313,.356,.461,.817,106,12,1,6,5,1,2,.354,115,109,belliro01
545,,Carlos Beltrán,Men On,2006,130,287,617,46.5,,230,107,73,16,1,21,96,18,3,46,46,.317,.427,.670,1.096,154,6,3,1,7,6,8,.306,123,175,beltrca01
546,,Ángel Berroa,Men On,2006,120,234,503,46.5,,214,37,52,5,1,1,46,3,1,5,34,.243,.267,.290,.556,62,21,3,9,3,1,5,.280,90,42,berroan01
547,,Brandon Crawford,Men On,2013,123,256,550,46.5,,224,46,57,13,3,3,37,1,2,25,38,.254,.333,.379,.713,85,10,3,1,3,6,1,.290,112,97,crawfbr01
548,,Edwin Encarnación,Men On,2013,126,289,621,46.5,,243,70,71,14,1,16,84,7,1,39,32,.292,.388,.556,.943,135,20,2,0,5,7,4,.275,109,158,encared01
549,,Derrek Lee,Men On,2010,129,291,626,46.5,,256,69,60,16,0,8,69,1,3,31,63,.234,.313,.391,.703,100,23,0,0,4,1,2,.275,82,87,leede02
550,,Joe Mauer,Men On,2014,109,241,518,46.5,,193,58,55,13,2,2,53,3,0,46,47,.285,.419,.404,.823,78,12,0,0,2,12,0,.363,125,130,mauerjo01
551,,Yadier Molina,Men On,2009,124,253,544,46.5,,214,40,62,11,0,1,49,9,3,28,13,.290,.381,.355,.736,76,27,4,6,1,2,1,.303,97,95,molinya01
552,,Magglio Ordóñez,Men On,2009,123,241,518,46.5,,211,49,72,11,1,4,45,3,1,28,24,.341,.415,.460,.875,97,19,0,0,2,2,1,.368,118,130,ordonma01
553,,Jordan Pacheco,Men On,2012,118,235,505,46.5,,214,48,69,15,2,2,51,7,2,15,24,.322,.363,.439,.803,94,13,1,1,4,2,4,.349,111,115,pachejo01
554,,Jhonny Peralta,Men On,2014,144,292,628,46.5,,253,51,60,19,0,11,65,3,2,31,43,.237,.325,.443,.768,112,19,4,0,4,2,4,.241,97,111,peraljh01
555,,Mark Reynolds,Men On,2010,131,277,596,46.5,,226,64,58,12,2,17,70,7,4,43,83,.257,.375,.553,.929,125,8,3,0,5,7,0,.313,145,145,reynoma01
556,,Freddy Sanchez,Men On,2006,137,294,632,46.5,,261,79,95,25,1,0,79,3,2,19,19,.364,.399,.467,.866,122,12,2,3,9,6,2,.378,104,121,sanchfr01
557,,Giancarlo Stanton,Men On,2012,106,233,501,46.5,,196,49,50,10,1,11,60,6,2,32,68,.255,.369,.485,.854,95,5,4,0,1,9,0,.331,82,128,stantmi03
558,,Delmon Young,Men On,2007,147,317,681,46.5,,293,61,98,17,0,9,89,10,3,15,50,.334,.363,.485,.847,142,23,2,0,7,2,3,.369,134,117,youngde03
559,,Robinson Canó,Men On,2009,142,313,674,46.4,,294,87,75,16,2,9,69,5,7,13,30,.255,.288,.415,.703,122,22,2,0,4,2,2,.255,62,83,canoro01
560,,Mark Ellis,Men On,2006,110,232,500,46.4,,193,59,52,17,0,6,47,4,0,23,33,.269,.351,.451,.802,87,13,5,4,7,1,0,.286,127,103,ellisma01
561,,Alcides Escobar,Men On,2010,121,256,552,46.4,,227,54,52,10,4,1,38,10,4,21,34,.229,.294,.322,.615,73,8,1,4,3,7,2,.262,101,65,escobal02
562,,Brian Giles,Men On,2006,148,333,717,46.4,,276,79,81,19,0,6,75,9,4,50,25,.293,.402,.428,.830,118,18,3,0,4,6,2,.301,115,113,gilesbr02
563,,Alex Gordon,Men On,2008,116,265,571,46.4,,218,65,57,16,0,9,52,9,2,37,49,.261,.371,.459,.830,100,8,4,1,5,5,1,.291,112,115,gordoal01
564,,José Guillén,Men On,2010,132,268,577,46.4,,238,47,61,10,0,11,69,1,0,16,55,.256,.315,.437,.752,104,17,7,0,6,1,0,.281,105,99,guilljo01
565,,Lyle Overbay,Men On,2006,143,297,640,46.4,,263,68,79,21,0,8,78,5,3,32,41,.300,.374,.471,.845,124,19,0,0,2,7,1,.329,93,114,overbly01
566,,Jhonny Peralta,Men On,2006,138,293,632,46.4,,258,79,70,11,3,8,63,0,1,28,67,.271,.341,.430,.772,111,19,1,3,3,0,7,.333,117,96,peraljh01
567,,Buster Posey,Men On,2014,135,281,605,46.4,,247,59,83,14,1,9,76,0,1,25,26,.336,.388,.510,.898,126,16,1,0,8,5,4,.336,111,147,poseybu01
568,,Cody Ross,Men On,2010,128,264,569,46.4,,241,64,73,16,2,7,58,9,2,21,56,.303,.356,.473,.829,114,9,0,0,2,4,2,.367,125,120,rossco01
569,,Mark Trumbo,Men On,2011,129,266,573,46.4,,245,52,65,14,1,16,74,9,4,14,54,.265,.308,.527,.835,129,17,3,0,4,6,4,.274,116,124,trumbma01
570,,Danny Valencia,Men On,2011,136,282,608,46.4,,256,52,63,13,1,4,61,2,6,22,44,.246,.301,.352,.653,90,15,0,0,4,2,5,.278,94,78,valenda01
571,,Ryan Braun,Men On,2011,141,291,629,46.3,,258,91,87,17,4,15,93,33,6,27,41,.337,.402,.609,1.011,157,9,3,0,3,2,0,.351,103,172,braunry02
572,,Robinson Canó,Men On,2010,149,322,696,46.3,,282,85,90,18,3,11,91,3,2,32,30,.319,.388,.521,.909,147,19,3,0,5,14,6,.321,99,141,canoro01
573,,Jason Castro,Men On,2014,107,237,512,46.3,,218,39,53,10,0,10,52,1,0,12,74,.243,.288,.427,.715,93,11,3,1,3,1,2,.314,117,96,castrja01
574,,Bobby Crosby,Men On,2008,129,280,605,46.3,,254,62,59,18,1,3,57,7,3,24,43,.232,.296,.346,.643,88,18,0,0,2,0,1,.267,99,67,crosbbo01
575,,Pedro Feliz,Men On,2006,138,298,644,46.3,,272,64,67,14,4,11,87,1,1,18,51,.246,.290,.449,.738,122,18,1,1,6,4,6,.259,108,85,felizpe01
576,,Adrián González,Men On,2007,154,333,720,46.3,,293,83,79,21,1,12,82,0,0,33,64,.270,.339,.471,.810,138,6,1,0,6,9,4,.300,92,106,gonzaad01
577,,Franklin Gutiérrez,Men On,2010,142,291,629,46.3,,251,53,67,12,2,4,56,25,3,30,56,.267,.336,.378,.714,95,10,0,2,8,5,5,.317,115,91,gutiefr01
578,,Adam LaRoche,Men On,2010,134,285,615,46.3,,260,64,75,19,0,14,89,0,1,20,88,.288,.337,.523,.860,136,8,1,0,4,4,0,.377,117,126,larocad01
579,,Russell Martin,Men On,2008,141,301,650,46.3,,246,80,78,12,0,6,62,18,6,51,32,.317,.435,.439,.874,108,16,2,0,2,8,2,.343,124,129,martiru01
580,,Jesús Montero,Men On,2012,121,256,553,46.3,,228,36,62,11,0,5,52,0,2,20,41,.272,.324,.386,.710,88,15,1,0,7,4,4,.302,109,90,monteje01
581,,Pablo Sandoval,Men On,2009,141,293,633,46.3,,258,67,92,17,2,13,78,5,5,27,34,.357,.416,.589,1.006,152,10,3,0,5,13,6,.366,113,162,sandopa01
582,,Marcus Semien,Men On,2015,140,278,601,46.3,,249,55,60,6,2,5,35,11,5,26,60,.241,.314,.341,.655,85,16,1,1,1,1,1,.297,86,77,semiema01
583,,Seth Smith,Men On,2011,122,247,533,46.3,,212,60,55,9,5,8,52,10,2,25,40,.259,.336,.462,.798,98,9,3,0,7,7,2,.275,93,116,smithse01
584,,Nick Swisher,Men On,2006,143,311,672,46.3,,244,85,61,14,2,14,74,1,2,53,74,.250,.388,.496,.884,121,13,6,2,6,7,3,.290,105,124,swishni01
585,,Mark Teixeira,Men On,2011,143,317,684,46.3,,263,72,76,17,1,21,93,4,1,40,40,.289,.385,.601,.986,158,12,6,0,8,3,4,.262,135,165,teixema01
586,,Mark Trumbo,Men On,2013,144,314,678,46.3,,285,67,65,15,2,16,82,5,2,25,81,.228,.287,.463,.750,132,18,0,0,4,6,2,.255,100,104,trumbma01
587,,Dan Uggla,Men On,2007,149,337,728,46.3,,284,94,67,17,2,12,69,2,1,32,72,.236,.315,.437,.752,124,10,6,4,11,0,3,.261,88,92,ugglada01
588,,David Wright,Men On,2010,144,310,670,46.3,,264,74,69,16,1,16,90,19,11,33,79,.261,.332,.511,.844,135,12,1,0,12,9,2,.293,95,122,wrighda03
589,,Ryan Zimmerman,Men On,2012,135,297,641,46.3,,262,80,73,15,0,12,82,5,2,30,55,.279,.350,.473,.823,124,20,1,0,4,8,2,.307,100,119,zimmery01
590,,Brandon Belt,Men On,2013,133,264,571,46.2,,229,65,71,18,2,6,56,5,2,28,53,.310,.388,.485,.873,111,4,3,1,3,4,3,.376,109,141,beltbr01
591,,Zack Cozart,Men On,2014,126,251,543,46.2,,226,46,50,8,0,2,36,7,0,17,30,.221,.285,.283,.568,64,13,3,5,0,3,2,.247,101,58,cozarza01
592,,Nelson Cruz,Men On,2011,115,237,513,46.2,,221,48,59,13,1,13,71,9,5,11,58,.267,.304,.511,.815,113,8,2,0,3,1,2,.301,98,118,cruzne02
593,,Jack Cust,Men On,2008,122,276,598,46.2,,222,57,51,10,0,13,57,0,0,49,94,.230,.366,.450,.816,100,7,1,0,4,3,2,.319,92,112,custja01
594,,Raúl Ibañez,Men On,2009,119,261,565,46.2,,218,73,58,14,0,14,73,4,0,35,43,.266,.368,.523,.891,114,16,3,0,5,8,4,.265,101,132,ibanera01
595,,Jason Kubel,Men On,2012,126,264,571,46.2,,226,58,58,12,3,13,73,1,1,31,64,.257,.341,.509,.850,115,11,1,0,6,7,1,.290,105,125,kubelja01
596,,Yadier Molina,Men On,2013,121,250,541,46.2,,228,63,82,22,0,7,75,3,2,18,23,.360,.404,.548,.952,125,14,1,0,3,4,3,.373,127,161,molinya01
597,,Miguel Olivo,Men On,2011,116,234,507,46.2,,217,43,49,5,0,8,51,6,5,8,70,.226,.245,.359,.604,78,7,0,1,8,2,2,.279,89,63,olivomi01
598,,Anthony Rizzo,Men On,2015,147,324,701,46.2,,257,76,80,17,2,13,83,17,6,40,38,.311,.432,.545,.977,140,9,20,0,7,9,5,.315,118,162,rizzoan01
599,,Michael Young,Men On,2008,144,327,708,46.2,,290,94,86,18,0,4,74,10,0,30,47,.297,.358,.400,.758,116,19,1,0,6,0,3,.335,105,98,youngmi02
600,,José Bautista,Men On,2014,142,310,673,46.1,,246,78,74,16,0,12,80,6,2,54,42,.301,.424,.512,.936,126,18,3,1,6,11,1,.313,103,159,bautijo02
601,,Melky Cabrera,Men On,2007,129,282,612,46.1,,246,61,69,10,2,3,68,13,5,15,38,.280,.316,.374,.690,92,14,2,10,9,0,5,.308,92,77,cabreme01
602,,A.J. Ellis,Men On,2012,115,233,505,46.1,,183,38,47,8,0,7,46,0,0,36,49,.257,.383,.415,.799,76,17,4,6,4,11,1,.305,103,115,ellisaj01
603,,Mark Grudzielanek,Men On,2006,121,270,586,46.1,,243,82,73,15,1,4,49,3,2,18,33,.300,.345,.420,.764,102,12,1,3,5,4,1,.327,107,94,grudzma01
604,,Josh Hamilton,Men On,2012,131,293,636,46.1,,247,79,76,18,2,19,104,7,4,34,65,.308,.386,.628,1.013,155,9,3,0,9,13,0,.331,118,167,hamiljo03
605,,Jason Heyward,Men On,2012,141,300,651,46.1,,265,73,73,16,0,7,62,21,8,31,65,.275,.348,.415,.763,110,4,0,0,3,1,3,.337,91,105,heywaja01
606,,Aubrey Huff,Men On,2010,140,308,668,46.1,,255,84,78,12,2,10,70,7,0,43,36,.306,.403,.486,.889,124,17,3,0,7,5,3,.315,101,137,huffau01
607,,Torii Hunter,Men On,2011,141,299,649,46.1,,264,69,69,7,1,12,71,5,7,31,52,.261,.338,.432,.770,114,24,1,0,3,2,4,.281,101,109,hunteto01
608,,Chipper Jones,Men On,2009,127,275,596,46.1,,209,69,59,13,1,7,60,4,1,60,38,.282,.433,.455,.887,95,14,0,0,6,17,1,.306,117,134,jonesch06
609,,Jayson Werth,Men On,2013,114,245,532,46.1,,202,73,61,7,0,14,71,10,1,36,40,.302,.404,.545,.949,110,9,2,0,5,3,1,.307,104,161,werthja01
610,,David Wright,Men On,2007,147,328,711,46.1,,268,97,89,22,0,14,91,34,5,49,45,.332,.433,.571,1.004,153,14,4,0,7,6,4,.347,109,157,wrighda03
611,,Nolan Arenado,Men On,2015,144,306,665,46.0,,270,79,89,17,2,24,112,2,5,24,51,.330,.373,.674,1.047,182,17,1,0,11,13,2,.316,133,175,arenano01
612,,Adrian Beltré,Men On,2012,145,301,654,46.0,,262,76,81,8,1,17,83,1,0,27,38,.309,.369,.542,.911,142,8,3,0,9,8,4,.296,99,141,beltrad01
613,,Lance Berkman,Men On,2011,131,270,587,46.0,,220,72,70,8,0,13,76,2,6,44,39,.318,.430,.532,.961,117,7,2,0,4,17,2,.331,102,162,berkmla01
614,,Asdrúbal Cabrera,Men On,2009,121,267,581,46.0,,239,80,82,27,1,5,67,17,4,15,42,.343,.377,.527,.905,126,13,0,10,3,1,8,.395,125,135,cabreas01
615,,Carl Crawford,Men On,2011,114,248,539,46.0,,229,59,54,12,2,5,50,18,6,11,46,.236,.269,.371,.641,85,7,1,2,4,1,3,.269,85,73,crawfca02
616,,Ian Desmond,Men On,2015,135,295,641,46.0,,260,59,64,10,1,9,52,13,5,22,77,.246,.308,.396,.704,103,9,3,6,4,0,5,.309,109,88,desmoia01
617,,David Freese,Men On,2014,118,235,511,46.0,,206,47,55,9,0,4,49,1,3,19,52,.267,.336,.369,.705,76,10,5,0,5,0,4,.329,101,96,freesda01
618,,Paul Goldschmidt,Men On,2012,128,270,587,46.0,,223,68,68,24,1,6,68,18,3,35,51,.305,.393,.502,.895,112,9,3,0,9,4,4,.354,112,139,goldspa01
619,,Adrián González,Men On,2010,141,319,693,46.0,,251,69,82,20,0,13,83,0,0,61,52,.327,.454,.562,1.016,141,15,1,2,4,34,3,.363,126,170,gonzaad01
620,,Orlando Hudson,Men On,2009,132,290,631,46.0,,236,67,70,17,1,2,55,8,1,39,42,.297,.391,.403,.794,95,16,1,9,5,4,3,.345,106,110,hudsoor01
621,,Carlos Lee,Men On,2006,154,320,695,46.0,,275,79,80,16,1,14,93,19,2,32,22,.291,.356,.509,.865,140,22,2,0,11,6,5,.264,95,118,leeca01
622,,José López,Men On,2007,128,258,561,46.0,,236,54,65,10,0,7,58,2,3,8,30,.275,.301,.407,.708,96,16,2,9,3,0,5,.287,121,81,lopezjo01
623,,Kendrys Morales,Men On,2013,149,302,657,46.0,,272,48,78,18,0,7,64,0,0,27,49,.287,.354,.430,.784,117,21,2,0,1,6,3,.327,101,116,moralke01
624,,Daniel Murphy,Men On,2009,129,256,556,46.0,,225,52,59,16,1,4,55,4,2,21,28,.262,.317,.396,.713,89,13,0,4,6,4,4,.276,94,87,murphda08
625,,Magglio Ordóñez,Men On,2006,141,297,646,46.0,,267,68,79,18,0,10,90,1,4,25,35,.296,.354,.476,.829,127,13,1,0,4,3,4,.305,101,110,ordonma01
626,,Nick Swisher,Men On,2010,135,292,635,46.0,,255,75,88,15,3,13,73,1,2,29,60,.345,.415,.580,.996,148,13,3,3,2,0,1,.408,129,163,swishni01
627,,Chase Utley,Men On,2009,142,316,687,46.0,,254,92,75,15,3,11,73,23,0,48,44,.295,.421,.508,.929,129,5,10,0,4,3,2,.315,106,144,utleych01
628,,Josh Willingham,Men On,2007,131,278,604,46.0,,238,66,67,16,4,12,80,8,1,31,59,.282,.381,.534,.915,127,11,8,0,1,1,2,.327,120,133,willijo03
629,,Ben Zobrist,Men On,2010,137,301,655,46.0,,245,71,66,15,1,4,69,24,3,36,42,.269,.350,.388,.738,95,10,1,7,12,1,2,.294,111,97,zobribe01
630,,Yonder Alonso,Men On,2012,138,284,619,45.9,,240,44,68,18,0,6,59,3,0,37,47,.283,.378,.433,.811,104,14,2,1,4,9,4,.325,119,118,alonsyo01
631,,Marlon Byrd,Men On,2013,128,266,579,45.9,,245,63,67,13,0,12,76,2,4,10,70,.273,.302,.473,.775,116,11,3,1,7,2,5,.324,82,111,byrdma01
632,,Jermaine Dye,Men On,2008,144,296,645,45.9,,267,72,73,21,1,10,72,3,2,23,54,.273,.328,.472,.800,126,18,1,0,5,3,5,.303,83,106,dyeje01
633,,Adrián González,Men On,2015,138,295,643,45.9,,258,60,75,15,0,12,74,0,1,29,36,.291,.367,.488,.856,126,21,4,0,3,10,3,.296,107,128,gonzaad01
634,,Adrián González,Men On,2012,145,314,684,45.9,,277,67,94,28,0,10,100,2,0,26,48,.339,.392,.549,.940,152,10,3,0,8,5,3,.370,133,150,gonzaad01
635,,Chase Headley,Men On,2012,149,321,699,45.9,,277,81,82,14,2,17,101,17,6,37,73,.296,.377,.545,.922,151,7,2,0,5,2,3,.339,110,145,headlch01
636,,Miguel Montero,Men On,2012,130,263,573,45.9,,220,61,69,15,2,11,84,0,0,35,51,.314,.418,.550,.968,121,15,6,0,2,6,6,.363,133,158,montemi01
637,,Daniel Murphy,Men On,2012,134,281,612,45.9,,260,60,82,17,2,4,63,10,2,16,35,.315,.352,.442,.795,115,12,1,0,4,5,3,.347,116,112,murphda08
638,,Josh Reddick,Men On,2012,140,309,673,45.9,,272,64,52,9,3,11,64,11,1,32,77,.191,.273,.368,.640,100,15,0,1,4,8,3,.218,69,71,reddijo01
639,,Joey Votto,Men On,2011,147,330,719,45.9,,257,84,87,22,0,12,86,8,6,66,49,.339,.467,.564,1.031,145,20,1,0,6,15,8,.371,119,181,vottojo01
640,,Delmon Young,Men On,2008,133,286,623,45.9,,255,76,76,14,1,6,65,14,5,20,43,.298,.354,.431,.786,110,19,5,1,5,7,5,.332,112,104,youngde03
641,,José Bautista,Men On,2015,136,305,666,45.8,,245,84,74,18,1,16,90,8,2,51,53,.302,.413,.580,.993,142,19,1,0,8,2,0,.315,118,165,bautijo02
642,,Yuniesky Betancourt,Men On,2008,131,270,590,45.8,,251,60,66,11,3,1,45,4,4,6,20,.263,.277,.343,.619,86,23,1,6,6,0,1,.275,80,61,betanyu01
643,,Yunel Escobar,Men On,2013,127,265,578,45.8,,224,56,66,14,0,4,51,4,4,29,31,.295,.375,.411,.785,92,19,2,6,4,2,4,.321,125,118,escobyu01
644,,Andre Ethier,Men On,2012,133,283,618,45.8,,251,70,84,13,1,11,80,2,2,26,55,.335,.399,.526,.925,132,13,3,0,3,6,5,.388,128,147,ethiean01
645,,Jeff Francoeur,Men On,2007,144,319,696,45.8,,284,74,86,20,0,9,95,5,2,25,51,.303,.357,.468,.826,133,14,3,0,7,5,2,.333,111,111,francje02
646,,Adrián González,Men On,2006,145,289,631,45.8,,251,67,74,18,1,8,66,0,1,30,50,.295,.368,.470,.838,118,24,2,1,5,9,2,.333,96,112,gonzaad01
647,,Aubrey Huff,Men On,2007,134,276,603,45.8,,247,62,71,17,1,9,66,1,1,25,38,.287,.348,.474,.822,117,13,0,0,4,2,2,.304,111,110,huffau01
648,,Derrek Lee,Men On,2008,140,320,698,45.8,,283,78,89,21,0,5,75,8,2,33,44,.314,.381,.442,.823,125,27,0,0,4,3,2,.353,101,114,leede02
649,,Derrek Lee,Men On,2007,138,298,650,45.8,,253,77,85,18,0,8,68,6,5,36,49,.336,.426,.502,.928,127,15,6,0,3,8,1,.387,104,139,leede02
650,,José López,Men On,2010,138,285,622,45.8,,272,45,68,14,0,6,54,3,2,9,29,.250,.274,.368,.641,100,20,1,0,3,1,4,.258,110,70,lopezjo01
651,,Nick Markakis,Men On,2008,147,319,697,45.8,,267,96,83,22,1,10,77,10,7,50,53,.311,.420,.513,.933,137,10,1,0,1,7,2,.356,108,142,markani01
652,,J.D. Martinez,Men On,2015,143,301,657,45.8,,268,79,77,16,0,24,88,3,2,26,70,.287,.355,.616,.971,165,11,4,0,3,7,0,.299,118,156,martijd02
653,,Marcell Ozuna,Men On,2014,135,280,612,45.8,,255,60,69,10,2,11,73,3,1,19,74,.271,.318,.455,.773,116,12,1,0,5,1,1,.331,100,112,ozunama01
654,,Anthony Rizzo,Men On,2013,143,316,690,45.8,,272,60,70,18,1,12,69,6,5,39,54,.257,.354,.463,.818,126,12,3,0,2,7,4,.279,120,125,rizzoan01
655,,Gaby Sánchez,Men On,2011,137,303,661,45.8,,247,61,58,8,0,8,67,3,1,43,38,.235,.349,.364,.713,90,18,4,2,7,4,3,.240,84,95,sanchga01
656,,Alfonso Soriano,Men On,2013,133,287,626,45.8,,256,71,65,10,0,21,88,18,9,23,68,.254,.321,.539,.860,138,11,4,0,4,3,3,.257,117,134,soriaal01
657,,Stephen Vogt,Men On,2015,113,234,511,45.8,,203,50,62,12,1,10,63,0,2,23,48,.305,.363,.522,.885,106,9,0,0,8,6,0,.340,124,135,vogtst01
658,,Matt Wieters,Men On,2010,114,230,502,45.8,,202,32,46,6,0,6,50,0,1,20,39,.228,.291,.347,.638,70,13,1,0,7,7,2,.244,83,70,wietema01
659,,Erick Aybar,Men On,2009,118,254,556,45.7,,225,66,66,10,4,2,55,14,7,11,28,.293,.322,.400,.722,90,9,1,12,5,1,2,.320,86,89,aybarer01
660,,Yuniesky Betancourt,Men On,2011,132,267,584,45.7,,246,42,52,14,1,4,59,4,4,11,31,.211,.236,.325,.561,80,16,0,0,10,3,1,.217,72,52,betanyu01
661,,Casey Blake,Men On,2010,128,261,571,45.7,,220,45,61,16,1,6,53,0,4,31,57,.277,.372,.441,.813,97,8,4,3,3,3,4,.344,125,117,blakeca01
662,,Melky Cabrera,Men On,2009,118,247,540,45.7,,215,59,56,11,0,6,61,10,2,21,21,.260,.329,.395,.725,85,15,3,4,4,4,4,.260,93,90,cabreme01
663,,Alberto Callaspo,Men On,2013,121,236,516,45.7,,204,47,50,8,0,5,53,0,2,22,20,.245,.313,.358,.671,73,12,1,3,6,2,0,.243,91,86,callaal01
664,,Starlin Castro,Men On,2015,126,264,578,45.7,,244,45,61,11,1,4,62,5,5,11,45,.250,.289,.352,.641,86,18,4,1,4,6,5,.286,92,72,castrst01
665,,Edwin Encarnación,Men On,2011,113,242,530,45.7,,219,59,51,13,0,6,44,8,2,18,42,.233,.293,.374,.668,82,17,2,0,3,2,3,.259,70,81,encared01
666,,Jedd Gyorko,Men On,2013,113,240,525,45.7,,218,48,48,11,0,9,49,1,1,19,52,.220,.283,.394,.678,86,14,1,0,2,1,2,.245,83,86,gyorkje01
667,,Bill Hall,Men On,2007,113,230,503,45.7,,198,52,51,15,0,7,56,4,5,22,56,.258,.328,.439,.767,87,9,2,1,7,1,1,.310,107,96,hallbi03
668,,Corey Hart,Men On,2008,144,300,657,45.7,,270,66,74,18,4,10,81,23,7,14,50,.274,.307,.481,.789,130,17,3,4,9,2,3,.292,107,102,hartco01
669,,Derek Jeter,Men On,2006,144,327,715,45.7,,268,111,98,19,1,7,90,34,5,38,52,.366,.456,.522,.979,140,13,10,7,4,4,3,.427,117,149,jeterde01
670,,Adam Jones,Men On,2014,148,312,682,45.7,,286,71,91,13,2,12,79,7,1,10,56,.318,.353,.503,.856,144,11,9,0,7,1,5,.351,121,135,jonesad01
671,,Kendrys Morales,Men On,2009,131,284,622,45.7,,246,68,75,19,1,16,90,3,7,29,48,.305,.370,.585,.955,144,15,1,0,8,10,3,.311,107,147,moralke01
672,,Xavier Nady,Men On,2006,113,234,512,45.7,,202,48,53,11,1,8,54,3,3,23,40,.262,.353,.446,.799,90,12,6,2,1,7,3,.290,103,103,nadyxa01
673,,Justin Upton,Men On,2012,133,287,628,45.7,,249,98,69,11,2,8,58,18,8,30,53,.277,.352,.434,.786,108,7,2,0,6,5,1,.314,100,110,uptonju01
674,,Joey Votto,Men On,2013,140,332,726,45.7,,244,84,70,13,1,7,56,6,3,79,60,.287,.458,.434,.892,106,15,3,0,6,19,1,.344,94,149,vottojo01
675,,Erick Aybar,Men On,2014,134,293,642,45.6,,261,74,78,15,1,4,65,16,9,19,30,.299,.341,.410,.751,107,10,2,3,8,4,3,.315,114,108,aybarer01
676,,Adrian Beltré,Men On,2014,133,280,614,45.6,,241,66,77,17,0,6,64,1,1,33,38,.320,.396,.465,.861,112,15,1,0,5,13,3,.351,97,138,beltrad01
677,,Brandon Crawford,Men On,2014,129,257,564,45.6,,214,50,63,11,2,6,65,5,3,31,51,.294,.369,.449,.817,96,4,0,2,10,10,1,.341,129,126,crawfbr01
678,,Carlos Gómez,Men On,2013,132,269,590,45.6,,238,61,68,17,3,5,54,40,7,19,67,.286,.343,.445,.789,106,11,5,1,6,2,1,.366,89,117,gomezca01
679,,Torii Hunter,Men On,2013,131,297,652,45.6,,269,79,86,16,0,6,73,3,2,11,45,.320,.344,.446,.790,120,11,4,3,10,0,3,.351,99,117,hunteto01
680,,Adam Jones,Men On,2015,124,265,581,45.6,,242,59,66,11,1,12,67,3,1,15,36,.273,.325,.475,.800,115,21,5,0,3,3,2,.274,106,113,jonesad01
681,,Casey Kotchman,Men On,2012,117,228,500,45.6,,204,43,47,5,0,9,52,3,0,14,22,.230,.298,.387,.685,79,15,6,3,1,1,3,.218,123,83,kotchca01
682,,Salvador Perez,Men On,2013,119,240,526,45.6,,223,44,78,15,2,9,75,0,0,10,24,.350,.375,.556,.931,124,13,2,0,5,2,1,.354,145,154,perezsa02
683,,Albert Pujols,Men On,2011,138,297,651,45.6,,250,84,79,11,0,16,78,9,1,37,25,.316,.401,.552,.953,138,29,3,0,7,15,2,.292,112,158,pujolal01
684,,Colby Rasmus,Men On,2009,115,237,520,45.6,,211,64,60,10,2,8,44,3,1,18,42,.284,.341,.464,.805,98,5,1,5,2,3,3,.319,125,110,rasmuco01
685,,Pablo Sandoval,Men On,2010,136,281,616,45.6,,251,49,63,17,0,1,51,3,2,24,38,.251,.313,.331,.644,83,26,1,0,5,12,5,.286,78,73,sandopa01
686,,Lance Berkman,Men On,2007,136,304,668,45.5,,245,75,79,12,2,14,82,7,3,50,49,.322,.438,.559,.997,137,11,4,0,5,11,0,.348,123,155,berkmla01
687,,Robinson Canó,Men On,2011,143,310,681,45.5,,277,88,84,25,3,12,102,8,2,21,41,.303,.352,.545,.897,151,18,4,0,8,11,5,.310,103,141,canoro01
688,,Ian Desmond,Men On,2010,130,261,574,45.5,,232,49,64,15,3,0,55,17,5,12,54,.276,.306,.366,.672,85,9,1,9,7,3,4,.346,93,79,desmoia01
689,,Edwin Encarnación,Men On,2008,130,265,582,45.5,,217,57,47,8,0,8,50,1,0,35,42,.217,.340,.364,.704,79,13,8,0,5,1,1,.227,78,84,encared01
690,,Eric Hosmer,Men On,2014,119,249,547,45.5,,223,50,70,16,0,5,54,4,2,18,34,.314,.361,.453,.814,101,12,2,0,6,4,0,.342,127,125,hosmeer01
691,,Kevin Kouzmanoff,Men On,2008,141,304,668,45.5,,278,58,75,14,2,10,71,0,0,11,57,.270,.313,.442,.755,123,15,9,0,6,3,4,.300,107,95,kouzmke01
692,,Kevin Kouzmanoff,Men On,2007,127,243,534,45.5,,213,47,69,16,1,8,64,1,0,16,41,.324,.378,.521,.899,111,9,6,2,6,2,0,.359,129,129,kouzmke01
693,,Adam LaRoche,Men On,2009,139,286,629,45.5,,234,60,68,13,1,7,65,2,2,47,60,.291,.402,.444,.847,104,11,0,0,5,12,1,.355,104,123,larocad01
694,,Mark Loretta,Men On,2006,143,320,703,45.5,,285,72,81,12,0,2,56,4,1,22,29,.284,.343,.347,.690,99,16,6,2,5,1,1,.305,96,77,loretma01
695,,Xavier Nady,Men On,2008,135,276,607,45.5,,251,61,78,19,0,10,82,2,1,16,53,.311,.359,.506,.865,127,14,5,0,4,2,1,.354,100,123,nadyxa01
696,,Alexei Ramírez,Men On,2014,146,299,657,45.5,,281,76,83,23,1,9,68,21,4,9,34,.295,.322,.480,.803,135,21,4,1,4,0,1,.306,123,119,ramiral03
697,,Alexei Ramírez,Men On,2009,130,276,606,45.5,,242,64,66,6,1,8,61,14,5,20,30,.273,.319,.405,.723,98,15,0,6,8,3,4,.274,100,89,ramiral03
698,,Alex Rodriguez,Men On,2015,134,282,620,45.5,,230,58,61,13,0,8,61,4,0,45,63,.265,.376,.426,.802,98,17,0,0,7,5,2,.319,93,116,rodrial01
699,,Darwin Barney,Men On,2013,123,252,555,45.4,,221,44,45,11,0,2,36,4,2,16,24,.204,.260,.281,.541,62,22,3,4,6,5,2,.214,91,50,barneda01
700,,Marlon Byrd,Men On,2009,131,272,599,45.4,,237,56,68,19,0,10,79,8,4,18,44,.287,.342,.494,.836,117,11,7,0,10,2,4,.301,107,117,byrdma01
701,,Lonnie Chisenhall,Men On,2014,122,242,533,45.4,,212,57,61,10,1,8,54,3,1,18,39,.288,.353,.458,.810,97,8,5,4,3,3,1,.315,110,123,chiselo01
702,,Josh Donaldson,Men On,2013,140,303,668,45.4,,250,77,91,14,1,12,81,5,2,44,47,.364,.454,.572,1.026,143,15,2,1,6,2,1,.401,133,183,donaljo02
703,,Todd Helton,Men On,2009,138,293,645,45.4,,237,70,76,15,0,6,77,0,1,45,34,.321,.416,.460,.876,109,15,1,0,10,5,2,.338,94,131,heltoto01
704,,Aubrey Huff,Men On,2011,131,263,579,45.4,,231,36,53,7,0,3,50,5,3,23,39,.229,.289,.299,.588,69,11,0,0,9,6,4,.253,75,61,huffau01
705,,Ian Kinsler,Men On,2007,115,257,566,45.4,,204,86,54,6,1,10,51,23,2,39,31,.265,.382,.451,.833,92,14,2,8,4,2,2,.263,110,114,kinslia01
706,,Daniel Murphy,Men On,2015,121,244,538,45.4,,214,49,70,19,1,7,66,2,2,24,16,.327,.385,.523,.909,112,15,0,0,6,10,2,.320,136,142,murphda08
707,,Alexei Ramírez,Men On,2008,117,231,509,45.4,,213,56,64,11,0,12,68,13,9,8,33,.300,.326,.521,.847,111,14,2,4,4,3,6,.302,113,117,ramiral03
708,,Giancarlo Stanton,Men On,2011,139,273,601,45.4,,226,54,53,11,2,9,62,5,5,36,70,.235,.344,.420,.765,95,11,5,0,6,6,2,.288,75,108,stantmi03
709,,Yuniesky Betancourt,Men On,2007,128,253,559,45.3,,237,66,77,16,1,3,61,5,4,8,21,.325,.344,.439,.783,104,10,1,3,4,3,5,.341,117,100,betanyu01
710,,Robinson Canó,Men On,2008,142,287,634,45.3,,270,58,67,15,2,2,60,2,4,10,33,.248,.273,.341,.613,92,18,1,1,5,3,3,.271,73,59,canoro01
711,,Coco Crisp,Men On,2007,126,268,591,45.3,,228,82,57,12,4,3,57,28,6,26,34,.250,.320,.377,.698,86,12,0,9,5,1,0,.276,96,79,crispco01
712,,Chris Davis,Men On,2014,111,238,525,45.3,,195,51,41,8,0,12,58,2,1,30,74,.210,.329,.436,.765,85,2,7,1,5,8,1,.254,118,110,davisch02
713,,Eric Hosmer,Men On,2011,110,255,563,45.3,,231,53,65,15,2,6,65,11,5,18,38,.281,.329,.442,.771,102,13,1,0,5,7,2,.307,94,109,hosmeer01
714,,Chris Johnson,Men On,2014,137,277,611,45.3,,259,40,75,14,0,7,55,6,0,12,67,.290,.324,.425,.748,110,23,2,2,2,2,1,.364,129,106,johnsch05
715,,Garrett Jones,Men On,2014,121,248,547,45.3,,217,48,55,12,2,4,42,0,1,26,54,.253,.331,.382,.713,83,10,1,0,4,4,1,.313,100,97,jonesga02
716,,Jacque Jones,Men On,2006,129,262,578,45.3,,239,58,75,17,0,12,66,9,1,16,55,.314,.362,.536,.897,128,17,3,2,2,6,3,.362,116,126,jonesja05
717,,José López,Men On,2008,142,311,687,45.3,,275,70,84,21,0,7,79,6,3,20,27,.305,.344,.458,.802,126,14,1,6,9,5,5,.308,110,107,lopezjo01
718,,Hideki Matsui,Men On,2011,127,265,585,45.3,,231,50,61,13,0,4,64,1,1,23,35,.264,.319,.372,.692,86,10,0,0,9,3,3,.284,99,88,matsuhi01
719,,Yadier Molina,Men On,2015,114,240,530,45.3,,219,31,61,10,2,1,58,3,1,11,29,.279,.301,.356,.657,78,16,0,1,9,3,1,.303,99,77,molinya01
720,,Jhonny Peralta,Men On,2012,136,265,585,45.3,,232,51,58,15,1,6,56,1,2,29,46,.250,.333,.401,.734,93,20,1,1,2,3,3,.286,114,97,peraljh01
721,,Alfonso Soriano,Men On,2010,127,248,548,45.3,,227,57,69,20,1,14,69,5,1,16,50,.304,.348,.586,.934,133,12,1,1,3,3,4,.331,126,145,soriaal01
722,,Nick Swisher,Men On,2013,135,287,634,45.3,,237,60,58,15,0,8,49,1,0,44,66,.245,.362,.409,.772,97,11,2,0,4,3,4,.299,103,113,swishni01
723,,Delmon Young,Men On,2011,112,228,503,45.3,,214,48,59,10,1,6,58,1,0,8,33,.276,.298,.416,.714,89,19,1,0,5,2,4,.294,105,93,youngde03
724,,Carlos Beltrán,Men On,2013,127,271,600,45.2,,247,64,73,11,1,9,69,2,1,17,43,.296,.333,.457,.791,113,12,0,1,6,1,1,.318,91,117,beltrca01
725,,Ryan Braun,Men On,2012,141,306,677,45.2,,257,84,85,16,2,17,88,30,7,38,45,.331,.422,.607,1.029,156,12,6,0,5,15,1,.340,110,173,braunry02
726,,Marlon Byrd,Men On,2010,139,285,630,45.2,,262,79,81,17,1,7,61,5,1,15,48,.309,.358,.462,.820,121,12,6,0,2,1,4,.354,111,118,byrdma01
727,,Carl Crawford,Men On,2010,133,300,663,45.2,,263,98,92,13,10,7,78,47,10,23,32,.350,.399,.555,.954,146,2,2,3,5,3,2,.371,124,152,crawfca02
728,,Khris Davis,Men On,2014,127,248,549,45.2,,225,55,54,18,2,7,54,4,1,13,50,.240,.286,.431,.717,97,13,4,0,6,0,3,.270,90,96,daviskh01
729,,Josh Hamilton,Men On,2010,125,258,571,45.2,,233,77,89,16,1,14,82,8,1,20,35,.382,.424,.639,1.064,149,11,0,1,4,5,3,.399,104,180,hamiljo03
730,,Brett Lawrie,Men On,2015,130,272,602,45.2,,251,53,64,13,3,5,49,5,2,14,61,.255,.290,.390,.680,98,8,0,3,4,1,6,.312,93,82,lawribr01
731,,Alex Ríos,Men On,2012,139,289,640,45.2,,267,81,87,16,4,13,79,23,6,16,34,.326,.360,.562,.922,150,18,1,0,5,3,2,.329,117,144,riosal01
732,,Iván Rodríguez,Men On,2007,109,233,515,45.2,,225,44,63,13,2,5,57,2,2,4,46,.280,.293,.422,.715,95,16,1,1,2,1,4,.330,100,82,rodriiv01
733,,Giancarlo Stanton,Men On,2013,103,228,504,45.2,,193,47,45,13,0,9,47,1,0,32,67,.233,.346,.440,.787,85,10,2,0,1,5,2,.305,87,116,stantmi03
734,,Michael Young,Men On,2012,137,294,651,45.2,,270,75,69,12,2,4,63,2,2,18,27,.256,.296,.359,.655,97,26,0,0,6,3,5,.265,92,75,youngmi02
735,,Marlon Byrd,Men On,2014,140,287,637,45.1,,259,52,69,15,0,6,66,3,2,21,75,.266,.328,.394,.721,102,6,4,0,3,7,5,.348,94,100,byrdma01
736,,Mike Cameron,Men On,2006,130,286,634,45.1,,247,79,74,10,5,13,74,25,9,31,65,.300,.378,.538,.916,133,8,3,0,5,2,1,.351,118,131,camermi01
737,,Adam Dunn,Men On,2013,134,274,607,45.1,,233,41,53,6,0,15,67,1,1,38,91,.227,.332,.446,.778,104,2,0,0,3,7,3,.292,105,114,dunnad01
738,,Prince Fielder,Men On,2007,141,307,681,45.1,,243,80,68,12,1,21,90,2,2,52,54,.280,.417,.597,1.014,145,9,8,0,4,21,1,.273,102,158,fieldpr01
739,,Matt Kemp,Men On,2008,135,296,657,45.1,,266,81,75,16,1,6,64,35,11,25,63,.282,.342,.417,.760,111,11,1,1,3,6,1,.345,91,97,kempma01
740,,Jason Kendall,Men On,2008,133,265,587,45.1,,223,46,54,15,1,2,49,8,3,25,19,.242,.340,.345,.685,77,5,9,6,2,7,5,.255,111,80,kendaja01
741,,Adam Kennedy,Men On,2006,119,227,503,45.1,,199,48,62,12,2,2,53,16,10,19,26,.312,.366,.422,.788,84,15,1,3,5,5,1,.341,120,101,kennead01
742,,Brandon Moss,Men On,2013,119,228,505,45.1,,203,58,57,13,2,15,72,4,2,20,71,.281,.346,.586,.933,119,4,2,0,3,3,2,.350,115,153,mossbr01
743,,Chris Owings,Men On,2015,125,249,552,45.1,,226,56,54,10,2,1,40,16,4,13,71,.239,.277,.314,.591,71,9,0,7,3,3,2,.338,102,59,owingch01
744,,Kurt Suzuki,Men On,2009,131,277,614,45.1,,252,64,78,19,0,5,78,8,2,13,30,.310,.344,.444,.789,112,14,4,1,7,0,4,.326,115,106,suzukku01
745,,Michael Young,Men On,2006,150,337,748,45.1,,306,88,99,22,1,9,98,7,3,22,42,.324,.362,.490,.852,150,27,1,0,8,0,5,.342,108,115,youngmi02
746,,Brandon Belt,Men On,2015,123,250,556,45.0,,220,61,62,17,2,6,56,9,3,23,63,.282,.352,.459,.811,101,3,3,0,4,2,0,.361,95,117,beltbr01
747,,Xander Bogaerts,Men On,2015,138,294,654,45.0,,273,78,88,15,3,1,75,10,2,13,50,.322,.354,.410,.764,112,16,2,3,3,1,3,.387,97,106,bogaexa01
748,,Nelson Cruz,Men On,2014,141,305,678,45.0,,271,66,78,11,1,19,87,4,5,26,59,.288,.351,.546,.897,148,17,3,0,5,8,5,.298,109,145,cruzne02
749,,Chone Figgins,Men On,2010,143,316,702,45.0,,254,62,71,9,1,1,35,42,15,38,29,.280,.368,.335,.703,85,19,1,17,6,0,1,.304,118,90,figgich01
750,,Todd Helton,Men On,2006,128,292,649,45.0,,233,90,79,17,2,12,78,3,2,50,24,.339,.452,.584,1.036,136,10,3,0,6,15,4,.330,135,162,heltoto01
751,,Ramón Hernández,Men On,2008,116,228,507,45.0,,201,38,58,8,1,4,54,0,0,17,28,.289,.344,.398,.742,80,9,3,1,6,3,4,.309,110,93,hernara02
752,,Geoff Jenkins,Men On,2006,127,250,555,45.0,,208,54,56,9,0,9,62,4,1,34,52,.269,.376,.442,.818,92,9,4,0,4,8,3,.311,107,108,jenkige01
753,,Howie Kendrick,Men On,2013,107,231,513,45.0,,207,45,53,13,1,3,44,6,3,14,44,.256,.311,.372,.683,77,16,4,3,3,5,5,.307,78,89,kendrho01
754,,Casey Kotchman,Men On,2008,127,258,573,45.0,,229,58,58,10,0,7,67,2,1,20,18,.253,.326,.389,.714,89,18,6,0,3,5,5,.246,94,86,kotchca01
755,,Andrew McCutchen,Men On,2013,144,303,674,45.0,,262,82,76,20,1,6,69,27,10,34,48,.290,.373,.443,.816,116,13,3,0,4,12,3,.330,80,125,mccutan01
756,,Mike Napoli,Men On,2014,104,225,500,45.0,,184,37,34,9,0,5,43,3,2,34,60,.185,.320,.315,.635,58,12,4,0,3,3,4,.238,62,77,napolmi01
757,,Tony Peña,Men On,2007,119,241,536,45.0,,224,56,59,14,5,0,45,5,6,3,37,.263,.270,.371,.641,83,13,1,8,5,0,0,.307,99,63,penato02
758,,Wilson Ramos,Men On,2015,117,227,504,45.0,,209,31,54,11,0,5,58,0,0,10,39,.258,.282,.383,.665,80,16,0,0,8,2,3,.283,116,78,ramoswi01
759,,Mark Trumbo,Men On,2015,125,245,545,45.0,,225,51,52,7,2,11,53,0,0,19,57,.231,.290,.427,.716,96,12,0,0,1,1,2,.259,89,91,trumbma01
760,,Carlos González,Men On,2012,123,260,579,44.9,,229,78,66,6,5,11,74,20,5,27,54,.288,.362,.502,.864,115,11,1,0,3,11,0,.329,96,130,gonzaca01
761,,Aaron Hill,Men On,2014,124,243,541,44.9,,220,45,58,13,2,3,53,4,3,12,44,.264,.305,.382,.686,84,16,4,0,7,0,0,.306,110,90,hillaa01
762,,Jason Kipnis,Men On,2014,116,249,555,44.9,,217,59,48,11,0,4,39,22,3,27,41,.221,.310,.327,.638,71,15,2,1,2,2,2,.253,99,77,kipnija01
763,,Joe Mauer,Men On,2009,127,272,606,44.9,,226,74,87,16,0,8,76,4,1,40,25,.385,.471,.562,1.033,127,13,1,0,5,14,1,.399,102,171,mauerjo01
764,,Jason Michaels,Men On,2006,108,246,548,44.9,,217,73,68,17,0,5,51,9,5,20,44,.313,.365,.461,.826,100,6,1,2,6,0,3,.362,130,110,michaja01
765,,Justin Morneau,Men On,2014,119,247,550,44.9,,215,57,78,12,2,12,77,0,3,20,24,.363,.413,.605,1.018,130,7,4,0,8,4,1,.353,135,179,morneju01
766,,Mike Morse,Men On,2011,129,258,575,44.9,,226,55,71,13,0,13,77,2,3,21,57,.314,.384,.544,.928,123,9,7,0,4,5,3,.363,106,151,morsemi01
767,,Hanley Ramírez,Men On,2010,129,278,619,44.9,,234,81,69,15,0,10,65,32,10,37,47,.295,.388,.487,.876,114,14,2,0,5,12,4,.324,105,133,ramirha01
768,,Marco Scutaro,Men On,2008,125,266,592,44.9,,220,72,66,7,0,3,56,7,2,31,28,.300,.381,.373,.753,82,8,2,6,7,0,1,.321,117,98,scutama01
769,,Miguel Tejada,Men On,2010,140,306,681,44.9,,277,65,70,9,0,9,65,2,0,19,34,.253,.311,.383,.694,106,16,6,1,3,3,0,.257,100,85,tejadmi01
770,,Jim Thome,Men On,2008,131,270,602,44.9,,219,76,64,10,0,17,73,1,0,46,65,.292,.411,.571,.982,125,17,1,0,4,9,1,.333,127,153,thomeji01
771,,Chris Young,Men On,2011,140,296,659,44.9,,244,80,65,14,2,11,62,22,9,42,60,.266,.369,.475,.845,116,3,2,1,7,4,1,.300,125,129,youngch04
772,,Chris Carter,Men On,2013,130,262,585,44.8,,216,46,49,11,0,11,64,2,0,38,92,.227,.344,.431,.774,93,8,3,0,5,1,1,.322,103,113,cartech02
773,,Adam Dunn,Men On,2014,116,229,511,44.8,,188,37,42,4,0,10,52,1,1,34,74,.223,.345,.404,.749,76,5,3,0,4,5,1,.296,100,107,dunnad01
774,,Alcides Escobar,Men On,2014,146,278,620,44.8,,254,73,67,11,4,2,49,31,6,9,36,.264,.293,.362,.655,92,12,3,8,4,1,4,.295,89,81,escobal02
775,,Avisaíl García,Men On,2015,130,269,601,44.8,,244,59,63,6,0,6,52,7,7,19,57,.258,.312,.357,.669,87,13,2,0,4,3,1,.308,99,80,garciav01
776,,J.J. Hardy,Men On,2008,136,282,629,44.8,,246,65,66,13,1,11,61,2,1,28,39,.268,.343,.463,.806,114,18,1,5,2,3,5,.278,97,108,hardyjj01
777,,Brendan Harris,Men On,2007,121,258,576,44.8,,234,63,65,13,0,3,50,4,1,13,45,.278,.320,.372,.692,87,19,2,8,1,1,2,.332,79,78,harribr01
778,,Jason Heyward,Men On,2010,129,279,623,44.8,,227,71,70,14,2,6,60,11,6,44,47,.308,.430,.467,.897,106,13,6,0,2,2,8,.364,112,140,heywaja01
779,,Adam Lind,Men On,2015,129,256,572,44.8,,219,64,72,15,0,12,79,0,0,33,43,.329,.414,.562,.976,123,7,1,0,3,11,2,.359,137,160,lindad01
780,,Jim Thome,Men On,2007,120,240,536,44.8,,177,60,57,10,0,16,77,0,1,57,52,.322,.488,.650,1.137,115,10,3,0,3,11,1,.366,135,191,thomeji01
781,,Elvis Andrus,Men On,2013,144,312,698,44.7,,266,89,71,5,3,2,65,42,8,21,41,.267,.321,.331,.652,88,19,3,16,6,1,6,.301,98,81,andruel01
782,,Joe Crede,Men On,2006,131,262,586,44.7,,232,58,73,11,0,12,76,0,2,17,27,.315,.366,.517,.884,120,18,6,0,7,1,3,.305,116,123,credejo01
783,,Mark Ellis,Men On,2011,114,232,519,44.7,,210,51,50,10,0,3,37,14,5,8,25,.238,.274,.329,.602,69,8,3,9,2,0,3,.255,90,64,ellisma01
784,,Ángel Pagán,Men On,2011,111,238,532,44.7,,206,65,53,10,0,4,53,32,7,22,31,.257,.325,.364,.689,75,4,1,4,5,4,5,.278,99,88,paganan01
785,,Plácido Polanco,Men On,2008,124,281,629,44.7,,256,86,79,9,1,4,54,7,1,14,22,.309,.347,.398,.745,102,14,3,4,4,2,2,.321,95,94,polanpl01
786,,Josh Reddick,Men On,2015,130,260,582,44.7,,231,57,63,8,3,10,67,10,2,24,24,.273,.339,.463,.802,107,7,0,1,2,1,6,.266,105,114,reddijo01
787,,Carlos Santana,Men On,2011,138,294,658,44.7,,244,66,57,10,2,9,61,5,3,43,53,.234,.340,.402,.742,98,15,0,0,7,7,1,.254,85,102,santaca01
788,,Mark Trumbo,Men On,2012,123,262,586,44.7,,248,48,72,11,2,14,77,4,5,12,62,.290,.321,.520,.841,129,12,0,0,2,3,2,.333,107,122,trumbma01
789,,Daric Barton,Men On,2008,120,233,523,44.6,,191,55,42,3,4,5,43,2,1,33,45,.220,.330,.356,.686,68,6,0,6,3,5,0,.257,103,79,bartoda02
790,,Ryan Braun,Men On,2008,139,296,663,44.6,,269,70,70,14,3,15,84,14,4,20,57,.260,.314,.502,.816,135,13,3,0,4,4,1,.274,85,109,braunry02
791,,Domonic Brown,Men On,2013,126,241,540,44.6,,211,48,55,8,3,10,66,8,3,25,33,.261,.336,.469,.805,99,5,1,0,4,5,4,.262,99,121,browndo01
792,,Lorenzo Cain,Men On,2014,112,224,502,44.6,,204,53,63,9,0,3,51,28,5,15,47,.309,.357,.397,.754,81,9,2,0,3,2,3,.382,102,109,cainlo01
793,,Matt Dominguez,Men On,2014,134,271,607,44.6,,246,43,55,6,0,8,49,0,1,14,51,.224,.264,.346,.609,85,23,2,2,7,2,0,.242,108,68,dominma01
794,,Lucas Duda,Men On,2014,130,266,596,44.6,,216,62,62,13,0,18,80,3,2,40,49,.287,.406,.597,1.003,129,9,6,0,4,8,2,.288,140,175,dudalu01
795,,Yunel Escobar,Men On,2008,120,262,587,44.6,,218,66,58,11,1,5,55,2,5,32,29,.266,.365,.394,.759,86,24,3,7,2,4,5,.285,98,98,escobyu01
796,,Logan Forsythe,Men On,2015,136,274,615,44.6,,232,56,56,10,1,4,55,9,4,28,47,.241,.336,.345,.681,80,12,8,0,6,2,4,.278,71,85,forsylo01
797,,Freddie Freeman,Men On,2011,136,283,635,44.6,,248,53,76,15,0,7,62,4,4,27,64,.306,.375,.452,.826,112,15,3,0,5,3,1,.379,109,125,freemfr01
798,,Eric Hosmer,Men On,2013,143,303,680,44.6,,274,78,84,17,1,9,71,11,4,24,39,.307,.358,.474,.832,130,15,0,1,4,4,3,.326,107,129,hosmeer01
799,,Adam Jones,Men On,2008,111,229,514,44.6,,206,58,48,8,3,6,54,10,3,11,47,.233,.282,.388,.670,80,12,5,2,5,0,2,.266,88,73,jonesad01
800,,Paul Konerko,Men On,2012,130,267,598,44.6,,234,49,68,10,0,9,58,0,0,29,42,.291,.371,.449,.820,105,16,2,0,2,4,1,.319,92,120,konerpa01
801,,Paul Konerko,Men On,2009,143,277,621,44.6,,237,57,67,14,1,10,70,1,0,27,38,.283,.361,.477,.838,113,15,6,0,7,4,2,.291,100,119,konerpa01
802,,Édgar Rentería,Men On,2008,115,244,547,44.6,,223,63,65,10,1,4,49,6,3,14,22,.291,.326,.399,.726,89,19,0,2,5,1,4,.302,107,88,renteed01
803,,Dan Uggla,Men On,2011,141,300,672,44.6,,261,65,62,8,0,13,59,1,3,34,64,.238,.327,.418,.744,109,9,2,0,3,2,5,.262,97,102,ugglada01
804,,Chase Utley,Men On,2010,102,228,511,44.6,,181,65,57,8,1,6,55,13,2,33,23,.315,.434,.470,.904,85,4,9,0,5,3,3,.325,118,142,utleych01
805,,Neil Walker,Men On,2011,144,295,662,44.6,,261,70,81,20,2,6,77,9,6,25,45,.310,.363,.471,.834,123,15,1,0,8,5,1,.344,124,126,walkene01
806,,Ryan Zimmerman,Men On,2007,153,322,722,44.6,,289,86,74,16,2,11,78,4,1,25,56,.256,.317,.439,.756,127,26,3,0,5,3,1,.278,92,93,zimmery01
807,,José Abreu,Men On,2014,133,277,622,44.5,,234,62,73,8,1,18,89,3,1,32,58,.312,.404,.585,.990,137,14,7,0,4,15,6,.340,106,171,abreujo02
808,,Gordon Beckham,Men On,2011,124,248,557,44.5,,218,54,52,9,0,4,38,5,3,13,50,.239,.299,.335,.634,73,6,7,7,3,0,4,.287,100,73,beckhgo01
809,,Michael Brantley,Men On,2013,126,272,611,44.5,,238,61,74,7,2,5,68,17,4,21,22,.311,.361,.420,.781,100,11,2,3,8,1,1,.315,115,116,brantmi02
810,,Billy Butler,Men On,2013,145,297,668,44.5,,249,50,75,15,0,3,70,0,0,44,43,.301,.401,.398,.798,99,28,0,0,4,11,1,.348,104,123,butlebi03
811,,Asdrúbal Cabrera,Men On,2015,127,245,551,44.5,,221,55,53,17,2,4,47,6,3,15,51,.240,.287,.389,.676,86,14,2,1,6,4,0,.285,82,80,cabreas01
812,,Yoenis Céspedes,Men On,2015,141,301,676,44.5,,276,83,84,16,2,17,87,7,5,17,59,.304,.346,.562,.907,155,14,3,0,5,5,2,.327,109,140,cespeyo01
813,,Josh Donaldson,Men On,2014,148,309,695,44.5,,258,78,75,13,2,14,83,8,0,44,53,.291,.395,.519,.914,134,16,3,0,4,5,1,.313,129,152,donaljo02
814,,Adam Dunn,Men On,2012,142,289,649,44.5,,237,66,55,11,0,20,75,2,1,47,87,.232,.356,.532,.888,126,8,1,0,4,3,0,.261,121,135,dunnad01
815,,Brandon Inge,Men On,2007,129,257,577,44.5,,220,55,61,11,2,5,62,9,2,22,65,.277,.348,.414,.762,91,8,4,7,4,5,1,.364,122,96,ingebr01
816,,Adam Jones,Men On,2011,131,275,618,44.5,,241,51,64,7,1,9,67,12,4,16,49,.266,.310,.415,.725,100,16,5,1,12,2,4,.282,86,96,jonesad01
817,,Howie Kendrick,Men On,2014,144,300,674,44.5,,267,81,84,15,3,3,71,14,5,27,51,.315,.377,.427,.804,114,15,1,3,2,8,3,.377,116,123,kendrho01
818,,Scott Rolen,Men On,2009,112,238,535,44.5,,205,68,63,11,1,3,59,5,4,20,29,.307,.370,.415,.784,85,4,5,0,8,1,4,.331,92,107,rolensc01
819,,Ryan Braun,Men On,2015,123,252,568,44.4,,227,74,72,13,1,12,71,24,4,21,49,.317,.373,.542,.915,123,20,1,0,3,4,3,.355,114,143,braunry02
820,,Shin-Soo Choo,Men On,2010,128,287,646,44.4,,239,71,74,17,0,12,80,22,7,43,48,.310,.418,.531,.949,127,11,3,0,2,11,1,.343,114,152,choosh01
821,,Royce Clayton,Men On,2006,110,223,502,44.4,,190,48,52,11,0,1,39,14,6,17,39,.274,.333,.347,.681,66,11,3,7,6,3,1,.327,110,74,claytro01
822,,Lucas Duda,Men On,2015,117,246,554,44.4,,200,48,42,14,0,8,54,0,2,35,63,.210,.346,.400,.746,80,12,8,0,3,7,1,.258,81,101,dudalu01
823,,Carlos Guillén,Men On,2006,133,276,622,44.4,,237,89,76,16,3,8,74,20,9,35,40,.321,.402,.515,.917,122,16,0,0,4,10,4,.352,100,132,guillca01
824,,Derek Jeter,Men On,2007,139,317,714,44.4,,279,94,89,12,1,4,65,15,8,27,41,.319,.389,.412,.801,115,21,6,3,2,3,4,.360,91,107,jeterde01
825,,Casey Kotchman,Men On,2011,124,250,563,44.4,,215,37,66,9,1,3,41,2,2,25,29,.307,.392,.400,.792,86,13,7,0,3,5,4,.339,99,117,kotchca01
826,,DJ LeMahieu,Men On,2015,135,275,620,44.4,,252,82,79,11,3,3,58,23,3,17,44,.313,.357,.417,.773,105,20,1,3,2,4,4,.367,107,108,lemahdj01
827,,Andrew McCutchen,Men On,2014,132,288,648,44.4,,228,72,71,16,2,8,66,18,3,48,53,.311,.434,.504,.938,115,9,6,0,6,8,1,.364,99,160,mccutan01
828,,Lyle Overbay,Men On,2008,137,280,630,44.4,,228,65,54,15,0,6,60,1,2,42,48,.237,.351,.382,.733,87,24,1,1,5,3,3,.268,89,92,overbly01
829,,Hunter Pence,Men On,2010,137,292,658,44.4,,269,76,78,19,2,9,75,18,9,20,40,.290,.336,.476,.811,128,11,0,0,3,2,1,.309,107,115,pencehu01
830,,A.J. Pierzynski,Men On,2007,114,226,509,44.4,,204,44,46,5,0,4,40,1,1,15,27,.225,.284,.309,.593,63,21,3,1,3,5,2,.239,69,53,pierza.01
831,,Troy Tulowitzki,Men On,2015,114,237,534,44.4,,208,68,58,5,0,8,61,1,0,21,44,.279,.350,.418,.768,87,17,4,0,4,5,3,.313,99,106,tulowtr01
832,,José Vidro,Men On,2006,113,227,511,44.4,,199,48,54,12,0,3,43,1,0,22,20,.271,.344,.377,.720,75,16,2,0,4,3,0,.283,94,84,vidrojo01
833,,Vernon Wells,Men On,2011,114,235,529,44.4,,218,46,48,6,3,11,52,9,4,13,37,.220,.264,.427,.690,93,8,1,0,3,0,4,.214,110,86,wellsve01
834,,Vernon Wells,Men On,2010,140,287,646,44.4,,253,63,69,21,1,15,72,6,4,29,38,.273,.348,.542,.890,137,18,2,0,3,5,1,.266,110,134,wellsve01
835,,Jayson Werth,Men On,2009,141,300,676,44.4,,245,77,65,10,1,15,78,20,3,45,60,.265,.380,.498,.878,122,11,4,0,6,8,0,.284,100,129,werthja01
836,,John Buck,Men On,2011,124,235,530,44.3,,199,34,53,6,1,9,50,0,1,31,43,.266,.369,.442,.811,88,11,2,2,1,7,0,.297,137,121,buckjo01
837,,Melky Cabrera,Men On,2006,116,232,524,44.3,,196,70,55,14,0,2,45,12,5,28,27,.281,.374,.383,.757,75,9,2,5,1,3,4,.315,102,94,cabreme01
838,,Robinson Canó,Men On,2013,150,302,681,44.3,,262,66,96,17,0,12,92,7,1,32,30,.366,.434,.569,1.002,149,18,3,0,5,16,3,.373,124,176,canoro01
839,,Carl Crawford,Men On,2009,144,298,672,44.3,,261,85,77,16,3,4,57,60,16,24,50,.295,.361,.425,.787,111,7,6,2,5,1,3,.344,93,106,crawfca02
840,,Dustin Pedroia,Men On,2011,142,324,731,44.3,,271,87,82,17,1,6,76,26,8,44,41,.303,.391,.439,.830,119,12,0,2,7,6,3,.329,94,127,pedrodu01
841,,Édgar Rentería,Men On,2009,114,226,510,44.3,,196,48,60,12,0,3,46,7,2,20,18,.306,.362,.413,.775,81,17,0,5,5,5,1,.317,144,104,renteed01
842,,Jean Segura,Men On,2013,133,276,623,44.3,,259,64,74,11,5,2,39,44,13,12,33,.286,.318,.390,.707,101,17,1,2,2,1,4,.319,89,95,segurje01
843,,Andrelton Simmons,Men On,2015,126,258,583,44.3,,232,57,57,10,1,1,41,5,3,21,22,.246,.311,.310,.622,72,19,2,1,2,6,1,.265,89,69,simmoan01
844,,Justin Smoak,Men On,2012,116,237,535,44.3,,204,38,45,6,0,8,40,1,0,30,44,.221,.321,.368,.688,75,12,1,0,2,2,0,.240,112,85,smoakju01
845,,Nick Swisher,Men On,2009,126,269,607,44.3,,203,64,50,13,1,9,62,0,0,56,52,.246,.402,.453,.855,92,13,1,3,6,2,1,.277,99,125,swishni01
846,,Shane Victorino,Men On,2012,136,295,666,44.3,,249,66,70,14,2,5,49,39,6,30,32,.281,.364,.414,.777,103,5,4,9,3,1,2,.302,122,109,victosh01
847,,Garret Anderson,Men On,2009,118,236,534,44.2,,214,44,56,9,0,5,53,1,0,13,31,.262,.292,.374,.666,80,11,0,0,9,2,0,.273,90,74,anderga01
848,,Jason Bartlett,Men On,2007,122,252,570,44.2,,221,70,62,9,3,0,38,23,3,25,29,.281,.361,.348,.710,77,8,4,0,2,3,4,.320,103,84,bartlja01
849,,Asdrúbal Cabrera,Men On,2012,127,272,616,44.2,,240,58,72,17,1,4,56,9,4,26,34,.300,.373,.429,.802,103,18,3,1,2,3,2,.333,112,115,cabreas01
850,,Robinson Canó,Men On,2015,147,298,674,44.2,,272,73,89,15,1,12,70,2,6,22,50,.327,.372,.522,.895,142,26,0,0,4,5,4,.360,128,138,canoro01
851,,Ronny Cedeño,Men On,2010,120,222,502,44.2,,196,37,46,10,3,3,33,12,3,16,41,.235,.293,.362,.655,71,10,1,7,2,4,6,.279,95,74,cedenro02
852,,Yan Gomes,Men On,2014,112,229,518,44.2,,208,49,62,12,2,9,62,0,0,12,51,.298,.336,.505,.841,105,13,3,0,6,3,0,.344,114,130,gomesya01
853,,Ken Griffey Jr.,Men On,2008,121,254,575,44.2,,210,63,57,12,0,14,67,0,1,39,39,.271,.382,.529,.910,111,13,1,0,4,14,0,.267,133,135,griffke02
854,,Brock Holt,Men On,2015,105,225,509,44.2,,196,55,62,12,3,1,44,8,1,22,30,.316,.385,.423,.808,83,7,1,4,2,0,2,.365,122,118,holtbr01
855,,Torii Hunter,Men On,2014,125,259,586,44.2,,235,58,62,11,1,4,70,4,3,13,37,.264,.305,.370,.675,87,18,4,0,7,0,0,.289,79,87,hunteto01
856,,Jason Kipnis,Men On,2012,140,297,672,44.2,,251,80,72,8,3,8,70,31,7,37,39,.287,.371,.438,.809,110,12,0,3,6,2,2,.305,126,117,kipnija01
857,,Martín Prado,Men On,2014,130,253,573,44.2,,234,54,64,14,1,4,50,3,1,12,37,.274,.312,.393,.705,92,20,3,0,4,0,4,.305,93,94,pradoma01
858,,Yasiel Puig,Men On,2014,132,283,640,44.2,,243,84,71,14,3,8,61,11,7,31,59,.292,.384,.473,.858,115,7,6,2,1,3,3,.356,99,137,puigya01
859,,Ryan Sweeney,Men On,2009,114,236,534,44.2,,211,64,64,13,1,2,49,6,5,17,31,.303,.350,.403,.753,85,14,1,2,5,1,4,.339,100,98,sweenry01
860,,Domonic Brown,Men On,2014,121,226,512,44.1,,202,43,54,12,0,6,59,7,1,19,39,.267,.327,.416,.743,84,9,1,0,4,4,4,.298,134,105,browndo01
861,,Ronny Cedeño,Men On,2006,125,252,572,44.1,,223,49,57,4,4,4,39,8,8,9,56,.256,.287,.363,.650,81,10,2,15,3,4,3,.319,113,65,cedenro02
862,,Jack Cust,Men On,2009,131,270,612,44.1,,218,75,51,4,0,12,57,4,1,48,81,.234,.367,.417,.784,91,7,0,0,4,5,1,.302,103,106,custja01
863,,Jeff Francoeur,Men On,2012,131,266,603,44.1,,241,48,57,9,1,6,39,4,7,20,53,.237,.305,.357,.661,86,14,4,0,1,9,2,.279,101,78,francje02
864,,Adam Lind,Men On,2013,119,230,521,44.1,,199,55,59,13,0,11,55,1,0,27,44,.296,.374,.528,.902,105,20,0,0,4,5,1,.324,111,147,lindad01
865,,Jed Lowrie,Men On,2013,134,292,662,44.1,,261,72,80,21,0,7,67,1,0,22,44,.307,.360,.467,.827,122,17,2,3,4,3,0,.341,109,127,lowrije01
866,,Melvin Mora,Men On,2006,142,311,705,44.1,,267,88,79,11,0,8,75,11,1,25,33,.296,.361,.427,.788,114,9,6,6,7,1,3,.305,115,101,morame01
867,,Mike Moustakas,Men On,2015,126,271,614,44.1,,237,60,66,17,0,9,69,1,2,20,27,.278,.341,.464,.805,110,14,5,4,5,1,2,.277,97,115,moustmi01
868,,David Murphy,Men On,2012,120,230,521,44.1,,194,55,62,10,0,5,51,10,5,30,31,.320,.409,.448,.857,87,7,2,0,4,7,5,.352,101,131,murphda07
869,,Corey Patterson,Men On,2007,111,222,503,44.1,,194,58,51,11,0,1,38,37,9,11,24,.263,.297,.335,.632,65,3,0,13,4,1,4,.289,85,63,patteco01
870,,Dustin Pedroia,Men On,2008,149,320,726,44.1,,274,106,85,24,0,5,71,20,1,26,23,.310,.367,.453,.820,124,17,4,7,9,1,4,.314,90,113,pedrodu01
871,,Nick Punto,Men On,2006,109,231,524,44.1,,191,72,49,12,3,0,44,17,5,23,29,.257,.326,.351,.677,67,8,0,10,7,0,3,.290,87,73,puntoni01
872,,Édgar Rentería,Men On,2006,135,297,673,44.1,,252,88,78,22,1,2,58,17,6,32,36,.310,.391,.429,.820,108,17,3,8,2,0,5,.352,107,110,renteed01
873,,Freddy Sanchez,Men On,2007,133,288,653,44.1,,259,72,88,27,2,6,76,0,1,14,28,.340,.371,.529,.900,137,13,4,2,9,2,5,.350,128,129,sanchfr01
874,,Frank Thomas,Men On,2007,134,275,624,44.1,,236,51,69,13,0,14,83,0,0,32,36,.292,.375,.525,.900,124,14,2,0,5,3,2,.288,109,129,thomafr04
875,,Dan Uggla,Men On,2012,138,278,630,44.1,,224,76,56,17,0,9,68,4,3,47,72,.250,.385,.446,.831,100,8,4,0,3,5,3,.322,127,123,ugglada01
876,,Lorenzo Cain,Men On,2015,125,266,604,44.0,,237,93,75,14,2,8,64,28,6,18,39,.316,.376,.494,.870,117,16,7,0,4,4,4,.345,108,133,cainlo01
877,,Andre Ethier,Men On,2008,125,262,596,44.0,,222,76,64,14,2,6,63,6,3,29,41,.288,.368,.450,.818,100,6,3,1,7,0,1,.319,86,112,ethiean01
878,,Pedro Feliz,Men On,2009,141,275,625,44.0,,249,57,81,14,2,7,77,0,1,17,26,.325,.366,.482,.848,120,12,2,2,5,3,3,.335,144,121,felizpe01
879,,Shea Hillenbrand,Men On,2006,128,249,566,44.0,,228,58,65,14,1,6,53,1,2,9,36,.285,.321,.434,.755,99,22,6,0,6,2,1,.307,99,91,hillesh02
880,,Mike Jacobs,Men On,2006,113,229,520,44.0,,205,43,55,14,1,9,66,3,0,19,53,.268,.323,.478,.801,98,16,0,0,5,2,1,.311,100,101,jacobmi02
881,,Felipe López,Men On,2008,121,234,532,44.0,,200,60,55,11,0,2,42,8,8,29,35,.275,.362,.360,.722,72,13,0,2,3,2,2,.319,99,89,lopezfe01
882,,Russell Martin,Men On,2007,133,273,620,44.0,,238,76,69,15,2,8,76,21,9,24,33,.290,.359,.471,.830,112,16,5,0,6,1,2,.300,96,112,martiru01
883,,Neil Walker,Men On,2014,118,251,571,44.0,,216,58,66,12,2,7,60,2,2,25,37,.306,.392,.477,.869,103,12,7,1,2,2,0,.339,117,140,walkene01
884,,Matt Wieters,Men On,2012,128,261,593,44.0,,228,54,69,13,1,10,70,3,0,28,44,.303,.379,.500,.879,114,17,2,0,3,4,1,.333,130,134,wietema01
885,,Erick Aybar,Men On,2012,125,243,554,43.9,,219,60,62,12,4,1,38,20,4,11,25,.283,.323,.388,.712,85,11,3,7,2,1,5,.313,93,91,aybarer01
886,,Clint Barmes,Men On,2009,132,265,604,43.9,,234,55,58,11,2,9,62,12,10,13,53,.248,.293,.427,.721,100,6,5,6,7,2,2,.274,97,87,barmecl01
887,,José Bautista,Men On,2013,114,232,528,43.9,,195,65,53,11,0,11,56,7,2,31,37,.272,.371,.497,.868,97,13,2,0,4,2,4,.278,103,138,bautijo02
888,,Melky Cabrera,Men On,2012,98,220,501,43.9,,197,77,64,12,3,4,53,13,5,17,28,.325,.370,.477,.847,94,8,0,1,5,4,3,.353,87,126,cabreme01
889,,Orlando Cabrera,Men On,2006,140,296,675,43.9,,269,92,77,18,0,6,69,27,3,12,28,.286,.307,.420,.727,113,12,1,3,11,0,1,.289,96,84,cabreor01
890,,Mike Cameron,Men On,2007,134,286,651,43.9,,242,76,61,15,3,9,66,18,5,35,73,.252,.352,.450,.803,109,9,4,2,3,1,2,.319,112,105,camermi01
891,,Starlin Castro,Men On,2014,122,250,569,43.9,,229,51,75,12,1,7,58,4,4,17,35,.328,.376,.480,.856,110,18,2,0,2,4,1,.360,121,136,castrst01
892,,Chris Davis,Men On,2015,142,294,670,43.9,,240,76,67,12,0,23,93,2,3,45,89,.279,.395,.617,1.011,148,6,4,0,5,6,3,.331,119,168,davisch02
893,,Mark DeRosa,Men On,2009,121,253,576,43.9,,218,64,59,12,1,9,64,3,2,25,47,.271,.347,.459,.805,100,11,3,2,5,1,1,.299,115,110,derosma01
894,,David Freese,Men On,2012,127,249,567,43.9,,215,62,57,13,0,12,71,3,3,27,54,.265,.357,.493,.850,106,19,5,0,2,2,2,.298,102,126,freesda01
895,,Chase Headley,Men On,2010,140,296,674,43.9,,258,71,65,7,2,5,52,17,5,30,59,.252,.332,.353,.685,91,11,3,1,4,3,5,.303,96,84,headlch01
896,,Kenji Johjima,Men On,2006,123,238,542,43.9,,216,52,64,12,0,9,67,3,1,13,21,.296,.349,.477,.826,103,15,6,0,3,1,12,.291,111,109,johjike01
897,,Hunter Pence,Men On,2009,139,284,647,43.9,,251,64,69,9,1,13,60,14,11,29,48,.275,.349,.474,.823,119,25,1,0,3,1,2,.290,101,115,pencehu01
898,,Hunter Pence,Men On,2008,141,282,642,43.9,,259,65,76,18,2,12,70,11,10,20,46,.293,.340,.517,.858,134,14,0,0,3,2,4,.314,118,120,pencehu01
899,,A.J. Pierzynski,Men On,2013,115,232,529,43.9,,214,35,62,11,1,4,57,1,1,6,32,.290,.319,.407,.726,87,14,6,0,6,2,2,.315,103,100,pierza.01
900,,Martín Prado,Men On,2015,114,242,551,43.9,,211,47,67,11,1,4,58,1,0,19,27,.318,.369,.436,.805,92,9,3,1,8,4,2,.335,120,117,pradoma01
901,,Anthony Rendon,Men On,2014,136,300,683,43.9,,264,99,78,24,4,9,71,17,3,26,38,.295,.359,.519,.878,137,11,3,2,5,2,3,.311,112,141,rendoan01
902,,Nate Schierholtz,Men On,2013,117,221,503,43.9,,196,46,52,10,0,11,58,6,3,16,38,.265,.323,.485,.807,95,6,3,1,5,3,3,.270,111,121,schiena01
903,,Kurt Suzuki,Men On,2008,126,258,588,43.9,,226,51,63,9,0,4,39,2,3,23,31,.279,.359,.372,.731,84,20,6,2,1,2,3,.307,104,91,suzukku01
904,,B.J. Upton,Men On,2011,134,281,640,43.9,,244,70,57,8,3,11,69,36,12,29,68,.234,.319,.426,.745,104,16,3,2,3,4,1,.274,96,102,uptonbj01
905,,Michael Young,Men On,2010,148,315,718,43.9,,277,85,83,17,2,7,77,4,2,27,46,.300,.349,.451,.800,125,21,0,0,11,4,1,.323,107,112,youngmi02
906,,Robert Andino,Men On,2011,114,224,511,43.8,,190,61,47,8,0,3,34,13,3,21,38,.247,.330,.337,.667,64,14,3,9,1,0,3,.293,99,83,andinro01
907,,Jay Bruce,Men On,2012,138,277,633,43.8,,231,68,58,16,1,13,78,9,3,39,63,.251,.350,.498,.848,115,5,0,0,7,11,1,.278,104,125,bruceja01
908,,Billy Butler,Men On,2009,140,294,672,43.8,,262,67,89,32,0,10,82,1,0,27,38,.340,.398,.576,.974,151,20,1,0,4,3,3,.362,127,153,butlebi03
909,,Alberto Callaspo,Men On,2012,120,228,520,43.8,,197,51,56,10,0,6,49,4,3,24,23,.284,.356,.426,.782,84,6,0,3,4,1,5,.291,126,110,callaal01
910,,Nelson Cruz,Men On,2015,136,287,655,43.8,,251,59,69,9,0,13,62,3,2,31,75,.275,.362,.466,.829,117,6,4,0,1,9,3,.341,80,122,cruzne02
911,,Adam Dunn,Men On,2006,143,299,683,43.8,,235,76,51,9,0,17,69,7,0,57,87,.217,.372,.472,.845,111,8,3,1,3,12,1,.254,98,114,dunnad01
912,,Prince Fielder,Men On,2006,141,284,648,43.8,,239,61,65,12,0,7,60,7,2,31,65,.272,.359,.410,.769,98,17,6,0,8,5,3,.331,88,96,fieldpr01
913,,Kelly Johnson,Men On,2008,134,269,614,43.8,,233,80,70,14,3,6,63,11,6,23,49,.300,.358,.464,.821,108,3,0,9,4,2,1,.352,107,113,johnske05
914,,Howie Kendrick,Men On,2012,128,260,594,43.8,,234,53,65,13,0,4,63,14,6,13,59,.278,.315,.385,.700,90,26,2,6,5,1,1,.347,93,87,kendrho01
915,,Jed Lowrie,Men On,2014,121,248,566,43.8,,213,53,49,12,0,0,44,0,0,25,42,.230,.309,.286,.595,61,14,2,2,6,5,3,.277,77,67,lowrije01
916,,Mark Reynolds,Men On,2013,113,221,504,43.8,,196,42,46,8,0,8,54,3,1,20,69,.235,.308,.398,.706,78,9,2,0,3,1,0,.311,102,94,reynoma01
917,,Ben Zobrist,Men On,2011,133,295,674,43.8,,252,89,69,22,3,10,81,19,6,34,53,.274,.358,.504,.862,127,9,2,2,5,1,4,.304,109,133,zobribe01
918,,Elvis Andrus,Men On,2015,146,289,661,43.7,,250,66,63,9,1,4,59,25,9,20,26,.252,.302,.344,.646,86,14,2,8,9,1,5,.258,94,74,andruel01
919,,Daric Barton,Men On,2010,147,300,686,43.7,,235,73,61,13,2,4,51,7,3,47,45,.260,.378,.383,.761,90,8,1,12,5,2,3,.298,91,105,bartoda02
920,,David Eckstein,Men On,2009,120,248,568,43.7,,212,64,72,15,1,2,51,3,1,15,21,.340,.387,.448,.835,95,8,4,13,4,1,0,.363,154,119,eckstda01
921,,Yunel Escobar,Men On,2014,116,231,529,43.7,,198,27,45,5,0,1,33,1,1,24,27,.227,.317,.268,.585,53,15,3,4,2,3,2,.256,77,64,escobyu01
922,,Adam Lind,Men On,2010,129,268,613,43.7,,240,43,59,14,1,9,58,0,0,22,65,.246,.313,.425,.738,102,10,3,0,3,3,1,.296,109,96,lindad01
923,,Matt Murton,Men On,2006,113,222,508,43.7,,191,60,51,10,2,3,52,5,2,24,28,.267,.357,.387,.745,74,16,4,1,2,1,3,.296,85,90,murtoma01
924,,Mike Napoli,Men On,2010,116,223,510,43.7,,188,47,38,6,0,13,55,4,2,24,59,.202,.309,.441,.751,83,15,7,0,4,2,0,.208,92,98,napolmi01
925,,Colby Rasmus,Men On,2011,109,230,526,43.7,,202,66,46,12,4,5,44,5,2,23,46,.228,.303,.401,.704,81,10,0,2,3,2,0,.266,104,91,rasmuco01
926,,Mark Reynolds,Men On,2012,112,235,538,43.7,,199,52,48,14,0,10,56,1,3,31,69,.241,.349,.462,.811,92,19,3,0,2,2,0,.311,112,116,reynoma01
927,,Marlon Byrd,Men On,2015,121,237,544,43.6,,214,43,50,12,2,8,58,2,1,15,64,.234,.287,.421,.707,90,10,3,0,5,2,5,.286,92,88,byrdma01
928,,Jamey Carroll,Men On,2012,119,234,537,43.6,,198,64,55,8,1,0,39,9,5,22,26,.278,.352,.328,.681,65,9,3,7,4,0,2,.313,106,85,carroja01
929,,Carlos González,Men On,2015,135,265,608,43.6,,240,68,66,5,0,21,78,2,0,18,53,.275,.318,.558,.877,134,11,0,1,6,6,0,.262,101,131,gonzaca01
930,,Curtis Granderson,Men On,2012,149,298,684,43.6,,257,73,61,7,1,14,77,10,3,30,80,.237,.316,.436,.752,112,5,3,1,7,4,3,.276,88,100,grandcu01
931,,Aaron Hill,Men On,2006,138,264,606,43.6,,225,67,75,15,2,3,47,5,2,25,29,.333,.404,.458,.862,103,15,5,4,5,5,1,.364,134,120,hillaa01
932,,Evan Longoria,Men On,2015,141,292,670,43.6,,252,59,70,16,0,6,58,3,1,29,60,.278,.346,.413,.759,104,11,2,0,9,8,3,.328,100,104,longoev01
933,,Brian McCann,Men On,2011,112,230,527,43.6,,192,38,56,10,0,11,58,3,2,35,40,.292,.400,.516,.916,99,10,1,0,2,14,0,.315,125,149,mccanbr01
934,,Garret Anderson,Men On,2008,121,258,593,43.5,,235,61,85,12,1,10,79,7,4,17,29,.362,.395,.549,.944,129,11,0,0,6,6,2,.371,148,144,anderga01
935,,Melky Cabrera,Men On,2011,142,307,706,43.5,,281,90,85,23,2,6,75,20,10,13,39,.302,.330,.463,.793,130,12,1,7,5,3,6,.328,96,114,cabreme01
936,,Orlando Cabrera,Men On,2009,142,308,708,43.5,,277,76,87,18,2,2,70,13,4,15,29,.314,.338,.415,.753,115,22,0,6,10,1,3,.332,114,97,cabreor01
937,,Adam Dunn,Men On,2008,136,283,651,43.5,,217,54,51,9,0,15,75,2,1,56,67,.235,.396,.484,.880,105,7,5,0,5,13,2,.257,97,129,dunnad01
938,,Jacoby Ellsbury,Men On,2014,130,276,635,43.5,,237,62,67,13,2,7,61,39,5,29,34,.283,.359,.443,.802,105,9,3,0,7,5,0,.296,115,121,ellsbja01
939,,Edwin Encarnación,Men On,2012,136,280,644,43.5,,226,74,69,7,0,23,91,13,3,39,38,.305,.414,.642,1.056,145,6,8,0,7,12,6,.267,123,179,encared01
940,,Danny Espinosa,Men On,2012,146,286,658,43.5,,251,75,66,15,0,10,49,20,6,23,79,.263,.339,.442,.781,111,11,7,3,2,4,2,.341,118,108,espinda01
941,,Todd Frazier,Men On,2013,129,261,600,43.5,,223,48,51,12,2,4,58,6,5,25,52,.229,.324,.354,.679,79,14,8,2,3,1,2,.276,90,88,frazito01
942,,Carlos González,Men On,2011,111,236,542,43.5,,202,78,63,10,1,12,78,20,5,27,40,.312,.386,.550,.935,111,11,1,0,6,8,3,.327,111,153,gonzaca01
943,,Chase Headley,Men On,2015,137,279,642,43.5,,254,68,69,16,1,5,56,0,2,20,55,.272,.323,.402,.724,102,17,1,0,4,0,1,.323,109,94,headlch01
944,,Orlando Hudson,Men On,2010,114,243,559,43.5,,204,77,46,8,1,3,34,10,3,29,39,.225,.324,.319,.642,65,14,2,5,3,0,2,.261,82,73,hudsoor01
945,,Omar Infante,Men On,2014,122,250,575,43.5,,225,48,57,8,0,4,64,9,3,13,31,.253,.286,.342,.628,77,7,0,5,7,3,2,.269,98,74,infanom01
946,,Paul Konerko,Men On,2013,116,226,520,43.5,,192,34,57,6,0,5,47,0,0,26,34,.297,.385,.406,.791,78,12,4,0,4,2,1,.331,137,120,konerpa01
947,,Trevor Plouffe,Men On,2015,140,275,632,43.5,,243,62,69,16,2,10,74,2,1,24,55,.284,.350,.490,.840,119,28,3,1,4,0,7,.324,127,124,plouftr01
948,,Luke Scott,Men On,2008,121,233,536,43.5,,197,53,50,13,1,9,51,2,2,30,40,.254,.356,.467,.823,92,7,3,0,3,10,2,.272,105,113,scottlu01
949,,Asdrúbal Cabrera,Men On,2013,122,244,562,43.4,,215,57,50,16,1,5,55,9,3,15,39,.233,.286,.386,.672,83,10,3,6,5,1,3,.256,92,84,cabreas01
950,,Carl Crawford,Men On,2007,125,272,627,43.4,,251,87,90,23,4,5,74,50,10,14,45,.359,.394,.542,.936,136,11,2,1,2,5,3,.419,127,139,crawfca02
951,,Stephen Drew,Men On,2009,121,258,595,43.4,,215,65,54,5,6,6,59,5,1,31,36,.251,.336,.414,.750,89,4,0,5,7,7,5,.267,102,96,drewst01
952,,Jeff Francoeur,Men On,2006,143,298,686,43.4,,278,68,80,7,2,14,88,1,6,14,51,.288,.326,.478,.804,133,15,3,0,3,6,5,.306,118,102,francje02
953,,Khalil Greene,Men On,2007,134,286,659,43.4,,252,69,70,17,1,7,77,4,0,20,51,.278,.325,.437,.762,110,12,3,0,11,3,3,.307,105,95,greenkh01
954,,Plácido Polanco,Men On,2007,133,278,641,43.4,,249,96,89,12,1,0,58,7,3,17,16,.357,.406,.414,.819,103,9,6,2,4,3,7,.376,95,112,polanpl01
955,,Andrelton Simmons,Men On,2014,126,250,576,43.4,,228,39,53,6,1,2,41,4,5,18,24,.232,.286,.294,.580,67,25,0,2,2,4,5,.250,89,62,simmoan01
956,,Drew Stubbs,Men On,2010,122,253,583,43.4,,211,78,48,3,2,9,64,30,6,30,75,.227,.324,.389,.713,82,6,3,3,6,2,3,.293,86,90,stubbdr01
957,,Chad Tracy,Men On,2006,139,287,662,43.4,,252,78,68,15,0,7,67,5,1,28,49,.270,.339,.413,.752,104,11,1,1,5,5,0,.303,90,91,tracych01
958,,Joey Votto,Men On,2009,119,236,544,43.4,,202,64,70,19,1,7,66,4,1,31,41,.347,.436,.554,.991,112,8,2,0,1,10,2,.406,103,159,vottojo01
959,,Matt Wieters,Men On,2013,127,251,579,43.4,,219,48,58,12,0,11,68,2,0,19,45,.265,.308,.470,.778,103,7,0,1,12,5,2,.269,120,112,wietema01
960,,Preston Wilson,Men On,2006,119,233,537,43.4,,211,46,59,15,2,5,60,12,2,16,49,.280,.335,.441,.776,93,20,3,0,3,3,3,.338,113,96,wilsopr01
961,,Gordon Beckham,Men On,2012,126,252,582,43.3,,227,52,58,9,0,6,50,5,4,12,35,.256,.299,.374,.674,85,10,3,8,2,0,6,.277,102,80,beckhgo01
962,,Alberto Callaspo,Men On,2010,128,260,601,43.3,,236,58,59,7,2,7,53,5,3,16,21,.250,.293,.386,.679,91,22,1,1,6,3,3,.243,100,80,callaal01
963,,Wilmer Flores,Men On,2015,121,221,510,43.3,,206,46,59,6,0,7,50,0,1,10,28,.286,.320,.417,.737,86,12,1,2,2,2,3,.301,111,97,florewi01
964,,Álex González,Men On,2010,139,277,640,43.3,,251,60,66,19,2,9,74,1,2,14,50,.263,.310,.462,.772,116,16,5,3,4,2,1,.291,109,104,gonzaal02
965,,Aaron Hill,Men On,2010,123,251,580,43.3,,228,55,47,9,0,11,53,2,2,16,33,.206,.268,.390,.658,89,8,4,1,2,2,5,.194,98,74,hillaa01
966,,Jason Kipnis,Men On,2013,137,285,658,43.3,,237,79,71,11,2,10,77,30,7,32,59,.300,.371,.489,.861,116,10,1,5,10,3,4,.343,110,136,kipnija01
967,,Adam LaRoche,Men On,2006,122,241,557,43.3,,199,65,55,18,1,8,66,0,2,32,52,.276,.371,.497,.868,99,9,2,1,7,5,2,.322,93,119,larocad01
968,,Mike Moustakas,Men On,2012,134,266,614,43.3,,240,54,61,15,1,5,58,5,2,19,54,.254,.308,.388,.696,93,4,2,0,5,4,1,.301,98,86,moustmi01
969,,A.J. Pierzynski,Men On,2010,107,218,503,43.3,,195,36,59,17,0,2,49,3,4,13,15,.303,.349,.421,.770,82,17,2,6,2,2,1,.317,125,105,pierza.01
970,,Nick Punto,Men On,2007,116,232,536,43.3,,201,53,44,6,3,1,25,16,6,22,38,.219,.292,.294,.586,59,7,0,6,3,1,4,.261,109,52,puntoni01
971,,Chase Utley,Men On,2006,144,320,739,43.3,,283,110,89,21,0,11,81,15,4,28,55,.314,.381,.505,.887,143,9,5,0,4,1,2,.353,96,124,utleych01
972,,Neil Walker,Men On,2015,127,261,603,43.3,,224,60,63,14,1,7,62,4,1,25,48,.281,.352,.446,.799,100,9,4,0,8,5,1,.316,112,114,walkene01
973,,Elvis Andrus,Men On,2011,136,287,665,43.2,,245,92,68,12,2,1,56,37,12,22,34,.278,.343,.355,.698,87,17,3,16,1,0,2,.318,97,91,andruel01
974,,Yunel Escobar,Men On,2009,122,261,604,43.2,,224,84,75,12,2,9,71,5,4,21,24,.335,.406,.527,.932,118,21,7,7,2,3,3,.342,129,144,escobyu01
975,,Freddie Freeman,Men On,2014,145,306,708,43.2,,257,83,81,23,1,8,68,3,4,43,56,.315,.415,.506,.921,130,18,3,0,3,4,1,.372,117,154,freemfr01
976,,Álex González,Men On,2011,130,256,593,43.2,,243,50,55,11,0,6,47,2,0,7,58,.226,.246,.346,.592,84,19,0,4,2,1,4,.271,84,60,gonzaal02
977,,Alex Gordon,Men On,2014,133,278,643,43.2,,234,79,72,15,0,11,66,12,3,33,52,.308,.403,.513,.916,120,11,7,0,4,5,1,.349,134,153,gordoal01
978,,J.J. Hardy,Men On,2013,137,278,644,43.2,,255,52,65,14,0,11,62,2,1,18,29,.255,.302,.439,.741,112,14,0,3,2,3,4,.249,100,103,hardyjj01
979,,Howie Kendrick,Men On,2010,141,284,658,43.2,,258,62,82,22,1,5,70,14,4,12,30,.318,.354,.469,.823,121,16,5,4,5,2,3,.338,128,118,kendrho01
980,,Paul Konerko,Men On,2008,114,222,514,43.2,,191,43,47,12,0,6,46,2,0,21,32,.246,.333,.403,.736,77,17,6,0,4,4,0,.261,89,91,konerpa01
981,,Ryan Ludwick,Men On,2010,122,239,553,43.2,,204,55,67,11,2,9,61,0,4,23,42,.328,.403,.534,.938,109,13,6,0,5,0,2,.367,152,149,ludwiry01
982,,Andrew McCutchen,Men On,2015,145,296,685,43.2,,231,83,71,15,2,15,88,11,5,51,55,.307,.429,.584,1.013,135,9,5,0,9,11,1,.329,127,170,mccutan01
983,,Alex Ríos,Men On,2013,136,286,662,43.2,,259,70,71,14,2,5,68,42,7,24,48,.274,.333,.402,.735,104,17,0,0,2,2,3,.317,96,103,riosal01
984,,Justin Upton,Men On,2015,131,268,620,43.2,,225,69,64,14,2,10,65,19,5,36,61,.284,.381,.498,.878,112,10,2,0,5,5,2,.340,123,135,uptonju01
985,,Jack Wilson,Men On,2007,119,231,535,43.2,,193,61,60,12,1,6,50,2,5,24,22,.311,.375,.477,.852,92,8,0,7,7,9,2,.314,116,118,wilsoja02
986,,Chris Young,Men On,2008,147,302,699,43.2,,263,73,68,18,4,10,73,14,5,27,66,.259,.324,.471,.796,124,10,1,6,5,2,1,.302,109,105,youngch04
987,,Darwin Barney,Men On,2011,120,246,571,43.1,,222,65,62,11,1,1,42,9,2,9,27,.279,.314,.351,.665,78,14,4,7,4,2,4,.308,100,82,barneda01
988,,Pedro Feliz,Men On,2007,133,254,590,43.1,,239,49,63,15,2,8,60,2,2,12,34,.264,.295,.444,.739,106,15,0,0,3,2,1,.275,108,88,felizpe01
989,,Leonys Martín,Men On,2013,123,219,508,43.1,,191,60,49,11,2,2,43,36,9,9,35,.257,.300,.366,.666,70,6,4,12,3,0,3,.299,91,84,martile01
990,,Carlos Quentin,Men On,2008,117,245,569,43.1,,202,76,70,10,1,16,80,7,3,29,28,.347,.449,.644,1.093,130,16,11,0,3,0,3,.335,127,182,quentca01
991,,Luis Valbuena,Men On,2014,126,236,547,43.1,,196,58,52,12,1,6,41,1,2,37,53,.265,.383,.429,.812,84,8,1,1,1,4,1,.333,111,125,valbulu01
992,,Pedro Álvarez,Men On,2012,128,252,586,43.0,,218,49,55,10,0,15,70,1,0,31,67,.252,.341,.505,.846,110,10,0,0,3,6,2,.288,116,124,alvarpe01
993,,Billy Butler,Men On,2014,132,259,603,43.0,,229,53,66,13,0,5,62,0,0,20,39,.288,.340,.410,.750,94,21,2,0,8,3,2,.316,113,107,butlebi03
994,,Nelson Cruz,Men On,2012,142,276,642,43.0,,249,74,68,23,0,12,78,8,4,21,66,.273,.330,.510,.840,127,7,2,0,4,2,6,.320,114,122,cruzne02
995,,Matt Dominguez,Men On,2013,130,253,589,43.0,,228,42,54,9,0,7,63,0,1,13,42,.237,.279,.368,.647,84,17,3,2,7,1,3,.253,89,78,dominma01
996,,Yunel Escobar,Men On,2010,117,244,567,43.0,,202,58,53,9,0,2,33,6,2,30,22,.262,.366,.337,.703,68,18,3,9,0,1,3,.287,115,90,escobyu01
997,,Chris Johnson,Men On,2013,124,235,547,43.0,,221,48,67,15,0,6,62,0,0,10,56,.303,.336,.452,.789,100,20,2,0,2,5,2,.379,93,116,johnsch05
998,,A.J. Pierzynski,Men On,2009,110,230,535,43.0,,215,49,63,8,0,5,41,1,1,9,23,.293,.317,.400,.717,86,18,0,3,3,6,2,.305,90,88,pierza.01
999,,Marco Scutaro,Men On,2012,142,294,683,43.0,,261,82,87,14,0,2,69,9,4,12,16,.333,.356,.410,.766,107,12,2,10,9,0,4,.337,104,106,scutama01
1000,,Ben Zobrist,Men On,2013,146,300,698,43.0,,254,68,71,16,0,3,62,11,3,36,38,.280,.368,.378,.746,96,18,3,1,6,4,2,.311,98,107,zobribe01
1001,,Zack Cozart,Men On,2013,131,265,618,42.9,,232,68,53,7,2,6,57,0,0,9,35,.228,.250,.353,.603,82,18,1,13,10,2,3,.234,81,65,cozarza01
1002,,Carlos González,Men On,2010,123,273,636,42.9,,246,91,84,14,6,14,97,26,8,20,60,.341,.381,.618,.999,152,9,0,0,7,8,1,.391,105,162,gonzaca01
1003,,Corey Hart,Men On,2012,131,267,622,42.9,,227,72,64,13,1,11,64,5,0,29,53,.282,.374,.493,.867,112,13,6,2,3,5,2,.319,109,131,hartco01
1004,,James Loney,Men On,2014,143,279,651,42.9,,251,51,68,10,0,1,61,4,0,20,32,.271,.323,.323,.645,81,21,2,0,6,2,1,.299,81,80,loneyja01
1005,,Daniel Murphy,Men On,2013,144,299,697,42.9,,278,83,77,19,2,4,69,23,3,16,38,.277,.311,.403,.714,112,13,0,0,5,2,1,.303,95,96,murphda08
1006,,Miguel Tejada,Men On,2009,139,289,674,42.9,,267,74,89,18,0,5,77,5,2,10,16,.333,.354,.457,.811,122,29,3,0,8,2,6,.331,105,112,tejadmi01
1007,,José Abreu,Men On,2015,140,286,668,42.8,,253,70,84,18,1,12,83,0,0,23,60,.332,.406,.553,.959,140,16,9,0,1,11,3,.396,127,156,abreujo02
1008,,Raúl Ibañez,Men On,2011,121,246,575,42.8,,227,54,61,16,0,9,73,2,0,12,47,.269,.305,.458,.763,104,13,2,0,5,3,3,.295,115,106,ibanera01
1009,,Brandon Inge,Men On,2006,139,257,601,42.8,,229,71,60,10,2,15,71,7,4,16,55,.262,.312,.520,.832,119,12,3,4,5,2,5,.274,112,108,ingebr01
1010,,Derek Jeter,Men On,2008,138,286,668,42.8,,246,80,74,11,1,3,61,11,5,25,36,.301,.369,.390,.759,96,24,4,7,4,0,4,.336,97,99,jeterde01
1011,,Adam Jones,Men On,2010,125,266,621,42.8,,242,66,68,11,3,9,59,7,7,13,47,.281,.333,.463,.796,112,17,7,2,2,1,5,.314,107,111,jonesad01
1012,,DJ LeMahieu,Men On,2014,122,230,538,42.8,,208,55,54,8,3,1,38,10,10,13,37,.260,.300,.341,.642,71,13,0,7,2,7,4,.308,93,78,lemahdj01
1013,,A.J. Pierzynski,Men On,2011,108,214,500,42.8,,189,33,59,12,1,3,43,0,0,14,16,.312,.358,.434,.792,82,19,3,2,6,6,1,.318,118,116,pierza.01
1014,,A.J. Pierzynski,Men On,2008,119,244,570,42.8,,220,58,57,11,0,5,52,1,0,11,30,.259,.299,.377,.676,83,14,4,3,6,5,2,.272,87,75,pierza.01
1015,,Alexei Ramírez,Men On,2011,138,293,684,42.8,,255,73,72,15,2,7,62,7,5,22,40,.282,.340,.439,.780,112,19,3,8,5,1,0,.305,114,111,ramiral03
1016,,Rickie Weeks,Men On,2012,138,290,677,42.8,,247,76,47,8,2,12,54,16,3,35,68,.190,.303,.385,.688,95,9,6,0,2,2,9,.207,89,84,weeksri01
1017,,Chris Young,Men On,2010,135,284,664,42.8,,248,77,62,14,0,10,74,28,7,31,63,.250,.332,.427,.760,106,10,1,1,3,0,3,.292,92,102,youngch04
1018,,Chris Carter,Men On,2014,129,244,572,42.7,,213,46,54,6,1,15,66,5,2,24,74,.254,.332,.502,.834,107,12,3,0,4,6,2,.305,110,128,cartech02
1019,,Nick Castellanos,Men On,2015,128,254,595,42.7,,230,33,66,16,2,6,64,0,3,17,52,.287,.331,.452,.783,104,21,1,0,6,1,3,.337,117,109,casteni01
1020,,Todd Frazier,Men On,2014,132,282,660,42.7,,249,72,63,9,1,13,64,20,8,25,54,.253,.326,.454,.780,113,9,4,0,4,2,5,.269,96,114,frazito01
1021,,César Izturis,Men On,2010,118,219,513,42.7,,195,41,46,2,1,0,27,11,5,12,16,.236,.288,.256,.544,50,11,3,7,2,1,4,.254,100,47,izturce01
1022,,Kendrys Morales,Men On,2012,116,223,522,42.7,,205,48,58,11,0,9,60,0,1,12,48,.283,.327,.468,.796,96,11,3,0,3,1,4,.325,102,111,moralke01
1023,,Dustin Pedroia,Men On,2014,115,260,609,42.7,,230,70,65,15,0,5,51,6,6,24,29,.283,.342,.413,.755,95,14,0,0,6,1,4,.297,111,109,pedrodu01
1024,,Carlos Peña,Men On,2012,133,256,600,42.7,,207,63,42,9,2,10,52,2,3,40,80,.203,.344,.411,.754,85,10,6,0,3,2,2,.267,120,102,penaca01
1025,,Mark Teahen,Men On,2008,131,266,623,42.7,,245,58,64,12,1,7,51,4,3,17,57,.261,.312,.404,.716,99,6,2,0,2,4,2,.311,100,85,teahema01
1026,,Todd Walker,Men On,2006,112,215,504,42.7,,177,51,43,6,0,4,48,2,1,31,15,.243,.350,.345,.695,61,8,1,1,5,2,2,.239,85,79,walketo04
1027,,Nolan Arenado,Men On,2013,106,219,514,42.6,,204,42,55,14,1,3,45,2,0,10,24,.270,.304,.392,.696,80,16,1,2,2,1,2,.291,98,91,arenano01
1028,,Josh Donaldson,Men On,2015,138,303,711,42.6,,253,94,84,25,1,13,95,6,0,35,59,.332,.405,.593,.998,150,16,3,2,10,0,1,.372,114,165,donaljo02
1029,,Alcides Escobar,Men On,2012,137,276,648,42.6,,252,65,78,12,7,2,49,35,5,10,44,.310,.351,.437,.787,110,14,6,8,0,2,4,.369,118,111,escobal02
1030,,Yunel Escobar,Men On,2012,127,259,608,42.6,,228,52,54,6,1,3,45,5,1,17,24,.237,.294,.311,.605,71,21,3,7,4,1,7,.249,88,63,escobyu01
1031,,Jeremy Hermida,Men On,2008,116,238,559,42.6,,212,64,56,9,0,7,51,6,1,18,58,.264,.338,.406,.743,86,12,6,1,1,5,0,.331,105,93,hermije01
1032,,Chipper Jones,Men On,2011,110,218,512,42.6,,192,42,63,14,1,4,56,2,2,20,30,.328,.381,.474,.855,91,10,0,0,6,10,3,.360,112,132,jonesch06
1033,,Nick Markakis,Men On,2013,142,298,700,42.6,,261,80,71,13,0,1,50,1,2,29,27,.272,.336,.333,.669,87,17,0,0,8,3,3,.290,96,86,markani01
1034,,Russell Martin,Men On,2015,113,216,507,42.6,,184,63,52,14,2,10,64,4,5,27,44,.283,.366,.543,.909,100,22,0,0,5,1,2,.311,130,141,martiru01
1035,,Cameron Maybin,Men On,2012,120,239,561,42.6,,212,63,51,9,1,4,41,26,7,19,47,.241,.305,.349,.654,74,12,2,3,3,1,3,.287,100,76,maybica01
1036,,Plácido Polanco,Men On,2011,110,223,523,42.6,,190,44,52,5,0,3,48,3,0,22,11,.274,.342,.347,.690,66,15,2,1,8,0,1,.266,104,89,polanpl01
1037,,Aramis Ramírez,Men On,2014,114,226,531,42.6,,205,36,62,13,0,4,55,3,0,11,28,.302,.354,.424,.778,87,18,7,0,3,2,0,.330,107,115,ramirar01
1038,,Kyle Seager,Men On,2015,140,292,686,42.6,,255,72,56,10,0,13,61,6,6,31,41,.220,.305,.412,.717,105,17,2,0,4,6,5,.210,84,91,seageky01
1039,,Dan Uggla,Men On,2013,118,229,537,42.6,,189,48,32,5,0,10,43,2,0,35,65,.169,.301,.354,.656,67,7,2,0,3,2,1,.188,95,81,ugglada01
1040,,Shane Victorino,Men On,2008,130,267,627,42.6,,236,95,64,12,2,7,51,36,11,23,24,.271,.344,.428,.771,101,8,3,5,0,2,3,.278,94,100,victosh01
1041,,Melky Cabrera,Men On,2015,146,290,683,42.5,,257,63,75,17,1,5,70,3,0,19,33,.292,.333,.424,.757,109,18,2,2,10,2,2,.306,114,103,cabreme01
1042,,Nelson Cruz,Men On,2009,116,219,515,42.5,,188,50,50,10,0,8,51,20,4,29,50,.266,.361,.447,.808,84,9,0,0,2,6,2,.318,94,112,cruzne02
1043,,Johnny Damon,Men On,2011,136,275,647,42.5,,243,69,63,13,2,6,63,19,6,25,39,.259,.322,.403,.726,98,4,0,2,5,1,5,.281,95,97,damonjo01
1044,,Chris Davis,Men On,2013,145,286,673,42.5,,245,73,78,23,0,23,108,4,1,32,79,.318,.392,.694,1.085,170,4,2,0,7,12,3,.367,115,194,davisch02
1045,,Tony Graffanino,Men On,2006,103,217,511,42.5,,193,63,60,18,2,2,54,5,4,15,21,.311,.371,.456,.827,88,10,4,4,1,1,2,.339,120,110,graffto01
1046,,Chase Headley,Men On,2013,120,255,600,42.5,,217,48,53,14,1,2,39,8,4,32,67,.244,.349,.346,.695,75,9,4,0,2,7,1,.340,87,94,headlch01
1047,,Aaron Hill,Men On,2012,137,284,668,42.5,,253,77,78,18,2,10,69,14,5,25,30,.308,.375,.514,.888,130,15,3,1,2,7,1,.316,103,137,hillaa01
1048,,Orlando Hudson,Men On,2006,141,276,650,42.5,,232,79,75,14,5,7,59,9,6,35,35,.323,.408,.517,.925,120,17,1,4,4,5,3,.351,129,135,hudsoor01
1049,,Howie Kendrick,Men On,2011,118,248,583,42.5,,229,72,60,9,1,5,50,14,6,14,57,.262,.310,.376,.686,86,18,2,3,0,3,2,.329,73,87,kendrho01
1050,,Kurt Suzuki,Men On,2011,110,219,515,42.5,,189,41,38,13,0,1,31,2,2,17,34,.201,.269,.286,.554,54,14,3,3,7,1,3,.230,64,52,suzukku01
1051,,Neil Walker,Men On,2013,113,234,551,42.5,,196,51,53,13,2,5,42,1,2,24,31,.270,.362,.434,.796,85,14,6,5,3,4,2,.294,111,120,walkene01
1052,,Michael Young,Men On,2009,118,252,593,42.5,,227,61,63,14,1,7,53,8,3,21,47,.278,.333,.441,.774,100,16,0,0,4,2,4,.316,74,102,youngmi02
1053,,Xander Bogaerts,Men On,2014,125,252,594,42.4,,223,51,43,11,0,3,37,2,3,16,60,.193,.252,.283,.535,63,11,4,2,7,1,2,.240,63,48,bogaexa01
1054,,Evan Gattis,Men On,2015,135,256,604,42.4,,235,53,61,8,4,14,75,0,1,14,54,.260,.301,.506,.807,119,13,2,0,5,3,3,.273,115,113,gattiev01
1055,,Chase Headley,Men On,2014,117,225,531,42.4,,192,44,48,9,1,2,38,7,3,26,51,.250,.356,.339,.694,65,17,6,0,1,1,2,.329,100,94,headlch01
1056,,Lyle Overbay,Men On,2010,140,258,608,42.4,,219,63,58,19,1,8,55,1,0,33,50,.265,.362,.470,.832,103,9,2,0,3,7,2,.305,119,121,overbly01
1057,,Dustin Pedroia,Men On,2009,138,303,714,42.4,,257,105,80,18,0,5,62,20,8,36,15,.311,.390,.440,.830,113,19,1,3,6,3,9,.309,104,118,pedrodu01
1058,,Jayson Werth,Men On,2011,138,275,649,42.4,,231,57,51,5,0,8,46,19,3,34,64,.221,.331,.346,.677,80,10,6,0,4,5,1,.264,89,86,werthja01
1059,,Kevin Youkilis,Men On,2006,128,288,680,42.4,,227,94,76,20,0,7,66,5,2,46,48,.335,.438,.515,.953,117,12,4,0,11,0,2,.377,135,143,youklke01
1060,,Yunel Escobar,Men On,2015,118,250,591,42.3,,226,70,67,6,0,4,51,2,2,17,34,.296,.353,.376,.730,85,24,4,1,2,0,2,.332,85,97,escobyu01
1061,,Adeiny Hechavarría,Men On,2014,130,243,574,42.3,,219,52,57,8,3,0,33,7,5,13,41,.260,.294,.324,.618,71,21,0,4,6,5,3,.310,87,72,hechaad01
1062,,Kenny Lofton,Men On,2006,112,221,522,42.3,,192,76,57,7,7,0,38,32,5,21,15,.297,.363,.406,.769,78,16,0,6,2,1,4,.318,102,96,loftoke01
1063,,Andrew McCutchen,Men On,2012,139,285,673,42.3,,239,90,76,17,2,14,79,20,12,39,51,.318,.411,.582,.992,139,9,2,0,5,13,3,.346,108,164,mccutan01
1064,,A.J. Pierzynski,Men On,2012,116,220,520,42.3,,198,53,58,10,2,12,62,0,0,12,33,.293,.342,.545,.888,108,8,5,1,4,5,1,.293,114,134,pierza.01
1065,,Alexei Ramírez,Men On,2015,133,263,622,42.3,,240,47,62,15,0,3,55,17,7,15,31,.258,.298,.358,.656,86,18,1,1,6,2,6,.278,105,76,ramiral03
1066,,Cody Ross,Men On,2008,113,214,506,42.3,,191,46,53,12,2,9,60,6,1,14,44,.277,.332,.503,.834,96,5,4,0,5,2,0,.308,108,115,rossco01
1067,,José Bautista,Men On,2007,122,259,614,42.2,,220,66,64,15,1,6,54,6,3,26,41,.291,.365,.450,.815,99,16,3,4,6,1,1,.324,116,109,bautijo02
1068,,Carlos Beltrán,Men On,2015,115,224,531,42.2,,196,45,55,17,1,7,55,0,0,21,38,.281,.344,.485,.828,95,12,1,0,6,2,1,.306,105,121,beltrca01
1069,,Coco Crisp,Men On,2011,123,246,583,42.2,,219,63,57,12,1,2,48,49,9,17,23,.260,.306,.352,.657,77,11,0,4,6,2,4,.275,90,80,crispco01
1070,,Chris Davis,Men On,2012,123,237,562,42.2,,213,58,67,10,0,16,68,2,3,19,69,.315,.371,.587,.958,125,8,2,0,3,6,0,.389,131,153,davisch02
1071,,Didi Gregorius,Men On,2015,130,244,578,42.2,,217,53,57,10,2,5,52,5,3,14,41,.263,.311,.396,.708,86,4,4,3,6,0,2,.294,105,89,gregodi01
1072,,Omar Infante,Men On,2012,134,248,588,42.2,,229,60,58,11,0,3,44,17,3,7,28,.253,.271,.341,.611,78,9,0,8,4,0,2,.272,72,64,infanom01
1073,,Adam Jones,Men On,2009,103,219,519,42.2,,196,75,59,9,1,11,62,10,4,17,34,.301,.361,.526,.886,103,13,3,0,3,3,1,.312,123,131,jonesad01
1074,,Nick Markakis,Men On,2010,147,299,709,42.2,,259,70,82,16,1,3,51,7,2,35,29,.317,.391,.421,.812,109,18,0,0,5,9,1,.341,102,118,markani01
1075,,Alexei Ramírez,Men On,2012,143,262,621,42.2,,243,56,82,15,2,6,70,20,7,10,24,.337,.360,.490,.850,119,15,1,4,4,2,3,.350,160,126,ramiral03
1076,,Scott Hatteberg,Men On,2006,113,227,539,42.1,,187,56,56,10,0,7,45,2,2,33,17,.299,.400,.465,.865,87,13,1,2,4,3,0,.293,110,120,hattesc01
1077,,Jeff Keppinger,Men On,2010,120,242,575,42.1,,206,56,61,14,0,0,53,4,1,26,19,.296,.371,.364,.735,75,15,1,5,4,1,4,.319,98,98,keppije01
1078,,Mark Reynolds,Men On,2011,131,261,620,42.1,,223,62,53,13,1,15,64,6,4,33,83,.238,.333,.507,.840,113,11,1,0,4,2,1,.295,108,126,reynoma01
1079,,Alex Ríos,Men On,2007,144,299,711,42.1,,267,97,76,13,1,7,68,17,4,23,42,.285,.338,.419,.757,112,9,2,0,7,3,2,.307,80,94,riosal01
1080,,Mike Trout,Men On,2014,143,297,705,42.1,,242,91,74,24,4,12,87,16,2,38,76,.306,.401,.587,.987,142,6,7,0,10,6,5,.378,111,171,troutmi01
1081,,Joey Votto,Men On,2008,130,248,589,42.1,,213,54,62,16,2,9,69,7,5,31,43,.291,.383,.512,.895,109,7,2,0,2,9,3,.325,105,131,vottojo01
1082,,Asdrúbal Cabrera,Men On,2011,131,280,667,42.0,,243,77,79,11,1,15,82,17,5,26,47,.325,.391,.564,.955,137,10,3,4,4,5,3,.346,140,158,cabreas01
1083,,Carl Crawford,Men On,2006,132,274,653,42.0,,244,81,76,11,9,10,69,58,9,16,30,.311,.356,.553,.909,135,8,2,9,2,3,4,.320,117,128,crawfca02
1084,,Manny Machado,Men On,2013,144,298,710,42.0,,275,79,79,18,2,5,62,6,7,10,53,.287,.311,.422,.733,116,15,1,9,3,0,4,.336,97,101,machama01
1085,,Dan Uggla,Men On,2006,139,287,683,42.0,,243,91,78,11,4,13,76,6,6,22,40,.321,.382,.560,.942,136,5,7,7,8,1,4,.328,129,137,ugglada01
1086,,Chase Utley,Men On,2013,115,223,531,42.0,,201,61,59,8,4,6,57,8,3,15,37,.294,.341,.463,.803,93,12,2,0,5,4,1,.325,96,121,utleych01
1087,,Miguel Cabrera,Men On,2014,141,287,685,41.9,,243,86,82,20,1,10,94,1,1,31,40,.337,.401,.551,.952,134,21,2,0,11,10,1,.353,113,161,cabremi01
1088,,Brian Dozier,Men On,2014,139,296,707,41.9,,236,95,58,16,1,6,54,21,7,45,58,.246,.365,.398,.763,94,8,4,3,8,1,2,.289,102,112,doziebr01
1089,,Alcides Escobar,Men On,2013,142,269,642,41.9,,244,53,71,10,2,0,48,22,0,10,29,.291,.319,.348,.668,85,12,2,9,4,1,3,.324,139,85,escobal02
1090,,Adeiny Hechavarría,Men On,2013,127,242,578,41.9,,219,30,57,6,3,3,42,11,10,18,37,.260,.315,.356,.671,78,19,0,4,1,1,1,.300,137,86,hechaad01
1091,,Matt Holliday,Men On,2011,112,216,516,41.9,,189,71,55,11,0,10,63,2,1,21,43,.291,.370,.508,.878,96,21,4,0,2,4,0,.326,92,138,hollima01
1092,,Daniel Murphy,Men On,2014,130,269,642,41.9,,237,78,64,15,0,8,56,13,5,25,38,.270,.338,.435,.773,103,15,2,0,5,3,2,.286,110,113,murphda08
1093,,Brandon Phillips,Men On,2011,135,283,675,41.9,,247,82,72,15,1,6,70,14,9,22,42,.291,.349,.433,.782,107,15,3,5,6,3,2,.322,94,113,phillbr01
1094,,Kurt Suzuki,Men On,2014,110,211,503,41.9,,185,34,55,18,0,0,58,0,1,16,26,.297,.348,.395,.742,73,9,2,1,7,0,2,.331,104,106,suzukku01
1095,,Ryan Zimmerman,Men On,2013,129,265,633,41.9,,227,65,63,14,0,7,60,6,0,34,50,.278,.370,.432,.802,98,16,1,0,3,2,4,.324,101,122,zimmery01
1096,,Mike Aviles,Men On,2012,114,228,546,41.8,,206,49,55,17,0,5,52,14,6,12,36,.267,.302,.422,.725,87,6,1,3,6,0,1,.292,118,92,avilemi01
1097,,Alberto Callaspo,Men On,2009,132,265,634,41.8,,237,72,79,18,7,4,66,2,1,23,21,.333,.385,.519,.904,123,15,0,0,5,4,1,.346,122,136,callaal01
1098,,Kosuke Fukudome,Men On,2009,127,252,603,41.8,,198,71,51,16,2,3,46,6,10,44,52,.258,.390,.404,.794,80,15,2,3,5,3,4,.324,100,110,fukudko01
1099,,Tadahito Iguchi,Men On,2006,124,262,627,41.8,,226,88,66,11,0,9,58,11,5,24,42,.292,.362,.460,.822,104,7,2,8,2,0,3,.322,112,108,iguchta01
1100,,Mark Kotsay,Men On,2006,108,233,558,41.8,,203,53,60,15,1,3,55,6,3,19,21,.296,.349,.424,.773,86,18,1,4,6,1,2,.308,115,97,kotsama01
1101,,Starling Marte,Men On,2014,117,228,545,41.8,,210,65,62,13,3,6,49,30,11,10,56,.295,.351,.471,.822,99,5,8,0,0,0,5,.378,103,126,martest01
1102,,AJ Pollock,Men On,2015,138,281,673,41.8,,250,100,75,12,0,9,65,39,7,21,37,.300,.345,.456,.801,114,19,1,0,9,0,2,.310,86,114,polloaj01
1103,,Justin Smoak,Men On,2013,112,218,521,41.8,,190,41,42,8,0,8,38,0,0,27,56,.221,.317,.389,.706,74,11,0,0,1,1,3,.268,89,95,smoakju01
1104,,Kevin Youkilis,Men On,2012,111,213,509,41.8,,179,64,48,6,2,11,52,0,0,23,46,.268,.371,.508,.879,91,10,8,0,3,2,1,.296,135,134,youklke01
1105,,Melky Cabrera,Men On,2014,126,259,621,41.7,,231,72,78,18,2,7,64,6,2,20,16,.338,.385,.524,.909,121,19,1,2,5,3,7,.333,124,150,cabreme01
1106,,Luis Castillo,Men On,2009,118,242,580,41.7,,185,77,52,3,2,1,40,20,6,32,17,.281,.381,.335,.716,62,15,1,19,5,3,4,.297,95,91,castilu01
1107,,J.D. Drew,Men On,2009,118,225,539,41.7,,181,70,46,15,0,10,54,2,6,40,42,.254,.393,.503,.896,91,6,2,1,1,5,2,.277,97,134,drewj.01
1108,,Franklin Gutiérrez,Men On,2009,132,262,629,41.7,,221,77,65,10,0,10,62,16,5,25,43,.294,.365,.475,.841,105,14,1,13,2,3,5,.324,119,119,gutiefr01
1109,,Bryce Harper,Men On,2012,121,249,597,41.7,,214,82,56,8,5,6,43,18,6,29,52,.262,.346,.430,.775,92,8,0,3,3,0,2,.314,92,108,harpebr03
1110,,Paul Lo Duca,Men On,2006,113,230,551,41.7,,202,75,66,18,1,0,44,3,0,16,13,.327,.381,.426,.807,86,15,3,7,2,0,6,.346,107,106,loducpa01
1111,,Martín Prado,Men On,2012,129,288,690,41.7,,241,75,66,13,3,4,64,17,4,32,28,.274,.352,.402,.755,97,19,2,4,9,2,6,.284,90,103,pradoma01
1112,,Pat Burrell,Men On,2008,135,268,645,41.6,,225,54,52,13,0,13,66,0,0,36,64,.231,.332,.462,.794,104,10,1,0,6,8,0,.253,82,105,burrepa01
1113,,Asdrúbal Cabrera,Men On,2014,125,256,616,41.6,,223,65,50,12,3,5,52,10,2,24,46,.224,.298,.372,.670,83,15,2,1,6,2,2,.253,93,85,cabreas01
1114,,Alberto Callaspo,Men On,2011,120,223,536,41.6,,190,49,57,10,0,1,41,8,1,30,13,.300,.395,.368,.763,70,11,1,0,2,8,2,.315,106,110,callaal01
1115,,Orlando Hudson,Men On,2007,121,250,601,41.6,,203,62,60,10,2,3,56,10,2,35,28,.296,.388,.409,.797,83,21,0,5,7,1,2,.318,96,106,hudsoor01
1116,,Bobby Abreu,Men On,2011,125,243,585,41.5,,205,51,57,17,0,5,57,21,5,33,48,.278,.376,.434,.810,89,8,1,1,3,5,3,.335,125,121,abreubo01
1117,,Rajai Davis,Men On,2010,125,233,561,41.5,,220,63,57,9,1,2,49,50,11,6,33,.259,.276,.336,.612,74,10,1,1,5,0,2,.289,75,63,davisra01
1118,,Ian Kinsler,Men On,2013,125,255,614,41.5,,219,74,66,13,0,2,61,15,11,21,23,.301,.365,.388,.753,85,5,5,3,7,0,6,.318,100,109,kinslia01
1119,,Andrelton Simmons,Men On,2013,139,273,658,41.5,,247,66,56,10,3,7,49,6,5,15,20,.227,.272,.377,.649,93,16,2,5,4,1,9,.219,87,78,simmoan01
1120,,Michael Brantley,Men On,2014,135,280,676,41.4,,246,79,85,17,1,5,82,23,1,25,22,.346,.407,.484,.891,119,16,4,0,5,4,3,.357,101,146,brantmi02
1121,,J.D. Drew,Men On,2010,123,226,546,41.4,,188,53,49,16,0,6,52,3,1,32,43,.261,.367,.441,.809,83,12,2,0,4,3,2,.301,105,115,drewj.01
1122,,Mark Ellis,Men On,2008,100,210,507,41.4,,180,46,46,5,2,3,32,14,2,22,20,.256,.337,.356,.692,64,11,1,5,2,2,1,.270,100,81,ellisma01
1123,,Dustin Pedroia,Men On,2012,126,258,623,41.4,,228,71,64,18,0,5,55,20,6,21,16,.281,.339,.425,.764,97,9,2,1,6,3,1,.277,92,104,pedrodu01
1124,,Aaron Rowand,Men On,2009,118,226,546,41.4,,192,50,55,14,1,4,53,4,1,23,43,.286,.381,.432,.813,83,13,8,0,3,2,1,.345,123,114,rowanaa01
1125,,Starlin Castro,Men On,2010,104,209,506,41.3,,182,52,53,6,2,2,40,10,8,16,22,.291,.351,.379,.730,69,14,3,4,4,7,3,.315,94,96,castrst01
1126,,Freddy Galvis,Men On,2015,131,249,603,41.3,,228,62,68,5,3,6,49,10,1,9,35,.298,.322,.425,.748,97,11,1,7,4,1,4,.325,131,100,galvifr01
1127,,Mark Loretta,Men On,2007,116,211,511,41.3,,188,49,58,7,1,1,38,1,2,18,13,.309,.370,.372,.743,70,15,1,3,1,0,0,.326,105,92,loretma01
1128,,Derek Norris,Men On,2015,128,230,557,41.3,,212,59,56,16,1,8,56,4,1,14,61,.264,.317,.462,.780,98,5,3,0,1,1,3,.333,118,107,norride01
1129,,Yangervis Solarte,Men On,2014,113,221,535,41.3,,186,49,50,6,1,3,41,0,1,23,19,.269,.349,.360,.709,67,13,3,3,6,1,1,.276,101,97,solarya01
1130,,Ichiro Suzuki,Men On,2013,124,229,555,41.3,,208,53,58,7,1,3,31,20,4,12,28,.279,.318,.365,.684,76,6,1,6,2,4,4,.307,114,89,suzukic01
1131,,Nick Swisher,Men On,2008,125,243,588,41.3,,200,74,41,6,1,12,57,3,3,36,54,.205,.326,.425,.751,85,14,2,1,4,6,1,.210,102,94,swishni01
1132,,Mike Trout,Men On,2013,142,296,716,41.3,,230,92,68,11,4,10,80,33,7,53,57,.296,.426,.509,.934,117,8,5,0,8,10,8,.339,90,158,troutmi01
1133,,Omar Vizquel,Men On,2006,137,272,659,41.3,,229,86,78,12,8,2,56,24,7,22,24,.341,.398,.489,.887,112,13,3,13,5,3,2,.365,136,125,vizquom01
1134,,Neil Walker,Men On,2012,118,219,530,41.3,,188,55,58,12,0,7,62,7,5,21,38,.309,.367,.484,.851,91,11,1,1,8,1,2,.338,121,127,walkene01
1135,,Vernon Wells,Men On,2007,130,265,642,41.3,,230,76,61,15,1,7,71,10,4,26,24,.265,.340,.430,.770,99,9,3,0,6,4,3,.263,119,97,wellsve01
1136,,Ben Zobrist,Men On,2012,137,276,668,41.3,,224,73,57,16,4,5,59,14,9,44,45,.254,.369,.429,.797,96,13,0,2,6,7,2,.289,89,114,zobribe01
1137,,Ryan Braun,Men On,2014,121,239,580,41.2,,214,59,57,13,6,10,72,11,5,18,41,.266,.331,.523,.854,112,17,4,0,3,3,4,.283,118,133,braunry02
1138,,Stephen Drew,Men On,2010,130,261,633,41.2,,227,73,60,11,6,5,51,10,5,29,49,.264,.351,.432,.783,98,7,2,2,1,2,3,.316,94,108,drewst01
1139,,Jason Kendall,Men On,2006,124,258,626,41.2,,219,76,76,9,0,1,50,11,5,22,24,.347,.417,.402,.819,88,19,8,4,5,2,5,.377,131,111,kendaja01
1140,,Cliff Pennington,Men On,2011,126,235,570,41.2,,203,55,65,13,1,6,56,14,9,20,32,.320,.374,.483,.857,98,5,0,8,4,1,1,.349,148,133,pennicl01
1141,,Kyle Seager,Men On,2012,135,268,651,41.2,,236,51,66,13,0,9,75,13,5,22,40,.280,.346,.449,.795,106,9,4,2,4,1,0,.298,116,112,seageky01
1142,,Grady Sizemore,Men On,2009,92,207,503,41.2,,178,64,45,14,2,9,55,13,8,26,43,.253,.346,.506,.852,90,4,0,2,1,1,1,.283,115,121,sizemgr01
1143,,Justin Upton,Men On,2013,128,265,643,41.2,,224,75,55,10,0,8,51,8,1,34,61,.246,.345,.397,.742,89,12,2,1,4,4,2,.296,83,105,uptonju01
1144,,Robinson Canó,Men On,2014,137,273,665,41.1,,226,72,71,21,1,9,77,10,3,40,21,.314,.421,.535,.957,121,19,4,0,3,20,3,.312,128,164,canoro01
1145,,Conor Gillaspie,Men On,2014,111,208,506,41.1,,188,48,63,12,1,5,55,0,4,16,30,.335,.385,.489,.874,92,5,1,0,3,4,1,.372,132,141,gillaco01
1146,,Torii Hunter,Men On,2015,118,233,567,41.1,,207,54,56,13,0,9,68,2,5,17,44,.271,.330,.464,.794,96,14,4,0,5,1,2,.296,126,112,hunteto01
1147,,Jason Kendall,Men On,2007,112,211,514,41.1,,182,43,51,9,1,1,39,3,4,15,13,.280,.350,.357,.707,65,8,6,5,3,2,5,.292,132,83,kendaja01
1148,,Jonathan Lucroy,Men On,2014,134,269,655,41.1,,235,65,71,17,0,5,61,4,4,31,14,.302,.383,.438,.821,103,13,1,0,2,3,3,.303,97,128,lucrojo01
1149,,Logan Morrison,Men On,2015,113,210,511,41.1,,183,38,44,7,1,8,45,8,4,23,29,.240,.325,.421,.746,77,7,1,1,2,5,2,.243,118,100,morrilo01
1150,,Alexei Ramírez,Men On,2013,140,277,674,41.1,,251,63,74,19,1,1,43,30,9,16,23,.295,.337,.390,.727,98,17,2,4,4,2,4,.316,110,101,ramiral03
1151,,Alex Ríos,Men On,2011,113,234,570,41.1,,216,56,46,10,0,5,36,11,6,14,25,.213,.256,.329,.585,71,20,0,0,4,4,2,.216,91,59,riosal01
1152,,Kyle Seager,Men On,2014,136,269,654,41.1,,244,60,74,12,0,14,85,7,5,21,49,.303,.354,.525,.879,128,12,0,1,3,3,4,.326,122,141,seageky01
1153,,Justin Upton,Men On,2011,141,277,674,41.1,,233,84,62,12,1,10,67,21,9,25,47,.266,.368,.455,.823,106,8,15,0,4,9,3,.289,86,124,uptonju01
1154,,Christian Yelich,Men On,2015,116,216,525,41.1,,196,59,57,11,1,3,40,16,5,19,39,.291,.356,.403,.760,79,13,1,0,0,2,1,.351,94,105,yelicch01
1155,,Chris Young,Men On,2009,117,206,501,41.1,,176,43,33,13,2,4,31,11,4,24,61,.188,.286,.352,.638,62,3,1,3,2,2,0,.257,80,67,youngch04
1156,,Ian Desmond,Men On,2012,115,224,547,41.0,,210,55,64,15,0,8,56,21,6,10,41,.305,.344,.490,.834,103,17,3,0,1,1,3,.346,99,121,desmoia01
1157,,Julio Lugo,Men On,2007,123,258,630,41.0,,229,66,58,19,1,3,68,33,6,17,34,.253,.300,.384,.684,88,9,0,8,4,0,6,.281,112,75,lugoju01
1158,,Leonys Martín,Men On,2014,130,239,583,41.0,,209,64,53,4,1,3,36,31,12,20,47,.254,.319,.325,.644,68,4,1,7,2,3,2,.311,87,79,martile01
1159,,Cliff Pennington,Men On,2010,131,236,576,41.0,,200,62,53,13,3,4,44,29,5,20,42,.265,.330,.420,.750,84,7,1,12,3,0,6,.312,118,99,pennicl01
1160,,Plácido Polanco,Men On,2010,114,247,602,41.0,,222,72,69,12,0,2,48,5,0,13,22,.311,.346,.392,.737,87,14,3,1,8,1,7,.325,104,97,polanpl01
1161,,Dan Uggla,Men On,2008,133,254,619,41.0,,204,77,61,16,1,12,72,5,5,45,60,.299,.425,.564,.989,115,10,2,0,3,6,1,.363,128,156,ugglada01
1162,,Shane Victorino,Men On,2007,107,209,510,41.0,,180,70,50,12,1,4,38,37,4,17,18,.278,.353,.422,.775,76,10,5,5,2,1,5,.288,102,99,victosh01
1163,,Eric Byrnes,Men On,2006,122,248,606,40.9,,223,66,54,12,1,10,63,25,3,18,35,.242,.301,.439,.740,98,12,2,2,3,2,2,.243,87,86,byrneer01
1164,,Cristian Guzmán,Men On,2009,117,227,555,40.9,,210,70,61,11,4,2,48,4,5,9,33,.290,.321,.410,.731,86,9,1,6,1,0,7,.335,110,91,guzmacr01
1165,,Ian Kinsler,Men On,2015,136,276,675,40.9,,247,88,64,11,3,5,67,10,6,23,28,.259,.319,.389,.708,96,14,1,0,5,0,3,.269,84,90,kinslia01
1166,,Yadier Molina,Men On,2012,125,230,563,40.9,,200,53,66,10,0,10,64,12,3,20,20,.330,.388,.530,.918,106,10,2,3,5,4,3,.320,110,144,molinya01
1167,,Jimmy Rollins,Men On,2014,118,249,609,40.9,,221,69,52,5,1,8,46,28,6,22,44,.235,.301,.376,.676,83,6,0,3,3,2,2,.256,89,87,rolliji01
1168,,Ben Zobrist,Men On,2015,111,219,535,40.9,,186,69,58,16,0,6,49,3,4,27,18,.312,.393,.495,.887,92,8,1,0,5,3,1,.311,120,138,zobribe01
1169,,Francisco Cervelli,Men On,2015,104,208,510,40.8,,177,52,52,7,1,3,39,1,1,22,29,.294,.382,.395,.778,70,12,4,4,1,1,3,.336,102,111,cervefr01
1170,,Chris Denorfia,Men On,2013,114,212,520,40.8,,186,61,56,6,0,4,41,11,0,21,32,.301,.368,.398,.766,74,13,1,0,4,2,4,.338,110,112,denorch01
1171,,Joe Mauer,Men On,2015,141,272,666,40.8,,225,62,72,12,2,3,59,2,1,40,42,.320,.417,.431,.848,97,22,1,1,5,12,9,.373,137,130,mauerjo01
1172,,Brandon Phillips,Men On,2015,127,254,623,40.8,,231,62,74,9,2,5,63,23,3,16,25,.320,.368,.442,.809,102,13,3,1,3,1,3,.338,124,118,phillbr01
1173,,Colby Rasmus,Men On,2012,135,255,625,40.8,,225,64,55,9,0,12,64,4,3,23,57,.244,.312,.444,.757,100,7,1,2,4,5,2,.269,119,101,rasmuco01
1174,,Elvis Andrus,Men On,2014,135,279,685,40.7,,243,72,62,12,0,2,41,27,15,17,34,.255,.301,.329,.630,80,21,2,9,7,0,5,.280,95,75,andruel01
1175,,Carlos Gómez,Men On,2008,125,250,614,40.7,,230,73,61,14,3,1,53,33,11,9,64,.265,.308,.365,.673,84,7,6,3,2,0,2,.359,105,75,gomezca01
1176,,Jimmy Rollins,Men On,2015,116,229,563,40.7,,208,64,40,8,0,6,34,12,8,19,30,.192,.259,.317,.576,66,12,0,1,1,0,2,.197,79,55,rolliji01
1177,,B.J. Upton,Men On,2010,135,248,610,40.7,,212,77,51,14,2,6,50,42,9,31,62,.241,.332,.410,.742,87,13,0,1,4,1,1,.304,100,97,uptonbj01
1178,,Juan Uribe,Men On,2007,123,229,563,40.7,,201,44,47,11,0,9,57,1,9,13,45,.234,.284,.423,.707,85,6,3,7,5,2,4,.250,107,80,uribeju01
1179,,Matt Wieters,Men On,2011,113,224,551,40.7,,198,60,57,14,0,10,56,1,0,24,32,.288,.366,.510,.876,101,16,1,0,1,3,1,.299,125,137,wietema01
1180,,Jack Wilson,Men On,2006,120,242,594,40.7,,211,65,62,10,0,3,30,4,3,15,28,.294,.339,.384,.723,81,15,2,9,5,0,2,.319,111,85,wilsoja02
1181,,Bobby Abreu,Men On,2010,132,271,667,40.6,,227,76,59,14,0,8,66,24,10,38,54,.260,.362,.427,.789,97,13,1,0,5,3,4,.300,101,110,abreubo01
1182,,Eric Byrnes,Men On,2007,135,284,699,40.6,,247,89,66,9,2,7,69,50,7,27,42,.267,.344,.405,.749,100,12,4,1,4,5,4,.292,86,93,byrneer01
1183,,Jon Jay,Men On,2012,100,204,502,40.6,,169,67,56,8,1,1,37,19,7,16,21,.331,.415,.408,.824,69,9,9,9,1,3,3,.372,113,123,jayjo02
1184,,Adam Jones,Men On,2012,140,283,697,40.6,,261,85,71,15,0,14,64,16,7,15,48,.272,.322,.490,.812,128,15,5,0,2,0,2,.284,93,115,jonesad01
1185,,Joe Mauer,Men On,2013,103,206,508,40.6,,168,54,44,10,0,3,39,0,1,36,42,.262,.388,.375,.763,63,7,0,0,2,7,1,.328,75,113,mauerjo01
1186,,Gerardo Parra,Men On,2015,130,239,589,40.6,,214,71,64,17,3,2,39,14,4,13,40,.299,.340,.435,.775,93,8,3,4,5,3,2,.350,100,108,parrage01
1187,,Pablo Sandoval,Men On,2015,103,205,505,40.6,,185,37,46,8,0,4,41,0,0,12,26,.249,.309,.357,.666,66,14,5,1,2,1,4,.268,103,79,sandopa01
1188,,Will Venable,Men On,2013,112,209,515,40.6,,195,45,51,7,4,3,34,22,6,10,46,.262,.300,.385,.684,75,6,1,2,1,4,0,.327,76,88,venabwi01
1189,,Nick Markakis,Men On,2011,136,290,716,40.5,,251,63,67,14,1,6,64,12,3,29,24,.267,.345,.402,.747,101,16,4,0,6,6,2,.269,97,104,markani01
1190,,Michael Young,Men On,2013,116,229,565,40.5,,207,48,59,11,4,4,42,1,0,20,30,.285,.345,.435,.780,90,21,0,0,2,4,2,.314,113,115,youngmi02
1191,,Brian Giles,Men On,2008,130,264,653,40.4,,221,74,67,15,2,5,56,2,2,38,21,.303,.398,.457,.855,101,18,0,0,5,2,3,.310,100,123,gilesbr02
1192,,Curtis Granderson,Men On,2014,136,264,654,40.4,,219,61,53,12,2,8,54,8,2,38,57,.242,.352,.425,.777,93,1,2,0,5,1,1,.283,118,115,grandcu01
1193,,Ichiro Suzuki,Men On,2012,137,268,663,40.4,,242,68,67,12,4,0,46,29,7,16,24,.277,.316,.360,.675,87,12,0,5,5,5,2,.300,95,82,suzukic01
1194,,Elvis Andrus,Men On,2009,118,218,541,40.3,,184,67,51,9,4,1,35,33,6,17,28,.277,.340,.386,.726,71,4,2,12,3,0,2,.316,107,91,andruel01
1195,,Shin-Soo Choo,Men On,2015,129,263,653,40.3,,209,81,62,13,1,9,69,4,2,39,51,.297,.418,.498,.915,104,7,8,2,5,1,1,.344,119,146,choosh01
1196,,J.J. Hardy,Men On,2012,144,287,713,40.3,,255,72,60,13,0,9,55,0,0,20,45,.235,.296,.392,.689,100,21,3,7,2,4,4,.251,106,83,hardyjj01
1197,,Aaron Hill,Men On,2011,118,230,571,40.3,,203,56,47,10,0,3,56,21,7,16,30,.232,.285,.325,.610,66,10,2,2,7,1,1,.249,87,67,hillaa01
1198,,Eric Hosmer,Men On,2012,127,241,598,40.3,,208,57,53,8,0,6,52,16,1,27,32,.255,.336,.380,.716,79,10,1,0,5,4,3,.269,116,93,hosmeer01
1199,,Kelly Johnson,Men On,2012,118,234,581,40.3,,203,52,46,8,2,7,46,14,2,22,70,.227,.306,.389,.695,79,8,3,2,4,4,1,.300,104,86,johnske05
1200,,Andrew McCutchen,Men On,2011,137,273,678,40.3,,217,76,58,13,3,12,78,23,10,41,48,.267,.391,.521,.912,113,7,7,2,6,3,3,.282,122,147,mccutan01
1201,,Mitch Moreland,Men On,2013,115,209,518,40.3,,175,45,42,11,0,8,45,0,0,25,42,.240,.325,.440,.765,77,10,1,0,8,1,0,.256,109,110,morelmi01
1202,,Dustin Pedroia,Men On,2007,118,234,581,40.3,,201,80,64,16,0,2,44,7,1,24,19,.318,.393,.428,.821,86,8,2,5,2,1,1,.341,100,112,pedrodu01
1203,,Juan Pierre,Men On,2007,142,294,729,40.3,,256,96,77,7,3,0,41,64,15,11,10,.301,.339,.352,.691,90,10,5,20,2,0,5,.310,102,79,pierrju01
1204,,Kyle Seager,Men On,2013,136,280,695,40.3,,240,69,65,18,1,12,59,9,3,32,43,.271,.357,.504,.861,121,8,3,0,5,1,1,.279,124,136,seageky01
1205,,Joey Votto,Men On,2015,137,280,695,40.3,,210,80,69,12,1,14,65,11,3,65,50,.329,.489,.595,1.085,125,11,3,0,2,15,3,.372,117,191,vottojo01
1206,,Dustin Ackley,Men On,2014,119,218,542,40.2,,196,54,50,13,3,4,55,8,4,14,38,.255,.312,.413,.725,81,10,3,3,2,1,1,.295,110,99,ackledu01
1207,,Chris Coghlan,Men On,2015,118,202,503,40.2,,168,54,40,7,2,6,31,11,2,31,45,.238,.358,.411,.769,69,8,1,1,1,6,1,.288,98,107,coghlch01
1208,,Alex Gordon,Men On,2012,146,290,721,40.2,,257,83,71,19,3,4,62,10,5,29,59,.276,.348,.420,.769,108,14,1,0,3,3,0,.340,87,106,gordoal01
1209,,Randy Winn,Men On,2008,137,268,667,40.2,,236,74,68,19,0,0,54,25,2,22,36,.288,.337,.369,.706,87,6,0,1,9,6,5,.325,80,84,winnra01
1210,,Stephen Drew,Men On,2007,128,248,619,40.1,,206,54,48,8,2,6,54,9,0,29,39,.233,.317,.379,.696,78,4,0,5,8,5,2,.249,104,79,drewst01
1211,,Omar Infante,Men On,2010,105,203,506,40.1,,182,60,61,5,1,3,42,7,6,15,25,.335,.382,.423,.805,77,14,0,4,2,1,1,.372,108,115,infanom01
1212,,Seth Smith,Men On,2014,106,209,521,40.1,,169,44,43,10,2,1,37,1,1,33,28,.254,.375,.355,.730,60,9,2,0,4,3,2,.292,83,104,smithse01
1213,,Denard Span,Men On,2009,128,271,676,40.1,,215,91,64,5,6,2,62,23,10,31,31,.298,.394,.405,.798,87,7,7,12,6,3,2,.330,98,111,spande01
1214,,B.J. Upton,Men On,2012,120,254,633,40.1,,222,57,56,15,3,6,56,31,6,20,53,.252,.304,.428,.732,95,13,0,4,8,0,2,.292,96,94,uptonbj01
1215,,Darwin Barney,Men On,2012,127,235,588,40.0,,211,71,53,11,2,5,42,6,1,18,26,.251,.315,.393,.708,83,11,2,3,1,1,6,.265,116,89,barneda01
1216,,Jason Bartlett,Men On,2010,116,213,532,40.0,,185,70,56,12,3,3,46,11,6,14,27,.303,.347,.449,.795,83,6,0,11,3,1,3,.335,135,111,bartlja01
1217,,José Bautista,Men On,2010,140,273,683,40.0,,222,84,59,9,2,29,99,9,2,42,49,.266,.388,.716,1.104,159,10,5,0,4,2,3,.203,119,188,bautijo02
1218,,Starlin Castro,Men On,2011,140,286,715,40.0,,266,84,86,18,3,3,59,22,9,14,32,.323,.357,.447,.804,119,20,2,0,4,2,6,.353,108,118,castrst01
1219,,Chone Figgins,Men On,2007,104,201,503,40.0,,173,81,60,11,4,3,58,41,12,18,38,.347,.392,.509,.901,88,7,0,2,8,0,0,.407,118,130,figgich01
1220,,J.J. Hardy,Men On,2011,115,227,567,40.0,,202,55,61,14,0,9,59,0,0,16,26,.302,.351,.505,.856,102,10,2,2,5,3,0,.302,116,131,hardyjj01
1221,,Jeff Keppinger,Men On,2008,104,201,502,40.0,,170,43,49,13,2,1,41,3,1,19,10,.288,.354,.406,.760,69,14,1,6,5,3,1,.293,132,98,keppije01
1222,,Gerardo Parra,Men On,2013,137,265,663,40.0,,227,72,60,17,1,3,41,10,10,26,31,.264,.337,.388,.725,88,12,1,7,4,3,0,.289,101,101,parrage01
1223,,Marco Scutaro,Men On,2013,114,219,547,40.0,,185,55,53,5,1,0,29,2,0,21,16,.286,.357,.324,.681,60,13,1,9,3,0,2,.308,88,91,scutama01
1224,,Peter Bourjos,Men On,2011,120,220,552,39.9,,192,63,46,9,3,3,34,22,9,16,52,.240,.310,.365,.674,70,7,4,7,1,0,2,.312,78,84,bourjpe01
1225,,Luis Castillo,Men On,2006,124,260,652,39.9,,226,82,69,5,2,1,47,25,11,22,23,.305,.367,.358,.725,81,14,1,9,2,0,1,.333,99,87,castilu01
1226,,Jacoby Ellsbury,Men On,2008,121,243,609,39.9,,211,90,57,6,3,1,39,50,11,23,28,.270,.343,.341,.684,72,9,2,4,3,2,2,.303,89,80,ellsbja01
1227,,Ángel Pagán,Men On,2015,115,220,551,39.9,,198,53,50,4,0,1,35,12,4,16,24,.253,.300,.288,.588,57,12,0,0,6,0,2,.274,86,60,paganan01
1228,,Shane Victorino,Men On,2013,105,212,532,39.8,,181,71,58,9,1,4,50,21,3,9,25,.320,.381,.448,.829,81,5,10,10,2,0,3,.351,108,129,victosh01
1229,,Randy Winn,Men On,2007,137,260,653,39.8,,222,64,68,16,0,5,56,15,3,26,34,.306,.379,.446,.825,99,12,3,4,5,3,5,.335,108,112,winnra01
1230,,Kolten Wong,Men On,2015,131,244,613,39.8,,219,66,63,7,2,6,56,15,8,17,41,.288,.340,.420,.760,92,10,3,0,5,2,0,.322,115,104,wongko01
1231,,Yuniesky Betancourt,Men On,2006,133,232,584,39.7,,220,62,61,10,1,2,41,11,8,4,24,.277,.289,.359,.648,79,10,0,7,1,0,2,.303,82,65,betanyu01
1232,,Alex Gordon,Men On,2011,136,274,690,39.7,,237,86,70,18,3,8,72,17,8,30,55,.295,.377,.498,.875,118,9,3,0,3,2,1,.350,100,137,gordoal01
1233,,Dexter Fowler,Men On,2014,96,200,505,39.6,,168,53,37,5,0,0,27,11,4,28,47,.220,.337,.250,.587,42,6,2,1,1,2,3,.303,53,66,fowlede01
1234,,Cameron Maybin,Men On,2011,115,225,568,39.6,,197,76,57,11,4,3,34,40,8,20,40,.289,.357,.431,.789,85,6,2,4,2,2,1,.346,120,115,maybica01
1235,,Nate McLouth,Men On,2009,112,234,591,39.6,,194,75,54,14,0,9,59,19,6,29,44,.278,.377,.490,.866,95,8,4,3,4,1,2,.310,120,127,mclouna01
1236,,Jean Segura,Men On,2015,125,231,584,39.6,,212,55,64,5,2,4,48,25,6,10,35,.302,.342,.401,.743,85,14,4,3,2,2,1,.343,141,100,segurje01
1237,,Alfonso Soriano,Men On,2008,95,199,503,39.6,,169,58,45,7,0,11,57,19,3,24,35,.266,.357,.503,.860,85,9,2,0,4,11,1,.268,98,122,soriaal01
1238,,Ryan Theriot,Men On,2008,130,262,661,39.6,,225,85,67,7,1,1,38,22,13,30,17,.298,.384,.351,.735,79,19,2,4,1,1,2,.317,97,94,theriry01
1239,,Dayán Viciedo,Men On,2012,121,215,543,39.6,,196,51,50,3,1,12,65,0,2,12,48,.255,.302,.464,.767,91,18,3,0,4,0,3,.271,105,103,vicieda01
1240,,Johnny Damon,Men On,2007,116,239,605,39.5,,206,86,58,16,1,5,56,27,3,29,29,.282,.366,.442,.807,91,4,0,1,3,1,4,.303,116,107,damonjo01
1241,,Ian Kinsler,Men On,2014,143,287,726,39.5,,267,89,81,15,2,6,81,15,4,11,30,.303,.327,.442,.769,118,20,1,3,5,1,1,.318,112,111,kinslia01
1242,,Martín Prado,Men On,2010,122,257,651,39.5,,228,88,73,11,1,3,54,5,3,20,34,.320,.366,.417,.783,95,13,0,3,6,2,3,.355,95,109,pradoma01
1243,,Michael A. Taylor,Men On,2015,113,202,511,39.5,,182,43,48,6,2,8,57,16,3,17,62,.264,.323,.451,.774,82,5,0,1,2,9,1,.351,141,106,taylomi02
1244,,Alejandro De Aza,Men On,2014,113,208,528,39.4,,181,51,51,11,4,3,36,17,10,19,41,.282,.351,.436,.788,79,7,2,3,3,2,1,.343,125,117,deazaal01
1245,,Danny Espinosa,Men On,2011,131,259,658,39.4,,220,63,66,8,3,12,57,17,6,21,62,.300,.378,.527,.905,116,6,9,5,4,4,0,.360,144,145,espinda01
1246,,Corey Hart,Men On,2011,118,217,551,39.4,,188,63,54,7,1,9,46,7,6,22,46,.287,.369,.479,.848,90,12,3,3,1,1,1,.336,98,130,hartco01
1247,,Hunter Pence,Men On,2014,138,279,708,39.4,,253,91,78,9,4,5,59,13,6,22,53,.308,.362,.435,.797,110,13,1,0,3,3,5,.369,107,120,pencehu01
1248,,Brett Gardner,Men On,2015,124,258,656,39.3,,221,89,69,11,0,11,61,20,5,25,48,.312,.380,.511,.891,113,8,1,8,3,1,5,.352,139,138,gardnbr01
1249,,J.J. Hardy,Men On,2007,128,251,638,39.3,,227,73,68,10,1,10,64,2,3,19,35,.300,.352,.485,.837,110,13,0,4,1,1,0,.317,114,113,hardyjj01
1250,,Odúbel Herrera,Men On,2015,115,211,537,39.3,,192,58,63,8,1,2,35,16,8,10,48,.328,.369,.411,.780,79,6,3,5,1,0,2,.427,106,110,herreod01
1251,,Kelly Johnson,Men On,2010,131,264,671,39.3,,225,78,58,15,3,11,56,13,7,34,52,.258,.352,.498,.850,112,12,0,3,2,1,3,.287,96,125,johnske05
1252,,Ian Kinsler,Men On,2011,137,284,723,39.3,,237,95,60,11,3,6,51,30,4,37,26,.253,.361,.401,.762,95,17,4,4,2,2,4,.261,86,108,kinslia01
1253,,Cameron Maybin,Men On,2015,118,218,555,39.3,,200,57,61,7,2,2,51,23,6,14,29,.305,.346,.390,.736,78,16,0,1,3,1,4,.343,111,98,maybica01
1254,,Ángel Pagán,Men On,2010,125,249,633,39.3,,220,74,72,12,4,5,63,37,9,20,35,.327,.379,.486,.865,107,9,0,6,3,5,2,.366,126,130,paganan01
1255,,Plácido Polanco,Men On,2009,128,266,676,39.3,,236,77,78,14,2,5,67,7,2,14,14,.331,.368,.470,.839,111,15,3,7,5,2,4,.329,130,119,polanpl01
1256,,Anthony Rizzo,Men On,2014,122,242,616,39.3,,203,70,54,14,0,13,59,5,4,32,44,.266,.368,.527,.895,107,8,3,0,4,7,3,.273,95,145,rizzoan01
1257,,Rafael Furcal,Men On,2012,106,208,531,39.2,,183,66,49,6,2,2,46,12,4,16,26,.268,.320,.355,.675,65,7,0,5,4,1,3,.296,101,82,furcara02
1258,,Felipe López,Men On,2006,140,280,714,39.2,,229,89,67,9,0,2,43,44,12,36,54,.293,.387,.358,.745,82,9,1,11,3,1,3,.369,102,92,lopezfe01
1259,,Nick Markakis,Men On,2015,136,269,686,39.2,,231,71,64,18,0,1,51,2,1,35,31,.277,.375,.368,.743,85,17,2,0,1,11,3,.315,99,102,markani01
1260,,Gerardo Parra,Men On,2014,122,225,574,39.2,,203,59,42,7,0,4,35,9,7,10,45,.207,.256,.300,.556,61,10,4,6,2,5,2,.244,64,54,parrage01
1261,,Addison Russell,Men On,2015,118,205,523,39.2,,179,51,44,12,0,4,45,4,3,21,50,.246,.328,.380,.708,68,8,2,1,2,2,1,.315,105,91,russead02
1262,,Yangervis Solarte,Men On,2015,124,224,571,39.2,,205,56,64,12,1,7,56,1,0,13,18,.312,.351,.483,.834,99,15,1,2,3,0,2,.311,123,122,solarya01
1263,,Josh Barfield,Men On,2006,129,226,578,39.1,,206,65,63,15,1,6,51,21,5,12,29,.306,.339,.476,.815,98,8,1,2,5,7,6,.324,119,106,barfijo02
1264,,David DeJesus,Men On,2011,106,198,506,39.1,,169,53,40,7,2,3,39,4,3,17,29,.237,.314,.355,.669,60,14,4,4,4,1,3,.262,92,83,dejesda01
1265,,Alex Gordon,Men On,2013,140,274,700,39.1,,232,78,69,11,3,8,69,11,3,31,50,.297,.383,.474,.857,110,4,5,0,6,7,3,.339,129,136,gordoal01
1266,,Kelly Johnson,Men On,2011,126,239,613,39.0,,208,62,45,11,3,8,45,16,6,25,63,.216,.306,.413,.720,86,3,2,4,0,2,3,.270,101,95,johnske05
1267,,Nate McLouth,Men On,2008,129,267,685,39.0,,217,97,66,17,2,10,78,23,3,35,37,.304,.401,.539,.940,117,5,4,5,6,11,3,.318,121,143,mclouna01
1268,,Mike Trout,Men On,2015,135,266,682,39.0,,205,73,65,13,3,10,59,11,7,50,63,.317,.455,.556,1.011,114,11,6,0,5,14,3,.401,107,171,troutmi01
1269,,Grégor Blanco,Men On,2008,109,202,519,38.9,,160,51,48,7,3,0,37,13,5,31,36,.300,.413,.381,.795,61,3,2,6,3,2,1,.378,136,109,blancgr01
1270,,Starlin Castro,Men On,2013,139,274,705,38.9,,250,51,55,9,0,2,36,9,6,16,50,.220,.282,.280,.562,70,21,6,1,1,0,5,.266,80,57,castrst01
1271,,Austin Jackson,Men On,2014,133,255,656,38.9,,221,69,60,10,1,2,45,20,6,23,60,.271,.331,.353,.684,78,15,1,1,9,0,2,.345,109,90,jacksau01
1272,,Brandon Phillips,Men On,2010,137,267,687,38.9,,232,87,60,10,2,5,46,16,12,24,35,.259,.337,.384,.721,89,14,4,6,1,1,3,.285,91,93,phillbr01
1273,,Ben Revere,Men On,2012,101,215,553,38.9,,190,70,56,3,1,0,32,40,9,12,17,.295,.340,.321,.661,61,8,3,6,4,0,2,.316,96,80,reverbe01
1274,,Elvis Andrus,Men On,2012,135,276,711,38.8,,232,82,78,16,5,0,59,21,10,22,34,.336,.394,.448,.842,104,15,2,17,3,0,2,.388,131,126,andruel01
1275,,Nori Aoki,Men On,2014,115,213,549,38.8,,179,63,59,2,5,1,43,17,8,22,15,.330,.410,.413,.823,74,5,3,8,1,0,4,.354,132,129,aokino01
1276,,Jacoby Ellsbury,Men On,2009,131,269,693,38.8,,230,86,72,9,7,0,52,70,12,25,30,.313,.374,.413,.787,95,13,1,6,6,3,2,.350,105,107,ellsbja01
1277,,Derek Jeter,Men On,2010,137,287,739,38.8,,253,105,60,15,2,4,61,18,5,27,47,.237,.315,.360,.674,91,22,3,1,3,4,3,.273,90,80,jeterde01
1278,,Grady Sizemore,Men On,2008,143,289,745,38.8,,238,79,64,13,1,11,68,38,5,46,40,.269,.391,.471,.862,112,5,3,0,2,14,1,.280,98,124,sizemgr01
1279,,Ryan Theriot,Men On,2009,136,263,677,38.8,,225,77,64,9,2,3,50,21,10,18,34,.284,.336,.382,.718,86,13,2,13,5,1,3,.316,102,89,theriry01
1280,,Jose Altuve,Men On,2013,136,260,672,38.7,,236,61,65,12,1,2,49,35,13,12,25,.275,.301,.360,.661,85,24,0,4,8,5,3,.290,94,82,altuvjo01
1281,,Erick Aybar,Men On,2013,120,228,589,38.7,,204,64,60,10,2,2,50,12,7,10,23,.294,.323,.392,.715,80,14,1,8,5,1,2,.315,110,97,aybarer01
1282,,Grégor Blanco,Men On,2013,107,198,511,38.7,,168,48,44,7,5,1,39,14,9,23,40,.262,.349,.381,.730,64,10,1,3,3,4,3,.331,111,102,blancgr01
1283,,Brian Roberts,Men On,2006,124,244,630,38.7,,205,77,61,14,2,2,47,36,7,27,28,.298,.371,.415,.786,85,16,0,6,5,4,2,.328,108,101,roberbr01
1284,,Mike Cameron,Men On,2008,104,196,508,38.6,,163,54,44,11,0,10,55,17,5,26,48,.270,.374,.521,.896,85,4,3,1,3,1,0,.315,122,131,camermi01
1285,,Johnny Giavotella,Men On,2015,105,194,502,38.6,,166,50,54,10,1,3,48,2,1,12,23,.325,.362,.452,.814,75,7,1,9,6,0,3,.349,134,118,giavojo01
1286,,Curtis Granderson,Men On,2009,136,274,710,38.6,,238,70,61,9,3,9,50,20,6,29,52,.256,.339,.433,.772,103,1,2,3,2,4,1,.291,99,102,grandcu01
1287,,Tadahito Iguchi,Men On,2007,108,206,533,38.6,,175,61,47,11,1,3,37,14,2,23,33,.269,.343,.394,.737,69,6,0,2,6,1,1,.303,97,90,iguchta01
1288,,Anthony Gose,Men On,2015,108,206,535,38.5,,184,70,38,7,3,2,23,23,11,17,62,.207,.284,.310,.594,57,11,3,2,0,0,5,.300,73,60,gosean01
1289,,Kelly Johnson,Men On,2007,124,234,608,38.5,,197,81,55,11,4,6,58,9,5,32,49,.279,.379,.467,.846,92,8,1,2,2,3,4,.340,103,117,johnske05
1290,,Michael Saunders,Men On,2012,111,213,553,38.5,,191,59,48,12,2,7,45,21,4,20,43,.251,.321,.445,.766,85,6,0,1,1,0,4,.289,108,104,saundmi01
1291,,Brett Gardner,Men On,2011,119,225,588,38.3,,188,82,47,6,2,2,31,49,13,24,34,.250,.341,.335,.676,63,5,3,8,2,1,1,.292,90,86,gardnbr01
1292,,Corey Hart,Men On,2007,116,216,566,38.2,,177,68,59,10,6,6,63,23,7,18,30,.333,.408,.559,.967,99,6,9,5,7,3,3,.358,119,147,hartco01
1293,,Derek Jeter,Men On,2011,113,232,607,38.2,,200,80,61,6,3,2,57,16,6,21,26,.305,.368,.395,.763,79,10,2,4,5,0,2,.333,106,109,jeterde01
1294,,Emilio Bonifácio,Men On,2009,101,194,509,38.1,,168,72,39,4,2,1,27,21,9,12,38,.232,.285,.298,.583,50,5,2,8,4,0,5,.286,91,54,bonifem01
1295,,Jose Altuve,Men On,2014,137,269,707,38.0,,245,81,84,18,0,3,55,56,9,16,14,.343,.381,.453,.834,111,20,2,1,5,7,4,.348,101,131,altuvjo01
1296,,David DeJesus,Men On,2009,118,238,627,38.0,,209,65,67,14,5,4,62,4,9,17,32,.321,.369,.493,.862,103,10,2,5,5,0,3,.354,120,125,dejesda01
1297,,Scott Podsednik,Men On,2010,113,226,595,38.0,,192,61,64,2,2,4,49,35,15,18,28,.333,.380,.427,.807,82,10,0,10,6,1,1,.361,123,116,podsesc01
1298,,Hanley Ramírez,Men On,2007,134,268,706,38.0,,236,101,67,15,0,6,58,51,14,21,42,.284,.345,.424,.768,100,10,3,4,4,3,2,.318,65,97,ramirha01
1299,,Erick Aybar,Men On,2010,116,223,589,37.9,,195,64,52,8,4,0,24,22,8,12,36,.267,.316,.349,.665,68,7,3,11,2,1,3,.323,109,78,aybarer01
1300,,Derek Jeter,Men On,2014,121,240,634,37.9,,207,43,55,8,0,0,46,10,2,20,32,.266,.328,.304,.632,63,15,1,8,4,0,5,.307,105,77,jeterde01
1301,,Shane Victorino,Men On,2009,127,263,694,37.9,,224,96,69,15,2,4,56,25,8,27,21,.308,.386,.446,.833,100,5,4,4,4,1,5,.320,108,119,victosh01
1302,,Randy Winn,Men On,2009,130,226,597,37.9,,192,64,59,11,2,1,50,16,2,22,29,.307,.368,.401,.769,77,6,1,3,8,2,3,.341,129,103,winnra01
1303,,Orlando Cabrera,Men On,2008,143,276,730,37.8,,245,89,68,13,1,4,53,19,6,18,25,.278,.319,.388,.706,95,16,1,3,9,1,4,.284,100,84,cabreor01
1304,,Jon Jay,Men On,2011,113,190,503,37.8,,167,49,47,6,0,3,30,6,7,6,30,.281,.315,.371,.686,62,11,4,9,4,1,1,.319,79,87,jayjo02
1305,,Ángel Pagán,Men On,2012,127,249,659,37.8,,216,89,63,12,7,2,50,29,7,27,37,.292,.364,.440,.804,95,6,0,2,4,5,3,.337,108,115,paganan01
1306,,Martín Prado,Men On,2011,115,223,590,37.8,,207,55,52,8,0,2,46,4,8,12,17,.251,.288,.319,.607,66,16,0,1,3,1,8,.262,78,66,pradoma01
1307,,Freddy Sanchez,Men On,2008,121,229,608,37.7,,205,69,58,10,0,3,46,0,1,7,23,.283,.308,.376,.683,77,13,3,8,6,1,6,.297,105,78,sanchfr01
1308,,Ryan Theriot,Men On,2010,126,241,640,37.7,,213,70,54,6,2,0,27,20,9,19,31,.254,.312,.300,.612,64,13,0,7,2,3,8,.293,93,65,theriry01
1309,,Jason Bartlett,Men On,2009,113,213,567,37.6,,181,76,66,14,4,0,52,30,7,22,32,.365,.431,.486,.917,88,5,2,4,4,2,3,.431,110,141,bartlja01
1310,,Jamey Carroll,Men On,2011,108,192,510,37.6,,159,52,43,3,2,0,17,10,0,22,23,.270,.364,.314,.679,50,3,2,8,1,3,3,.314,92,88,carroja01
1311,,Brian Dozier,Men On,2013,122,234,623,37.6,,203,59,58,15,1,5,53,14,7,23,50,.286,.352,.443,.796,90,14,0,3,4,0,3,.349,120,119,doziebr01
1312,,Curtis Granderson,Men On,2006,131,255,679,37.6,,221,76,56,13,3,5,54,8,5,19,69,.253,.310,.407,.718,90,4,2,7,6,0,1,.333,86,82,grandcu01
1313,,J.J. Hardy,Men On,2014,115,214,569,37.6,,192,49,46,6,0,2,45,0,0,13,39,.240,.289,.302,.591,58,12,2,3,4,1,3,.284,75,64,hardyjj01
1314,,Adam Kennedy,Men On,2009,116,220,587,37.5,,193,58,57,13,0,4,56,20,6,17,24,.295,.353,.425,.778,82,8,2,5,3,2,4,.315,105,104,kennead01
1315,,Kazuo Matsui,Men On,2009,112,200,533,37.5,,163,52,47,8,1,5,42,19,3,17,28,.288,.348,.442,.790,72,4,0,16,4,2,0,.313,139,107,matsuka01
1316,,Jimmy Rollins,Men On,2007,143,292,778,37.5,,261,118,82,11,10,10,74,41,6,21,31,.314,.366,.548,.914,143,11,4,0,6,5,6,.319,110,132,rolliji01
1317,,Shannon Stewart,Men On,2007,125,236,630,37.5,,210,71,56,10,0,4,40,11,3,20,25,.267,.332,.371,.703,78,15,2,1,3,0,2,.283,90,81,stewash01
1318,,Erick Aybar,Men On,2011,120,226,605,37.4,,201,64,55,17,5,3,52,30,6,11,21,.274,.313,.453,.766,91,13,2,9,3,1,1,.289,105,107,aybarer01
1319,,Brian Dozier,Men On,2015,130,263,704,37.4,,226,83,58,12,1,10,59,12,4,26,46,.257,.331,.451,.782,102,10,3,0,8,2,0,.270,109,109,doziebr01
1320,,Chone Figgins,Men On,2009,141,273,729,37.4,,220,109,72,14,3,0,49,42,17,40,36,.327,.426,.418,.845,92,8,1,8,4,0,4,.383,114,124,figgich01
1321,,Kole Calhoun,Men On,2015,140,256,686,37.3,,229,59,67,11,0,7,64,4,1,19,51,.293,.346,.432,.779,99,6,2,2,4,1,0,.343,115,109,calhoko01
1322,,Stephen Drew,Men On,2008,135,247,663,37.3,,215,76,58,17,2,6,52,3,3,22,44,.270,.328,.451,.779,97,5,0,3,7,6,5,.302,88,101,drewst01
1323,,Dexter Fowler,Men On,2009,106,193,518,37.3,,146,69,38,8,3,1,31,27,10,30,35,.260,.380,.377,.757,55,4,0,14,3,1,2,.327,98,100,fowlede01
1324,,Cristian Guzmán,Men On,2008,122,228,612,37.3,,211,72,68,13,2,4,50,6,5,8,19,.322,.352,.460,.812,97,10,4,1,4,1,2,.333,107,110,guzmacr01
1325,,Juan Pierre,Men On,2011,138,265,711,37.3,,224,78,66,5,1,0,48,27,17,16,11,.295,.346,.326,.671,73,7,3,19,3,0,3,.306,105,85,pierrju01
1326,,Ben Zobrist,Men On,2014,128,244,654,37.3,,203,77,54,15,2,4,46,10,5,33,32,.266,.360,.419,.778,85,8,0,2,6,4,3,.289,108,116,zobribe01
1327,,Craig Biggio,Men On,2006,128,226,607,37.2,,196,63,43,5,0,5,46,3,2,12,26,.219,.285,.321,.606,63,15,8,5,5,1,1,.224,69,55,biggicr01
1328,,Derek Jeter,Men On,2009,136,266,716,37.2,,227,94,66,6,0,5,53,30,5,33,38,.291,.382,.383,.765,87,18,1,4,1,4,4,.330,77,102,jeterde01
1329,,Jimmy Rollins,Men On,2013,133,248,666,37.2,,213,61,66,10,0,2,35,22,6,28,26,.310,.388,.385,.773,82,12,1,3,3,6,3,.340,133,115,rolliji01
1330,,Ryan Theriot,Men On,2007,121,222,597,37.2,,191,78,51,6,0,1,43,28,4,20,14,.267,.332,.314,.646,60,12,0,8,3,1,9,.279,93,68,theriry01
1331,,Dexter Fowler,Men On,2011,114,209,563,37.1,,173,80,52,11,6,1,41,12,9,26,32,.301,.396,.451,.847,78,6,2,7,1,3,4,.362,114,131,fowlede01
1332,,Brian Giles,Men On,2007,97,205,552,37.1,,175,64,52,8,0,5,43,4,6,29,25,.297,.395,.429,.824,75,8,0,0,1,5,0,.322,113,113,gilesbr02
1333,,Skip Schumaker,Men On,2010,109,196,529,37.1,,169,65,46,5,1,4,41,5,3,19,20,.272,.345,.385,.730,65,7,2,2,4,2,1,.282,119,95,schumsk01
1334,,Carlos Gómez,Men On,2014,129,238,644,37.0,,208,78,65,12,1,6,56,34,12,18,40,.313,.384,.466,.850,97,10,8,1,3,0,2,.358,106,135,gomezca01
1335,,Austin Jackson,Men On,2015,105,195,527,37.0,,176,53,56,5,1,6,45,17,10,14,46,.318,.370,.460,.830,81,5,1,3,1,0,0,.400,139,123,jacksau01
1336,,Austin Jackson,Men On,2011,126,247,668,37.0,,202,85,48,6,3,5,40,22,5,26,65,.238,.326,.371,.697,75,11,2,14,3,3,4,.319,102,90,jacksau01
1337,,Brian Roberts,Men On,2007,134,265,716,37.0,,221,96,67,14,3,5,50,50,7,38,37,.303,.399,.462,.861,102,8,0,2,4,6,1,.339,113,121,roberbr01
1338,,Marco Scutaro,Men On,2010,129,257,695,37.0,,222,85,62,9,0,4,49,5,4,27,23,.279,.356,.374,.730,83,13,1,4,3,1,4,.293,103,96,scutama01
1339,,Jemile Weeks,Men On,2012,95,189,511,37.0,,157,52,29,6,2,0,18,16,5,20,20,.185,.272,.248,.521,39,5,0,9,3,0,0,.207,71,41,weeksje01
1340,,Mookie Betts,Men On,2015,124,241,654,36.9,,210,78,68,19,3,4,63,21,6,21,30,.324,.378,.500,.878,105,2,1,3,6,1,7,.352,115,135,bettsmo01
1341,,Desmond Jennings,Men On,2012,110,208,563,36.9,,180,73,46,7,3,1,35,31,2,20,38,.256,.332,.344,.676,62,7,1,6,1,1,0,.317,94,83,jennide01
1342,,Ryan Roberts,Men On,2011,112,204,555,36.8,,178,74,46,11,0,7,53,18,9,21,37,.258,.333,.438,.772,78,6,0,3,2,2,1,.287,100,109,roberry01
1343,,Orlando Cabrera,Men On,2010,106,197,537,36.7,,176,62,41,9,0,2,40,11,4,9,17,.233,.260,.318,.579,56,11,0,5,7,0,1,.238,76,54,cabreor01
1344,,Drew Stubbs,Men On,2011,124,250,681,36.7,,211,80,48,8,1,3,32,40,10,31,81,.227,.328,.318,.645,67,2,1,6,1,1,0,.352,90,78,stubbdr01
1345,,Reggie Willits,Men On,2007,107,190,518,36.7,,143,74,41,8,0,0,34,27,8,31,23,.287,.402,.343,.745,49,7,0,11,5,2,3,.328,103,95,willire03
1346,,Jacoby Ellsbury,Men On,2011,138,268,732,36.6,,233,99,83,20,1,12,85,39,15,22,28,.356,.413,.605,1.018,141,8,4,3,5,1,1,.359,119,175,ellsbja01
1347,,Dexter Fowler,Men On,2012,104,194,530,36.6,,161,63,55,7,4,4,44,12,5,25,40,.342,.426,.509,.935,82,5,0,6,2,1,2,.429,117,151,fowlede01
1348,,Kevin Kiermaier,Men On,2015,113,196,535,36.6,,179,56,51,6,1,4,34,18,5,12,29,.285,.330,.397,.727,71,7,1,2,2,0,4,.318,105,95,kiermke01
1349,,José Reyes,Men On,2015,95,190,519,36.6,,164,53,56,13,2,3,49,24,6,14,19,.341,.387,.500,.887,82,6,0,9,3,0,2,.366,157,137,reyesjo01
1350,,Jimmy Rollins,Men On,2011,117,231,631,36.6,,196,77,58,10,1,6,53,30,8,31,20,.296,.390,.449,.839,88,9,1,0,3,5,3,.301,128,129,rolliji01
1351,,Grady Sizemore,Men On,2007,139,274,748,36.6,,218,104,66,9,3,10,64,33,10,44,49,.303,.438,.509,.947,111,3,10,0,2,9,1,.348,123,144,sizemgr01
1352,,B.J. Upton,Men On,2014,119,213,582,36.6,,177,59,37,6,3,4,27,20,7,30,56,.209,.324,.345,.668,61,6,1,3,2,5,2,.277,117,86,uptonbj01
1353,,Rickie Weeks,Men On,2008,108,205,560,36.6,,175,78,37,6,5,3,35,19,5,20,42,.211,.304,.354,.658,62,5,5,1,4,0,2,.254,78,71,weeksri01
1354,,Johnny Damon,Men On,2006,128,245,671,36.5,,214,100,59,10,3,9,65,25,10,23,36,.276,.342,.477,.818,102,4,1,2,5,1,1,.287,94,107,damonjo01
1355,,Desmond Jennings,Men On,2014,98,198,542,36.5,,166,57,45,10,1,3,29,15,6,20,36,.271,.354,.398,.752,66,10,2,9,1,0,2,.328,116,109,jennide01
1356,,Ian Kinsler,Men On,2008,101,213,583,36.5,,176,91,61,9,1,7,60,26,2,20,28,.347,.408,.528,.936,93,12,3,7,7,1,2,.365,111,142,kinslia01
1357,,David DeJesus,Men On,2008,114,210,577,36.4,,181,62,65,10,1,4,65,11,8,21,27,.359,.417,.492,.909,89,10,0,4,4,3,1,.396,123,137,dejesda01
1358,,Rafael Furcal,Men On,2007,117,234,643,36.4,,207,82,57,11,3,1,42,25,6,21,24,.275,.341,.372,.712,77,11,1,2,3,3,2,.303,107,84,furcara02
1359,,Austin Jackson,Men On,2013,113,223,614,36.3,,194,93,54,8,2,6,43,8,4,19,45,.278,.350,.433,.783,84,12,4,3,3,0,4,.329,108,116,jacksau01
1360,,Shin-Soo Choo,Men On,2012,128,248,686,36.2,,212,76,59,14,0,4,55,21,7,29,64,.278,.379,.401,.780,85,10,6,0,1,0,1,.379,93,110,choosh01
1361,,Skip Schumaker,Men On,2008,127,215,594,36.2,,196,82,56,8,2,3,41,8,2,13,23,.286,.332,.393,.725,77,19,1,4,1,2,2,.310,89,89,schumsk01
1362,,Shane Victorino,Men On,2011,115,212,586,36.2,,180,83,49,5,4,5,49,19,3,23,27,.272,.364,.428,.792,77,4,3,6,0,1,1,.297,90,116,victosh01
1363,,Rickie Weeks,Men On,2007,97,183,506,36.2,,149,75,30,6,2,4,24,25,2,26,46,.201,.328,.349,.677,52,3,3,3,2,5,1,.257,68,75,weeksri01
1364,,Joc Pederson,Men On,2015,112,211,585,36.1,,167,46,36,6,1,5,33,4,7,39,48,.216,.364,.353,.717,59,5,1,2,2,6,0,.267,90,95,pederjo01
1365,,Jean Segura,Men On,2014,113,201,557,36.1,,176,57,41,5,1,2,28,20,9,9,21,.233,.283,.307,.590,54,13,4,10,2,5,7,.252,92,64,segurje01
1366,,Ian Desmond,Men On,2011,122,230,639,36.0,,199,58,53,11,0,1,42,25,10,14,55,.266,.311,.337,.647,67,9,1,11,5,2,2,.351,99,77,desmoia01
1367,,Austin Jackson,Men On,2012,119,222,617,36.0,,193,92,51,14,0,5,55,12,9,22,48,.264,.341,.415,.755,80,9,2,2,3,0,1,.322,77,102,jacksau01
1368,,Jace Peterson,Men On,2015,117,215,597,36.0,,178,53,48,8,4,4,50,12,10,25,37,.270,.361,.427,.788,76,5,2,7,3,4,0,.314,142,112,peterja01
1369,,José Reyes,Men On,2014,127,236,655,36.0,,217,88,63,11,1,3,45,30,2,13,28,.290,.325,.392,.716,85,4,0,2,4,1,5,.316,98,98,reyesjo01
1370,,Alfonso Soriano,Men On,2006,139,262,728,36.0,,212,89,58,10,2,16,65,41,17,42,57,.274,.396,.566,.962,120,3,3,2,3,16,2,.296,114,142,soriaal01
1371,,Jason Bartlett,Men On,2011,120,222,618,35.9,,191,59,48,6,2,0,38,23,10,18,28,.251,.313,.304,.617,58,13,2,5,6,0,1,.284,101,70,bartlja01
1372,,Rafael Furcal,Men On,2009,125,244,680,35.9,,216,86,55,6,0,3,41,12,6,23,27,.255,.324,.324,.648,70,11,0,3,2,2,5,.277,83,71,furcara02
1373,,Ian Kinsler,Men On,2009,125,230,640,35.9,,195,82,59,14,3,12,67,31,5,24,33,.303,.374,.590,.964,115,9,2,3,6,0,3,.301,135,150,kinslia01
1374,,Kole Calhoun,Men On,2014,99,192,537,35.8,,175,79,51,15,0,7,48,5,3,13,36,.291,.337,.497,.834,87,5,0,2,2,0,0,.328,114,128,calhoko01
1375,,David DeJesus,Men On,2007,128,252,703,35.8,,208,97,63,14,1,3,54,10,4,22,23,.303,.392,.423,.815,88,10,11,7,4,7,2,.323,125,110,dejesda01
1376,,Nyjer Morgan,Men On,2009,96,191,533,35.8,,164,73,51,3,4,2,38,42,17,10,29,.311,.348,.415,.763,68,9,2,10,5,2,0,.355,101,100,morgany01
1377,,Alfonso Soriano,Men On,2009,102,187,522,35.8,,166,54,42,7,0,10,45,9,2,18,42,.253,.326,.476,.802,79,7,1,0,2,6,2,.276,120,108,soriaal01
1378,,Rickie Weeks,Men On,2010,136,270,754,35.8,,225,91,61,9,1,8,62,11,4,33,57,.271,.385,.427,.812,96,5,10,0,2,0,1,.327,97,117,weeksri01
1379,,Denard Span,Men On,2010,133,252,705,35.7,,222,82,62,9,6,0,55,26,4,17,19,.279,.331,.374,.704,83,12,1,10,2,0,3,.302,108,88,spande01
1380,,Drew Stubbs,Men On,2012,112,194,544,35.7,,174,65,31,4,1,4,30,30,7,12,60,.178,.234,.282,.516,49,2,1,6,1,0,2,.243,69,38,stubbdr01
1381,,Ichiro Suzuki,Men On,2007,134,263,736,35.7,,225,106,85,6,2,1,63,37,8,30,25,.378,.452,.436,.887,98,7,2,4,2,13,1,.418,115,131,suzukic01
1382,,Jose Altuve,Men On,2015,136,245,689,35.6,,217,76,66,14,0,5,56,38,13,15,21,.304,.351,.438,.789,95,17,4,3,6,8,4,.310,95,112,altuvjo01
1383,,Coco Crisp,Men On,2014,99,191,536,35.6,,155,61,44,6,2,2,40,19,5,29,25,.284,.384,.387,.771,60,3,0,1,6,2,4,.313,121,115,crispco01
1384,,Brett Lawrie,Men On,2012,104,191,536,35.6,,174,67,51,6,0,5,42,13,8,10,23,.293,.339,.414,.752,72,9,3,2,2,0,3,.311,107,102,lawribr01
1385,,Desmond Jennings,Men On,2013,112,214,602,35.5,,181,73,52,11,4,5,45,20,8,23,40,.287,.365,.475,.840,86,6,2,3,5,0,1,.333,124,131,jennide01
1386,,B.J. Upton,Men On,2009,121,222,626,35.5,,190,72,52,16,1,4,48,42,14,25,59,.274,.356,.432,.788,82,7,1,3,3,0,0,.369,130,107,uptonbj01
1387,,Coco Crisp,Men On,2013,113,207,584,35.4,,168,77,38,5,1,6,50,21,5,29,20,.226,.327,.375,.702,63,7,0,2,8,3,2,.213,82,94,crispco01
1388,,Jacoby Ellsbury,Men On,2013,116,225,636,35.4,,198,84,64,13,3,1,45,52,4,19,23,.323,.385,.434,.819,86,12,2,1,2,3,1,.358,110,127,ellsbja01
1389,,Kenny Lofton,Men On,2007,111,198,559,35.4,,163,82,45,2,2,3,34,23,7,24,16,.276,.359,.368,.727,60,6,0,6,5,1,3,.282,87,88,loftoke01
1390,,Gregory Polanco,Men On,2015,126,231,652,35.4,,192,75,53,11,1,1,44,27,10,35,41,.276,.387,.359,.746,69,5,1,1,2,6,5,.342,115,103,polangr01
1391,,Brian Roberts,Men On,2009,140,254,717,35.4,,216,103,70,19,1,9,72,30,7,29,37,.324,.391,.546,.938,118,7,0,1,8,3,2,.343,131,144,roberbr01
1392,,Denard Span,Men On,2012,104,201,568,35.4,,172,69,52,14,0,2,39,17,6,24,24,.302,.386,.419,.804,72,10,0,4,1,0,5,.340,119,117,spande01
1393,,Chris Young,Men On,2007,120,221,624,35.4,,193,60,40,11,1,7,43,27,6,19,51,.207,.282,.383,.665,74,5,3,1,5,1,1,.236,78,70,youngch04
1394,,Emilio Bonifácio,Men On,2011,121,226,641,35.3,,191,76,51,7,1,3,34,40,11,18,49,.267,.326,.361,.687,69,4,1,11,5,1,0,.333,82,88,bonifem01
1395,,Curtis Granderson,Men On,2008,116,222,629,35.3,,193,96,58,8,6,6,50,12,4,24,33,.301,.385,.497,.882,96,7,3,1,1,1,2,.335,106,128,grandcu01
1396,,Felipe López,Men On,2007,127,236,671,35.2,,202,63,44,8,3,2,43,24,9,23,38,.218,.290,.317,.607,64,11,0,5,6,1,5,.250,84,57,lopezfe01
1397,,José Reyes,Men On,2012,125,252,716,35.2,,215,79,63,10,4,4,50,40,11,26,12,.293,.360,.433,.793,93,10,0,5,6,9,3,.288,104,112,reyesjo01
1398,,José Reyes,Men On,2007,143,269,765,35.2,,231,109,63,10,5,3,48,78,21,31,20,.273,.360,.398,.758,92,6,1,5,1,13,3,.287,96,95,reyesjo01
1399,,Dee Strange-Gordon,Men On,2014,121,229,650,35.2,,210,89,66,10,4,1,33,64,19,11,35,.314,.350,.414,.764,87,3,2,3,3,0,2,.367,117,111,gordode01
1400,,Craig Biggio,Men On,2007,107,195,555,35.1,,172,61,40,10,1,3,43,4,3,10,34,.233,.271,.355,.626,61,5,1,7,5,0,1,.264,88,60,biggicr01
1401,,Chone Figgins,Men On,2006,131,240,683,35.1,,212,87,60,5,4,3,56,52,16,15,33,.283,.323,.387,.710,82,6,1,5,7,1,4,.311,99,81,figgich01
1402,,Randy Winn,Men On,2006,126,223,635,35.1,,189,72,46,10,3,2,47,10,8,23,17,.243,.332,.360,.692,68,7,4,3,4,3,3,.253,93,77,winnra01
1403,,Elvis Andrus,Men On,2010,122,236,674,35.0,,192,88,65,5,2,0,35,32,15,27,29,.339,.420,.385,.806,74,6,0,17,0,0,4,.399,151,117,andruel01
1404,,Jimmy Rollins,Men On,2008,114,219,625,35.0,,179,72,58,13,4,7,55,47,3,32,15,.324,.426,.559,.985,100,11,2,3,3,7,2,.319,150,155,rolliji01
1405,,Shane Victorino,Men On,2010,116,227,648,35.0,,197,73,57,11,6,7,58,34,6,27,28,.289,.379,.513,.892,101,6,2,0,1,4,2,.307,136,136,victosh01
1406,,Charlie Blackmon,Men On,2014,122,226,648,34.9,,196,67,58,9,1,4,57,28,10,13,24,.296,.350,.413,.763,81,3,6,6,5,5,0,.312,98,111,blackch02
1407,,Rubén Tejada,Men On,2012,93,175,501,34.9,,158,52,42,6,0,0,24,4,4,11,25,.266,.314,.304,.618,48,9,1,3,2,0,2,.311,81,68,tejadru01
1408,,Kosuke Fukudome,Men On,2011,118,209,603,34.7,,164,52,45,9,2,1,28,4,6,34,42,.274,.404,.372,.776,61,8,3,6,2,4,2,.358,119,114,fukudko01
1409,,Marcus Giles,Men On,2006,114,217,626,34.7,,184,80,58,13,0,4,53,10,5,23,31,.315,.392,.451,.843,83,12,2,5,3,0,1,.355,132,115,gilesma01
1410,,Andrés Torres,Men On,2010,109,198,570,34.7,,170,74,54,17,3,6,53,26,7,22,44,.318,.399,.559,.958,95,10,1,5,0,2,2,.400,133,153,torrean02
1411,,Yunel Escobar,Men On,2011,107,204,590,34.6,,169,70,50,10,0,4,41,3,3,21,25,.296,.377,.426,.803,72,14,4,5,5,1,4,.317,105,119,escobyu01
1412,,Scott Podsednik,Men On,2009,110,203,587,34.6,,180,68,54,4,2,0,41,30,13,14,23,.300,.350,.344,.695,62,8,1,6,2,1,0,.340,83,84,podsesc01
1413,,Derek Jeter,Men On,2012,126,255,740,34.5,,219,87,71,9,0,3,46,9,4,27,31,.324,.402,.406,.808,89,24,2,6,1,1,0,.366,106,119,jeterde01
1414,,Grady Sizemore,Men On,2006,140,259,751,34.5,,218,112,57,12,3,6,54,22,6,32,56,.261,.360,.427,.787,93,2,4,1,4,8,4,.319,76,100,sizemgr01
1415,,Dustin Ackley,Men On,2012,125,230,668,34.4,,198,77,47,6,1,5,43,13,3,30,37,.237,.336,.354,.690,70,3,0,1,1,7,5,.268,122,86,ackledu01
1416,,Michael Bourn,Men On,2008,98,177,514,34.4,,150,54,30,2,1,2,26,41,10,17,39,.200,.288,.267,.555,40,3,2,7,1,0,2,.255,89,46,bournmi01
1417,,Matt Carpenter,Men On,2015,130,229,665,34.4,,193,86,61,12,0,13,69,4,3,31,43,.316,.406,.580,.986,112,5,1,0,4,5,1,.340,126,162,carpema01
1418,,Reed Johnson,Men On,2006,104,178,517,34.4,,161,79,50,10,1,5,42,8,2,8,31,.311,.367,.478,.845,77,9,7,1,1,4,3,.357,94,114,johnsre02
1419,,Ichiro Suzuki,Men On,2011,139,248,721,34.4,,216,75,58,8,1,0,42,40,7,27,21,.269,.344,.315,.659,68,11,0,1,4,13,3,.291,105,82,suzukic01
1420,,Willy Taveras,Men On,2006,108,202,587,34.4,,175,82,48,9,2,0,29,33,9,8,26,.274,.325,.349,.673,61,6,6,11,2,0,3,.318,101,73,taverwi01
1421,,Juan Pierre,Men On,2010,138,252,734,34.3,,218,95,60,6,3,0,46,68,18,11,16,.275,.325,.330,.655,72,8,6,15,2,0,2,.294,100,76,pierrju01
1422,,Ichiro Suzuki,Men On,2008,143,257,749,34.3,,223,99,75,7,1,2,38,43,4,25,23,.336,.402,.404,.805,90,8,2,3,4,12,5,.361,116,111,suzukic01
1423,,Erick Aybar,Men On,2015,127,218,638,34.2,,193,72,50,9,1,1,42,15,6,11,23,.259,.299,.332,.630,64,12,2,7,5,1,3,.282,98,70,aybarer01
1424,,Fred Lewis,Men On,2008,102,178,521,34.2,,154,73,45,9,4,1,32,21,7,22,41,.292,.376,.422,.798,65,5,0,0,2,3,1,.386,103,108,lewisfr02
1425,,Alfonso Soriano,Men On,2007,116,211,617,34.2,,189,74,49,14,0,10,47,19,6,18,52,.259,.322,.492,.814,93,9,1,0,3,4,1,.300,83,106,soriaal01
1426,,David DeJesus,Men On,2006,102,188,552,34.1,,156,76,48,12,3,1,49,6,3,22,22,.308,.398,.442,.840,69,10,4,2,4,4,2,.343,108,115,dejesda01
1427,,Austin Jackson,Men On,2010,118,230,675,34.1,,200,100,52,10,2,1,38,27,6,24,65,.260,.335,.345,.680,69,5,0,3,3,4,4,.372,83,83,jacksau01
1428,,Ian Kinsler,Men On,2012,131,249,731,34.1,,218,91,57,18,3,5,58,21,9,22,25,.261,.331,.440,.771,96,14,3,1,5,0,1,.269,106,105,kinslia01
1429,,Jason Kipnis,Men On,2015,116,218,641,34.0,,180,79,54,13,1,2,45,12,8,24,30,.300,.383,.417,.800,75,5,4,4,6,6,2,.338,95,116,kipnija01
1430,,José Reyes,Men On,2010,112,205,603,34.0,,185,74,51,12,5,2,45,30,10,12,23,.276,.318,.427,.745,79,8,1,4,3,4,2,.301,99,97,reyesjo01
1431,,Skip Schumaker,Men On,2009,114,199,586,34.0,,171,83,52,7,0,2,33,2,2,26,21,.304,.394,.380,.774,65,4,0,1,1,2,5,.336,105,105,schumsk01
1432,,Chris Coghlan,Men On,2009,104,191,565,33.8,,161,79,55,8,1,4,42,8,5,23,27,.342,.431,.478,.909,77,3,3,3,1,2,0,.389,114,139,coghlch01
1433,,Adam Eaton,Men On,2015,124,233,689,33.8,,204,89,65,9,2,5,47,18,8,18,40,.319,.382,.456,.837,93,5,4,5,2,2,1,.373,112,125,eatonad02
1434,,Ben Revere,Men On,2015,119,214,634,33.8,,191,82,55,9,3,0,43,31,7,14,19,.288,.335,.366,.701,70,5,1,5,3,0,3,.314,95,89,reverbe01
1435,,Jimmy Rollins,Men On,2009,127,245,725,33.8,,224,89,59,18,1,10,66,31,8,13,21,.263,.300,.487,.787,109,7,1,2,5,1,2,.247,117,104,rolliji01
1436,,Jimmy Rollins,Men On,2006,133,256,758,33.8,,225,112,68,16,6,10,68,36,4,20,29,.302,.359,.560,.919,126,12,4,0,7,2,3,.301,125,130,rolliji01
1437,,Denard Span,Men On,2013,127,224,662,33.8,,200,72,55,12,5,1,44,20,6,15,28,.275,.327,.400,.727,80,11,1,7,1,0,5,.314,105,101,spande01
1438,,Ichiro Suzuki,Men On,2006,140,254,752,33.8,,221,105,64,3,0,4,44,45,2,28,24,.290,.372,.357,.729,79,2,2,1,2,16,6,.308,86,88,suzukic01
1439,,Willy Taveras,Men On,2008,99,182,538,33.8,,152,63,35,5,1,0,25,68,7,9,24,.230,.281,.276,.558,42,4,3,15,3,0,4,.267,85,46,taverwi01
1440,,Dexter Fowler,Men On,2010,88,170,505,33.7,,143,70,48,9,4,3,33,13,8,18,32,.336,.417,.517,.935,74,5,2,7,0,0,0,.417,146,149,fowlede01
1441,,Felipe López,Men On,2009,132,229,680,33.7,,191,82,58,11,0,3,51,6,6,34,28,.304,.408,.408,.816,78,5,1,1,2,4,2,.340,102,116,lopezfe01
1442,,Curtis Granderson,Men On,2007,124,227,676,33.6,,196,101,54,12,11,2,53,26,1,21,53,.276,.351,.480,.831,94,3,3,5,2,3,1,.364,84,112,grandcu01
1443,,Akinori Iwamura,Men On,2008,126,237,707,33.5,,197,87,51,11,3,2,44,8,6,30,36,.259,.363,.376,.739,74,2,4,3,3,3,4,.302,103,94,iwamuak01
1444,,Manny Machado,Men On,2015,136,239,713,33.5,,208,76,61,11,0,9,60,20,8,24,34,.293,.363,.476,.839,99,17,1,2,4,2,1,.308,96,124,machama01
1445,,Gary Matthews,Men On,2006,122,231,690,33.5,,200,90,63,16,4,7,67,10,7,22,21,.315,.372,.540,.912,108,8,1,0,8,5,2,.311,109,130,matthga02
1446,,Ichiro Suzuki,Men On,2009,125,227,678,33.5,,203,82,73,7,0,5,40,26,9,20,21,.360,.418,.468,.886,95,1,1,2,1,15,2,.382,109,133,suzukic01
1447,,Mike Trout,Men On,2012,117,214,639,33.5,,180,108,55,6,4,9,62,49,5,26,44,.306,.383,.533,.917,96,7,1,0,7,4,2,.343,91,143,troutmi01
1448,,Marco Scutaro,Men On,2009,119,227,680,33.4,,182,93,55,10,0,5,53,14,5,31,20,.302,.396,.440,.836,80,12,2,5,7,0,1,.305,112,120,scutama01
1449,,Matt Carpenter,Men On,2014,125,236,709,33.3,,193,94,52,10,1,3,54,5,3,30,36,.269,.359,.378,.737,73,3,2,2,9,2,4,.301,97,105,carpema01
1450,,Adam Eaton,Men On,2014,100,179,538,33.3,,154,75,52,13,1,0,34,15,9,19,25,.338,.412,.435,.847,67,4,2,2,2,0,3,.397,122,136,eatonad02
1451,,Jason Heyward,Men On,2014,119,216,649,33.3,,191,66,54,4,2,3,50,20,4,21,30,.283,.352,.372,.724,71,2,1,0,3,3,1,.317,97,101,heywaja01
1452,,José Reyes,Men On,2006,127,234,703,33.3,,210,113,66,5,8,10,72,64,17,22,32,.314,.379,.557,.936,117,6,0,2,0,6,2,.333,121,135,reyesjo01
1453,,Luis Castillo,Men On,2007,114,204,615,33.2,,169,90,50,2,1,0,37,19,6,21,12,.296,.370,.320,.689,54,5,0,12,2,0,6,.314,91,80,castilu01
1454,,Nick Markakis,Men On,2014,126,236,710,33.2,,208,73,50,9,0,6,42,4,2,24,31,.240,.322,.370,.692,77,10,2,0,2,4,1,.254,90,92,markani01
1455,,Jacoby Ellsbury,Men On,2015,91,166,501,33.1,,146,60,33,3,0,1,27,21,9,13,23,.226,.297,.267,.564,39,6,3,1,3,1,4,.256,71,54,ellsbja01
1456,,Jamey Carroll,Men On,2006,97,176,534,33.0,,145,79,39,8,3,0,31,10,12,16,21,.269,.347,.366,.713,53,10,3,9,3,1,1,.307,83,83,carroja01
1457,,Michael Bourn,Men On,2012,121,231,703,32.9,,195,91,51,7,3,4,52,42,13,28,49,.262,.354,.390,.743,76,2,2,2,4,1,3,.322,102,100,bournmi01
1458,,Alcides Escobar,Men On,2015,124,218,662,32.9,,197,73,53,8,2,0,44,17,5,4,17,.269,.280,.330,.610,65,10,1,11,5,1,2,.286,99,64,escobal02
1459,,Chone Figgins,Men On,2008,96,171,520,32.9,,144,71,40,4,1,0,21,34,13,24,24,.278,.385,.319,.704,46,7,1,2,0,3,1,.333,105,86,figgich01
1460,,Brett Gardner,Men On,2014,117,209,636,32.9,,168,73,49,6,2,4,45,21,5,20,34,.292,.362,.423,.785,71,3,2,13,6,0,2,.331,111,117,gardnbr01
1461,,Nyjer Morgan,Men On,2010,108,190,577,32.9,,158,60,41,7,1,0,24,34,17,10,27,.259,.314,.316,.631,50,2,4,15,3,1,2,.306,99,69,morgany01
1462,,Hanley Ramírez,Men On,2008,127,228,693,32.9,,178,103,49,7,1,11,45,35,12,42,40,.275,.417,.511,.928,91,5,4,0,4,9,1,.290,99,141,ramirha01
1463,,David Eckstein,Men On,2006,101,181,552,32.8,,158,66,47,5,0,0,21,7,6,10,12,.297,.360,.329,.689,52,7,7,3,3,0,4,.315,99,78,eckstda01
1464,,Scott Podsednik,Men On,2006,110,194,592,32.8,,167,85,43,4,2,2,44,40,19,14,23,.257,.312,.341,.653,57,7,1,8,4,1,2,.281,91,67,podsesc01
1465,,Jose Altuve,Men On,2012,113,206,630,32.7,,183,75,56,7,1,2,32,33,11,12,15,.306,.351,.388,.739,71,8,3,4,4,0,5,.318,101,99,altuvjo01
1466,,Akinori Iwamura,Men On,2007,101,183,559,32.7,,157,78,43,8,2,3,30,12,8,17,32,.274,.335,.408,.743,64,2,0,4,5,0,1,.315,93,91,iwamuak01
1467,,Dave Roberts,Men On,2006,105,185,567,32.6,,154,79,47,9,3,1,43,49,6,17,17,.305,.367,.422,.789,65,5,1,7,5,2,1,.326,109,101,roberda07
1468,,Dee Strange-Gordon,Men On,2015,119,212,653,32.5,,191,86,64,9,2,2,44,58,20,9,33,.335,.359,.435,.794,83,6,1,6,5,2,4,.385,104,113,gordode01
1469,,Michael Bourn,Men On,2011,128,234,722,32.4,,202,92,61,10,2,0,48,61,14,21,42,.302,.367,.371,.738,75,6,2,5,4,3,4,.372,101,103,bournmi01
1470,,Michael Bourn,Men On,2013,103,186,575,32.3,,161,70,43,7,3,1,45,23,12,17,36,.267,.331,.366,.698,59,2,0,5,3,0,0,.331,106,93,bournmi01
1471,,Brett Gardner,Men On,2013,109,197,609,32.3,,167,76,52,5,6,3,47,24,8,16,36,.311,.379,.467,.846,78,8,4,7,3,1,2,.374,122,133,gardnbr01
1472,,Ben Revere,Men On,2014,118,202,626,32.3,,184,69,58,5,1,0,26,49,8,8,12,.315,.349,.353,.702,65,11,2,7,1,1,2,.335,105,96,reverbe01
1473,,Shin-Soo Choo,Men On,2013,125,229,712,32.2,,172,90,46,12,0,4,37,20,11,43,45,.267,.434,.407,.841,70,3,9,3,2,5,2,.336,91,135,choosh01
1474,,Rafael Furcal,Men On,2006,132,237,736,32.2,,201,102,62,6,5,4,52,37,13,27,28,.308,.388,.448,.836,90,7,1,5,3,3,1,.337,106,113,furcara02
1475,,Billy Hamilton,Men On,2014,117,197,611,32.2,,175,68,50,12,5,2,44,56,23,9,31,.286,.314,.446,.760,78,1,0,9,4,0,2,.329,133,108,hamilbi02
1476,,José Reyes,Men On,2008,134,244,763,32.0,,201,102,55,6,6,5,57,56,15,34,14,.274,.377,.438,.814,88,9,1,5,3,8,5,.270,98,112,reyesjo01
1477,,Brian Roberts,Men On,2008,125,225,704,32.0,,182,100,56,17,5,2,50,40,10,33,35,.308,.405,.489,.894,89,8,1,3,6,3,3,.358,116,132,roberbr01
1478,,Ichiro Suzuki,Men On,2010,140,234,732,32.0,,206,70,62,8,1,2,39,42,9,21,22,.301,.372,.379,.751,78,3,3,3,1,13,4,.328,100,102,suzukic01
1479,,Michael Bourn,Men On,2009,127,216,678,31.9,,180,95,49,8,6,1,33,61,12,28,45,.272,.370,.400,.770,72,1,1,5,2,1,3,.353,109,103,bournmi01
1480,,Shin-Soo Choo,Men On,2014,97,169,529,31.9,,138,46,29,7,0,1,28,3,4,22,40,.210,.331,.283,.614,39,9,5,0,4,3,1,.277,73,73,choosh01
1481,,Coco Crisp,Men On,2012,94,162,508,31.9,,139,58,44,12,3,1,36,39,4,15,11,.317,.378,.468,.846,65,9,0,6,2,0,1,.333,128,126,crispco01
1482,,Dexter Fowler,Men On,2015,126,220,690,31.9,,184,88,42,8,3,3,32,20,7,28,45,.228,.335,.353,.688,65,4,3,2,3,1,2,.281,83,86,fowlede01
1483,,Nori Aoki,Men On,2012,113,187,588,31.8,,153,73,46,11,0,2,42,30,8,20,19,.301,.378,.412,.790,63,6,2,7,5,1,5,.321,102,113,aokino01
1484,,Alejandro De Aza,Men On,2012,109,186,585,31.8,,161,75,42,6,2,3,44,26,12,18,28,.261,.341,.379,.720,61,1,2,4,1,3,1,.298,90,94,deazaal01
1485,,Zack Cozart,Men On,2012,109,190,600,31.7,,178,59,39,11,0,2,22,4,0,7,39,.219,.245,.315,.559,56,11,0,2,3,0,5,.264,64,50,cozarza01
1486,,Johnny Damon,Men On,2008,110,197,623,31.6,,169,88,54,6,1,10,64,29,8,25,23,.320,.405,.544,.950,92,5,0,2,1,0,4,.321,126,145,damonjo01
1487,,Denard Span,Men On,2014,122,211,668,31.6,,189,90,59,11,1,2,34,31,7,14,22,.312,.361,.413,.773,78,6,2,3,3,1,1,.339,101,114,spande01
1488,,Josh Harrison,Men On,2014,106,173,550,31.5,,162,68,60,15,1,4,43,18,7,5,22,.370,.392,.549,.941,89,6,2,2,2,1,1,.406,125,158,harrijo05
1489,,Billy Burns,Men On,2015,106,174,555,31.4,,163,66,51,6,4,1,38,26,8,7,27,.313,.341,.417,.758,68,5,1,1,2,1,1,.365,109,103,burnsbi02
1490,,Christian Yelich,Men On,2014,109,207,660,31.4,,177,87,46,6,2,3,48,21,7,24,39,.260,.348,.367,.715,65,9,1,3,2,3,2,.314,87,99,yelicch01
1491,,Eric Young Jr.,Men On,2013,110,188,598,31.4,,165,70,33,6,2,2,32,46,11,12,25,.200,.253,.297,.550,49,6,0,10,1,1,0,.223,70,52,younger03
1492,,Ryan Freel,Men On,2006,96,163,523,31.2,,136,60,31,8,0,1,20,37,11,21,30,.228,.344,.309,.653,42,5,3,3,0,0,1,.286,72,69,freelry01
1493,,Jimmy Rollins,Men On,2012,130,218,699,31.2,,188,88,49,12,2,9,54,30,5,25,28,.261,.343,.489,.832,92,9,0,2,3,2,5,.260,123,121,rolliji01
1494,,Matt Carpenter,Men On,2013,126,223,717,31.1,,181,117,71,16,4,2,69,3,3,29,29,.392,.468,.558,1.026,101,4,3,3,7,1,1,.439,135,183,carpema01
1495,,David DeJesus,Men On,2012,109,181,582,31.1,,151,70,35,6,2,3,44,7,8,21,25,.232,.330,.358,.687,54,9,3,2,4,1,3,.252,83,85,dejesda01
1496,,Rickie Weeks,Men On,2011,95,160,515,31.1,,137,64,30,9,0,7,36,9,2,16,37,.219,.308,.438,.746,60,6,3,1,3,3,0,.240,82,102,weeksri01
1497,,Ender Inciarte,Men On,2015,99,174,561,31.0,,161,68,48,7,1,1,40,21,10,5,16,.298,.314,.373,.687,60,8,1,2,5,0,2,.315,84,85,inciaen01
1498,,Nate McLouth,Men On,2013,107,184,593,31.0,,165,69,39,6,0,5,29,30,7,14,33,.236,.294,.364,.658,60,7,0,4,1,1,3,.266,81,81,mclouna01
1499,,Andrew McCutchen,Men On,2010,125,202,653,30.9,,168,79,53,11,1,1,41,33,10,25,31,.315,.393,.411,.804,69,6,1,1,7,1,4,.364,99,116,mccutan01
1500,,Michael Bourn,Men On,2010,115,186,605,30.7,,156,82,38,10,2,0,36,52,12,22,33,.244,.333,.333,.667,52,6,0,6,2,5,2,.304,94,79,bournmi01
1501,,Hanley Ramírez,Men On,2006,127,215,700,30.7,,191,105,55,11,2,3,45,51,15,16,41,.288,.343,.414,.756,79,7,1,5,2,0,3,.349,83,93,ramirha01
1502,,José Reyes,Men On,2011,99,180,586,30.7,,152,93,47,8,5,0,37,39,7,22,9,.309,.388,.428,.815,65,5,0,2,4,9,0,.320,88,123,reyesjo01
1503,,Alejandro De Aza,Men On,2013,120,204,675,30.2,,178,73,49,9,2,6,51,20,8,14,49,.275,.318,.449,.768,80,8,0,6,6,1,1,.333,109,110,deazaal01
1504,,Curtis Granderson,Men On,2015,122,205,682,30.1,,169,80,50,11,0,8,52,11,6,30,38,.296,.400,.503,.903,85,3,2,0,4,3,0,.331,120,142,grandcu01
1505,,Charlie Blackmon,Men On,2015,119,196,682,28.7,,172,81,53,7,4,5,46,43,13,14,26,.308,.356,.483,.839,83,4,1,5,4,2,2,.331,110,124,blackch02
1506,,Nori Aoki,Men On,2013,118,193,674,28.6,,162,72,41,6,1,0,29,20,12,17,8,.253,.330,.302,.632,49,9,3,8,3,1,5,.261,74,77,aokino01
1507,,Juan Pierre,Men On,2006,123,214,750,28.5,,191,84,49,9,3,0,37,58,20,9,12,.257,.299,.335,.634,64,6,3,10,1,0,2,.272,77,62,pierrju01
1508,,Starling Marte,Men On,2013,96,157,566,27.7,,135,75,35,8,1,4,27,41,15,7,37,.259,.331,.422,.753,57,6,8,6,1,2,3,.326,92,107,martest01