Rk,I,Player,Split,Year,G,PA,PAtot,%,GS,AB,R,H,2B,3B,HR,RBI,SB,CS,BB,SO,BA,OBP,SLG,OPS,TB,GDP,HBP,SH,SF,IBB,ROE,BAbip,tOPS+,sOPS+,Player-additional
1,,José Bautista,Batting 3rd,2011,149,655,655,100.0,149,513,105,155,24,2,43,103,9,5,132,111,.302,.447,.608,1.056,312,8,6,0,4,24,8,.309,100,161,bautijo02
2,,Miguel Cabrera,Batting 3rd,2012,161,697,697,100.0,161,622,109,205,40,0,44,139,4,1,66,98,.330,.393,.606,.999,377,28,3,0,6,17,4,.331,100,143,cabremi01
3,,Miguel Cabrera,Batting 4th,2010,150,648,648,100.0,150,548,111,180,45,1,38,126,3,3,89,95,.328,.420,.622,1.042,341,17,3,0,8,32,5,.336,100,156,cabremi01
4,,Robinson Canó,Batting 3rd,2014,157,665,665,100.0,157,595,77,187,37,2,14,82,10,3,61,68,.314,.382,.454,.836,270,19,6,0,3,20,4,.335,100,110,canoro01
5,,Alejandro De Aza,Batting 1st,2012,129,585,585,100.0,127,524,80,147,29,6,9,50,26,12,47,109,.281,.349,.410,.760,215,1,9,4,1,3,4,.339,100,113,deazaal01
6,,Adam Eaton,Batting 1st,2014,123,538,538,100.0,123,486,76,146,26,10,1,35,15,9,43,83,.300,.362,.401,.763,195,4,5,2,2,0,8,.359,100,114,eatonad02
7,,Jacoby Ellsbury,Batting 1st,2013,134,636,636,100.0,134,577,92,172,31,8,9,53,52,4,47,92,.298,.355,.426,.781,246,12,5,1,2,3,2,.341,100,117,ellsbja01
8,,Prince Fielder,Batting 4th,2012,162,690,690,100.0,162,581,83,182,33,1,30,108,1,0,85,84,.313,.412,.528,.940,307,19,17,0,7,18,5,.321,100,133,fieldpr01
9,,Prince Fielder,Batting 4th,2011,162,692,692,100.0,162,569,95,170,36,1,38,120,1,1,107,106,.299,.415,.566,.981,322,17,10,0,6,32,6,.306,100,147,fieldpr01
10,,Prince Fielder,Batting 4th,2009,162,719,719,100.0,162,591,103,177,35,3,46,141,2,3,110,138,.299,.412,.602,1.014,356,14,9,0,9,21,6,.315,100,145,fieldpr01
11,,Chone Figgins,Batting 1st,2009,158,729,729,100.0,158,615,114,183,30,7,5,54,42,17,101,114,.298,.395,.393,.789,242,8,1,8,4,0,9,.356,100,110,figgich01
12,,Freddie Freeman,Batting 3rd,2014,162,708,708,100.0,162,607,93,175,43,4,18,78,3,4,90,145,.288,.386,.461,.847,280,18,8,0,3,4,2,.351,100,113,freemfr01
13,,Josh Hamilton,Batting 3rd,2011,121,538,538,100.0,120,487,80,145,31,5,25,94,8,1,39,93,.298,.346,.536,.882,261,8,2,0,10,13,7,.317,100,116,hamiljo03
14,,Aaron Hill,Batting 2nd,2009,158,734,734,100.0,157,682,103,195,37,0,36,108,6,2,42,98,.286,.330,.499,.829,340,17,5,1,4,1,10,.288,100,118,hillaa01
15,,Orlando Hudson,Batting 2nd,2010,126,559,559,100.0,126,497,80,133,24,5,6,37,10,3,50,87,.268,.338,.372,.710,185,14,4,5,3,0,5,.312,100,95,hudsoor01
16,,Austin Jackson,Batting 1st,2013,129,614,614,100.0,127,552,99,150,30,7,12,49,8,4,52,129,.272,.337,.417,.754,230,12,4,3,3,0,8,.333,100,109,jacksau01
17,,Ian Kinsler,Batting 1st,2012,157,731,731,100.0,157,655,105,168,42,5,19,72,21,9,60,90,.256,.326,.423,.749,277,14,10,1,5,0,4,.270,100,109,kinslia01
18,,Carlos Lee,Batting 4th,2009,160,662,662,100.0,160,610,65,183,35,1,26,102,5,3,41,51,.300,.343,.489,.831,298,21,3,0,8,5,8,.290,100,101,leeca01
19,,Andrew McCutchen,Batting 3rd,2014,146,648,648,100.0,146,548,89,172,38,6,25,83,18,3,84,115,.314,.410,.542,.952,297,9,10,0,6,8,5,.355,100,138,mccutan01
20,,Justin Morneau,Batting 4th,2008,163,712,712,100.0,163,623,97,187,47,4,23,129,0,1,76,85,.300,.374,.499,.873,311,20,3,0,10,16,7,.312,100,108,morneju01
21,,Albert Pujols,Batting 3rd,2014,159,695,695,100.0,159,633,89,172,37,1,28,105,5,1,48,71,.272,.324,.466,.790,295,28,5,0,9,11,11,.265,100,96,pujolal01
22,,Albert Pujols,Batting 3rd,2012,154,670,670,100.0,154,607,85,173,50,0,30,105,8,1,52,76,.285,.343,.516,.859,313,19,5,0,6,16,5,.282,100,109,pujolal01
23,,José Reyes,Batting 1st,2008,159,763,763,100.0,159,688,113,204,37,19,16,68,56,15,66,82,.297,.358,.475,.833,327,9,1,5,3,8,8,.317,100,118,reyesjo01
24,,José Reyes,Batting 1st,2007,160,765,765,100.0,160,681,119,191,36,12,12,57,78,21,77,78,.280,.354,.421,.775,287,6,1,5,1,13,10,.302,100,104,reyesjo01
25,,Marco Scutaro,Batting 1st,2009,144,680,680,100.0,144,574,100,162,35,1,12,60,14,5,90,75,.282,.379,.409,.789,235,12,4,5,7,0,5,.304,100,109,scutama01
26,,Grady Sizemore,Batting 1st,2008,157,745,745,100.0,157,634,101,170,39,5,33,90,38,5,98,130,.268,.374,.502,.876,318,5,11,0,2,14,2,.290,100,129,sizemgr01
27,,Denard Span,Batting 1st,2010,151,705,705,100.0,151,629,85,166,24,10,3,58,26,4,60,74,.264,.331,.348,.679,219,12,4,10,2,0,7,.294,100,92,spande01
28,,Denard Span,Batting 1st,2009,145,676,676,100.0,143,578,97,180,16,10,8,68,23,10,70,89,.311,.392,.415,.807,240,7,10,12,6,3,6,.353,100,114,spande01
29,,Ichiro Suzuki,Batting 1st,2011,161,721,721,100.0,161,677,80,184,22,3,5,47,40,7,39,69,.272,.310,.335,.645,227,11,0,1,4,13,10,.295,100,79,suzukic01
30,,Ichiro Suzuki,Batting 1st,2010,162,732,732,100.0,162,680,74,214,30,3,6,43,42,9,45,86,.315,.359,.394,.754,268,3,3,3,1,13,10,.353,100,112,suzukic01
31,,Ichiro Suzuki,Batting 1st,2009,146,678,678,100.0,146,639,88,225,31,4,11,46,26,9,32,71,.352,.386,.465,.851,297,1,4,2,1,15,6,.384,100,125,suzukic01
32,,Ichiro Suzuki,Batting 1st,2007,161,736,736,100.0,161,678,111,238,22,7,6,68,37,8,49,77,.351,.396,.431,.827,292,7,3,4,2,13,3,.389,100,119,suzukic01
33,,Ichiro Suzuki,Batting 1st,2006,161,752,752,100.0,160,695,110,224,20,9,9,49,45,2,49,71,.322,.370,.416,.786,289,2,5,1,2,16,11,.348,100,107,suzukic01
34,,Mike Trout,Batting 1st,2012,138,639,639,100.0,138,559,129,182,27,8,30,83,49,5,67,139,.326,.399,.564,.963,315,7,6,0,7,4,7,.383,100,167,troutmi01
35,,Ryan Zimmerman,Batting 3rd,2012,145,641,641,100.0,144,578,93,163,36,1,25,95,5,2,57,116,.282,.346,.478,.824,276,20,2,0,4,8,7,.313,100,102,zimmery01
36,,Ryan Zimmerman,Batting 3rd,2007,162,722,722,100.0,162,653,99,174,43,5,24,91,4,1,61,125,.266,.330,.458,.788,299,26,3,0,5,3,7,.295,100,85,zimmery01
37,,Ryan Braun,Batting 3rd,2012,153,676,677,99.9,153,597,108,191,36,3,41,112,30,7,63,128,.320,.392,.596,.988,356,12,11,0,5,15,4,.346,100,141,braunry02
38,,Akinori Iwamura,Batting 1st,2008,151,706,707,99.9,151,626,91,172,30,9,6,48,8,6,70,130,.275,.350,.380,.730,238,2,4,3,3,3,9,.337,100,93,iwamuak01
39,,Gary Matthews,Batting 1st,2006,146,689,690,99.9,145,619,102,194,44,6,19,79,10,7,58,98,.313,.372,.496,.868,307,8,4,0,8,5,5,.343,101,127,matthga02
40,,Andrew McCutchen,Batting 3rd,2012,156,672,673,99.9,156,592,107,194,29,6,31,96,20,12,70,132,.328,.400,.554,.954,328,9,5,0,5,13,4,.376,100,134,mccutan01
41,,Ichiro Suzuki,Batting 1st,2008,161,748,749,99.9,161,686,103,213,20,7,6,42,43,4,50,65,.310,.360,.386,.746,265,8,5,3,4,12,14,.334,100,97,suzukic01
42,,Mark Teixeira,Batting 3rd,2010,157,711,712,99.9,157,601,113,154,36,0,33,108,0,1,92,122,.256,.364,.481,.845,289,15,13,0,5,5,6,.268,100,106,teixema01
43,,Joey Votto,Batting 3rd,2013,161,725,726,99.9,161,581,101,177,30,3,24,73,6,3,134,138,.305,.434,.491,.925,285,15,4,0,6,19,4,.360,100,133,vottojo01
44,,Miguel Cabrera,Batting 3rd,2015,118,510,511,99.8,118,428,64,145,28,1,18,76,1,1,77,81,.339,.441,.535,.976,229,19,3,0,2,15,2,.384,100,141,cabremi01
45,,Miguel Cabrera,Batting 3rd,2013,147,651,652,99.8,147,554,103,192,26,1,44,137,3,0,90,94,.347,.441,.635,1.076,352,19,5,0,2,19,1,.354,100,168,cabremi01
46,,Ryan Howard,Batting 4th,2010,142,619,620,99.8,142,549,87,151,23,5,31,108,1,1,59,157,.275,.352,.505,.857,277,14,8,0,3,11,4,.330,100,111,howarry01
47,,Giancarlo Stanton,Batting 3rd,2014,144,637,638,99.8,144,538,89,155,31,1,37,105,13,1,94,170,.288,.396,.556,.951,299,16,3,0,2,24,1,.354,100,137,stantmi03
48,,David Wright,Batting 3rd,2014,133,585,586,99.8,133,534,54,144,30,1,8,63,8,5,42,112,.270,.325,.375,.699,200,22,4,0,5,5,3,.325,101,76,wrighda03
49,,Michael Brantley,Batting 3rd,2015,135,594,596,99.7,135,527,68,163,45,0,15,84,15,1,60,51,.309,.379,.480,.859,253,14,2,0,5,8,3,.318,100,112,brantmi02
50,,Ryan Braun,Batting 3rd,2009,156,706,708,99.7,156,634,113,202,38,6,32,112,20,6,57,121,.319,.384,.549,.933,348,6,12,0,3,1,8,.351,99,122,braunry02
51,,Ryan Howard,Batting 4th,2009,158,701,703,99.7,158,615,104,171,37,4,44,138,8,1,74,186,.278,.358,.566,.924,348,11,6,0,6,8,4,.325,99,122,howarry01
52,,Austin Jackson,Batting 1st,2012,135,615,617,99.7,135,541,103,163,29,10,16,66,12,9,67,133,.301,.378,.481,.859,260,9,2,2,3,0,6,.372,101,140,jacksau01
53,,Andruw Jones,Batting 4th,2006,154,667,669,99.7,154,563,107,147,29,0,41,128,4,1,82,126,.261,.363,.531,.894,299,13,13,0,9,9,4,.262,100,104,jonesan01
54,,Carlos Lee,Batting 4th,2007,160,695,697,99.7,160,625,93,189,42,1,32,119,10,5,53,63,.302,.354,.526,.880,329,27,4,0,13,10,3,.289,100,105,leeca01
55,,Derrek Lee,Batting 3rd,2008,154,696,698,99.7,154,621,93,180,41,3,20,90,8,2,71,119,.290,.361,.462,.823,287,27,0,0,4,3,4,.329,100,100,leede02
56,,Magglio Ordóñez,Batting 4th,2006,153,644,646,99.7,152,591,82,177,32,1,24,104,1,4,45,87,.299,.351,.479,.830,283,13,4,0,4,3,6,.316,101,90,ordonma01
57,,David Ortiz,Batting 3rd,2007,147,665,667,99.7,147,547,116,182,52,1,35,117,3,1,111,103,.333,.447,.623,1.070,341,16,4,0,3,12,1,.357,101,152,ortizda01
58,,Albert Pujols,Batting 3rd,2006,142,632,634,99.7,142,534,119,177,33,1,49,137,7,2,91,50,.331,.430,.672,1.103,359,20,4,0,3,28,5,.292,100,157,pujolal01
59,,José Reyes,Batting 1st,2014,142,653,655,99.7,142,609,94,175,33,4,9,51,30,2,37,73,.287,.327,.399,.726,243,4,1,2,4,1,10,.313,100,103,reyesjo01
60,,José Reyes,Batting 1st,2011,124,584,586,99.7,124,535,100,180,31,16,7,44,39,7,43,41,.336,.383,.493,.877,264,5,0,2,4,9,5,.352,100,141,reyesjo01
61,,Brian Roberts,Batting 1st,2008,154,702,704,99.7,152,609,107,181,51,8,9,57,40,10,82,104,.297,.379,.452,.831,275,8,2,3,6,3,8,.343,101,119,roberbr01
62,,Grady Sizemore,Batting 1st,2006,160,749,751,99.7,160,653,134,189,53,11,28,76,22,6,78,152,.289,.374,.533,.907,348,2,13,1,4,8,6,.338,100,137,sizemgr01
63,,Denard Span,Batting 1st,2014,145,666,668,99.7,144,608,94,184,39,8,5,37,31,7,50,64,.303,.356,.418,.774,254,6,2,3,3,1,6,.330,101,117,spande01
64,,Dee Strange-Gordon,Batting 1st,2015,144,651,653,99.7,144,613,88,205,24,8,4,46,58,20,25,90,.334,.360,.419,.779,257,6,2,6,5,2,5,.384,101,113,gordode01
65,,Joey Votto,Batting 3rd,2011,159,717,719,99.7,159,598,100,185,40,3,29,103,8,6,109,129,.309,.416,.532,.947,318,20,4,0,6,15,9,.350,100,135,vottojo01
66,,Vernon Wells,Batting 4th,2010,155,644,646,99.7,155,588,79,161,44,3,31,88,6,4,50,83,.274,.332,.517,.849,304,18,3,0,3,5,7,.273,101,108,wellsve01
67,,Matt Carpenter,Batting 1st,2014,156,706,709,99.6,156,592,99,161,33,2,8,59,5,3,95,110,.272,.375,.375,.750,222,3,8,2,9,2,5,.317,100,111,carpema01
68,,Adam Eaton,Batting 1st,2015,151,686,689,99.6,151,608,97,174,28,9,14,56,18,8,57,130,.286,.360,.431,.791,262,5,14,5,2,2,5,.343,100,116,eatonad02
69,,Matt Holliday,Batting 3rd,2012,154,685,688,99.6,154,596,95,177,36,2,27,102,4,4,75,130,.297,.381,.500,.881,298,16,9,0,5,3,5,.338,101,117,hollima01
70,,David Ortiz,Batting 3rd,2006,148,683,686,99.6,148,555,115,159,29,2,54,137,1,0,119,117,.286,.413,.638,1.051,354,12,4,0,5,23,3,.270,100,145,ortizda01
71,,Juan Pierre,Batting 1st,2011,155,708,711,99.6,154,637,79,177,17,4,2,50,27,17,42,41,.278,.328,.327,.655,208,7,7,19,3,0,8,.293,100,82,pierrju01
72,,Albert Pujols,Batting 3rd,2009,158,697,700,99.6,158,565,123,185,45,1,46,134,16,4,115,64,.327,.443,.655,1.098,370,23,9,0,8,44,4,.300,100,161,pujolal01
73,,Manny Ramirez,Batting 4th,2006,128,556,558,99.6,128,448,79,144,27,1,35,102,0,1,99,102,.321,.439,.621,1.059,278,13,1,0,8,16,5,.342,100,142,ramirma02
74,,Alex Rodriguez,Batting 4th,2009,122,533,535,99.6,122,443,78,127,17,1,30,100,14,2,79,97,.287,.402,.533,.934,236,13,8,0,3,7,3,.304,100,128,rodrial01
75,,Carlos Beltrán,Batting 3rd,2006,137,614,617,99.5,137,508,127,140,38,1,41,116,18,3,94,98,.276,.388,.596,.985,303,6,4,1,7,6,13,.263,100,130,beltrca01
76,,Albert Pujols,Batting 3rd,2011,145,648,651,99.5,145,577,105,173,29,0,37,99,9,1,60,57,.300,.366,.542,.908,313,29,4,0,7,14,5,.278,100,123,pujolal01
77,,Brian Roberts,Batting 1st,2006,135,627,630,99.5,135,560,84,160,34,3,10,55,35,7,55,65,.286,.347,.411,.757,230,16,0,6,5,4,7,.306,100,100,roberbr01
78,,Alex Rodriguez,Batting 4th,2010,134,592,595,99.5,134,520,74,141,29,2,30,125,4,3,58,97,.271,.341,.508,.849,264,7,3,0,11,1,4,.275,100,109,rodrial01
79,,Denard Span,Batting 1st,2012,122,565,568,99.5,122,514,69,144,38,4,4,41,17,5,46,62,.280,.339,.393,.732,202,10,0,4,1,0,8,.312,99,105,spande01
80,,Ryan Braun,Batting 3rd,2011,147,625,629,99.4,147,560,108,185,37,6,32,108,33,6,58,93,.330,.395,.589,.984,330,9,4,0,3,2,9,.349,98,142,braunry02
81,,Jorge Cantú,Batting 4th,2009,145,639,643,99.4,144,581,67,166,41,0,16,98,3,1,47,80,.286,.343,.439,.782,255,15,6,0,5,4,10,.306,99,91,cantujo01
82,,Carl Crawford,Batting 2nd,2009,152,668,672,99.4,150,604,96,185,28,8,15,68,59,16,49,98,.306,.363,.454,.817,274,7,8,2,5,1,5,.343,100,117,crawfca02
83,,Johnny Damon,Batting 1st,2006,144,667,671,99.4,144,589,114,167,35,4,24,78,24,10,67,85,.284,.358,.479,.837,282,4,4,2,5,1,4,.295,99,119,damonjo01
84,,Albert Pujols,Batting 3rd,2007,154,675,679,99.4,153,563,99,183,38,1,32,99,2,6,97,58,.325,.425,.567,.992,319,27,7,0,8,22,10,.314,99,134,pujolal01
85,,José Reyes,Batting 1st,2006,148,699,703,99.4,148,644,121,194,30,17,19,81,64,17,52,81,.301,.354,.489,.844,315,6,1,2,0,6,7,.322,100,120,reyesjo01
86,,Joey Votto,Batting 3rd,2010,146,644,648,99.4,146,545,106,177,36,2,37,113,16,5,89,124,.325,.424,.602,1.026,328,11,7,0,3,7,4,.362,100,149,vottojo01
87,,Michael Bourn,Batting 1st,2012,151,698,703,99.3,151,620,95,169,26,10,9,56,41,13,69,155,.273,.346,.390,.737,242,2,3,2,4,1,6,.348,99,107,bournmi01
88,,Coco Crisp,Batting 1st,2013,127,580,584,99.3,127,510,93,132,22,3,22,66,21,5,60,65,.259,.332,.443,.775,226,7,0,2,8,2,5,.255,99,115,crispco01
89,,Mark Teixeira,Batting 3rd,2009,154,702,707,99.3,154,605,103,177,43,3,39,121,2,0,80,114,.293,.383,.567,.950,343,13,12,0,5,9,5,.302,100,125,teixema01
90,,Vernon Wells,Batting 3rd,2006,150,672,677,99.3,150,607,91,185,40,5,32,106,17,4,53,89,.305,.359,.545,.904,331,13,3,0,9,0,5,.309,101,111,wellsve01
91,,Plácido Polanco,Batting 2nd,2008,135,624,629,99.2,135,575,90,178,34,3,8,58,7,1,35,42,.310,.353,.421,.774,242,14,6,4,4,2,2,.321,102,109,polanpl01
92,,Albert Pujols,Batting 3rd,2008,144,636,641,99.2,143,522,98,186,44,0,36,114,7,3,102,53,.356,.461,.648,1.108,338,16,5,0,7,33,2,.341,99,167,pujolal01
93,,Brian Roberts,Batting 1st,2007,151,710,716,99.2,151,615,101,177,41,5,11,54,50,7,89,99,.288,.376,.424,.800,261,8,0,2,4,6,2,.326,98,111,roberbr01
94,,David Eckstein,Batting 1st,2006,119,547,552,99.1,119,496,68,146,18,1,2,23,7,6,30,41,.294,.351,.347,.698,172,7,15,3,3,0,7,.316,101,85,eckstda01
95,,Ryan Howard,Batting 4th,2011,147,638,644,99.1,146,553,80,138,28,1,32,114,1,0,73,172,.250,.342,.477,.819,264,10,7,0,5,16,6,.299,97,106,howarry01
96,,Jeff Kent,Batting 4th,2007,132,557,562,99.1,132,491,76,149,36,1,20,78,1,3,55,60,.303,.375,.503,.878,247,17,5,0,6,4,5,.309,101,106,kentje01
97,,Ian Kinsler,Batting 1st,2008,120,578,583,99.1,120,514,102,165,41,4,18,71,25,2,44,66,.321,.377,.521,.898,268,12,6,7,7,0,5,.336,101,135,kinslia01
98,,Magglio Ordóñez,Batting 4th,2007,155,673,679,99.1,155,590,116,215,54,0,27,138,4,1,75,79,.364,.435,.593,1.028,350,19,2,0,5,8,3,.384,100,141,ordonma01
99,,Michael Bourn,Batting 1st,2013,124,569,575,99.0,124,520,74,136,20,6,6,48,22,12,39,131,.262,.314,.358,.672,186,2,2,5,3,0,1,.337,99,87,bournmi01
100,,Miguel Cabrera,Batting 4th,2011,158,681,688,99.0,158,565,111,193,46,0,30,104,2,1,108,89,.342,.446,.582,1.029,329,23,3,0,5,22,6,.361,99,160,cabremi01
101,,Paul Konerko,Batting 4th,2012,142,592,598,99.0,142,529,65,158,22,0,25,73,0,0,54,82,.299,.370,.482,.852,255,15,7,0,2,4,3,.314,99,111,konerpa01
102,,Joe Mauer,Batting 3rd,2006,136,602,608,99.0,135,516,86,180,36,4,13,84,8,3,78,54,.349,.430,.510,.940,263,24,1,0,7,21,6,.366,101,124,mauerjo01
103,,Andrew McCutchen,Batting 3rd,2015,153,678,685,99.0,153,560,91,164,35,3,23,95,11,5,97,131,.293,.403,.489,.892,274,9,12,0,9,11,5,.340,101,121,mccutan01
104,,Gary Sheffield,Batting 3rd,2007,130,587,593,99.0,130,488,106,129,20,1,25,74,22,5,84,71,.264,.378,.463,.841,226,10,9,0,6,2,4,.261,100,99,sheffga01
105,,Vladimir Guerrero,Batting 4th,2010,145,636,643,98.9,145,587,83,175,27,1,29,114,4,5,34,60,.298,.343,.496,.839,291,17,9,0,6,4,6,.290,99,107,guerrvl01
106,,Alex Rodriguez,Batting 4th,2007,156,700,708,98.9,156,575,143,183,31,0,54,156,24,4,95,118,.318,.427,.654,1.081,376,15,21,0,9,11,5,.313,103,151,rodrial01
107,,David Wright,Batting 3rd,2008,158,728,736,98.9,158,619,115,187,42,2,33,124,15,5,93,117,.302,.391,.536,.927,332,15,4,0,11,5,10,.321,101,124,wrighda03
108,,Austin Jackson,Batting 1st,2010,143,667,675,98.8,140,615,101,179,34,10,4,39,27,6,46,169,.291,.341,.398,.739,245,5,2,1,3,4,9,.393,98,108,jacksau01
109,,Hanley Ramírez,Batting 3rd,2009,145,644,652,98.8,145,570,101,195,42,1,24,105,27,8,59,100,.342,.409,.546,.955,311,9,9,1,5,14,6,.379,100,128,ramirha01
110,,Dave Roberts,Batting 1st,2006,122,560,567,98.8,121,494,79,145,18,13,2,44,49,6,49,61,.294,.359,.395,.753,195,5,4,7,5,2,5,.328,100,99,roberda07
111,,Andrew McCutchen,Batting 3rd,2013,153,665,674,98.7,153,574,95,181,38,5,21,82,27,10,78,99,.315,.403,.509,.912,292,13,9,0,4,12,5,.349,100,129,mccutan01
112,,Mike Trout,Batting 2nd,2014,155,696,705,98.7,155,595,115,170,39,9,36,109,16,2,82,183,.286,.376,.563,.939,335,6,10,0,9,6,7,.348,100,160,troutmi01
113,,Michael Young,Batting 2nd,2010,155,709,718,98.7,155,647,98,185,35,3,21,91,4,2,50,111,.286,.333,.447,.780,289,21,1,0,11,4,6,.312,102,112,youngmi02
114,,Jacoby Ellsbury,Batting 1st,2015,106,494,501,98.6,106,446,66,114,15,2,7,33,21,9,34,85,.256,.316,.345,.662,154,6,7,1,3,1,9,.300,99,82,ellsbja01
115,,Joe Mauer,Batting 3rd,2010,129,576,584,98.6,129,503,87,167,43,1,9,75,1,4,64,51,.332,.406,.475,.881,239,19,3,0,6,14,4,.352,102,116,mauerjo01
116,,Chone Figgins,Batting 1st,2008,112,512,520,98.5,112,445,71,125,14,1,1,22,34,13,62,80,.281,.373,.324,.696,144,7,3,2,0,3,3,.341,104,86,figgich01
117,,Billy Hamilton,Batting 1st,2014,137,602,611,98.5,136,556,70,138,24,8,6,48,56,20,34,117,.248,.291,.353,.643,196,1,1,7,4,0,6,.302,99,80,hamilbi02
118,,Austin Jackson,Batting 1st,2011,141,658,668,98.5,140,582,87,143,22,11,10,45,20,5,55,178,.246,.314,.373,.687,217,11,4,14,3,3,8,.335,99,90,jacksau01
119,,Todd Helton,Batting 4th,2007,151,671,682,98.4,151,548,86,175,41,2,17,88,0,1,114,73,.319,.434,.495,.928,271,15,2,0,7,16,6,.340,100,121,heltoto01
120,,Juan Pierre,Batting 1st,2010,156,722,734,98.4,156,641,96,176,18,3,1,47,67,17,43,47,.275,.339,.317,.656,203,8,21,15,2,0,6,.294,100,86,pierrju01
121,,Buster Posey,Batting 4th,2012,142,600,610,98.4,142,521,78,175,38,1,24,102,1,1,68,94,.336,.408,.551,.959,287,19,2,0,9,7,6,.367,100,136,poseybu01
122,,Aramis Ramírez,Batting 4th,2008,146,635,645,98.4,146,544,97,159,43,1,27,110,2,2,74,93,.292,.384,.524,.908,285,13,11,0,6,7,3,.307,102,116,ramirar01
123,,Manny Machado,Batting 2nd,2013,154,698,710,98.3,154,657,87,187,51,3,14,71,6,7,28,111,.285,.313,.435,.749,286,14,1,9,3,0,7,.323,100,107,machama01
124,,Joe Mauer,Batting 3rd,2012,142,630,641,98.3,142,536,80,172,31,4,9,84,8,4,88,88,.321,.417,.444,.861,238,22,2,1,3,10,4,.369,100,115,mauerjo01
125,,Starling Marte,Batting 1st,2013,124,556,566,98.2,118,504,83,140,26,10,12,34,39,12,23,137,.278,.336,.440,.777,222,6,22,6,1,2,6,.360,98,115,martest01
126,,Lance Berkman,Batting 3rd,2007,148,655,668,98.1,148,550,94,154,24,2,33,100,7,3,92,120,.280,.388,.511,.899,281,11,8,0,5,11,4,.301,101,112,berkmla01
127,,Chipper Jones,Batting 3rd,2008,118,524,534,98.1,118,433,81,156,24,1,21,71,4,0,86,60,.360,.464,.566,1.030,245,13,1,0,4,15,2,.379,97,151,jonesch06
128,,Bengie Molina,Batting 4th,2008,133,558,569,98.1,133,522,47,153,33,0,16,92,0,0,18,37,.293,.323,.448,.771,234,23,9,0,9,4,7,.287,101,83,molinbe01
129,,Juan Pierre,Batting 1st,2006,159,736,750,98.1,159,686,85,202,32,13,3,40,57,20,32,36,.294,.333,.392,.725,269,6,8,9,1,0,12,.307,102,91,pierrju01
130,,Prince Fielder,Batting 4th,2013,158,698,712,98.0,158,613,80,170,35,0,23,102,1,1,74,117,.277,.361,.447,.808,274,20,8,0,3,5,5,.309,98,106,fieldpr01
131,,Chone Figgins,Batting 2nd,2010,157,688,702,98.0,157,590,61,151,21,2,1,34,41,14,72,113,.256,.337,.303,.640,179,19,3,17,6,0,5,.311,98,77,figgich01
132,,Troy Tulowitzki,Batting 4th,2011,138,594,606,98.0,138,525,80,158,35,2,30,103,9,2,59,73,.301,.373,.547,.919,287,16,4,1,5,12,6,.300,101,131,tulowtr01
133,,Coco Crisp,Batting 1st,2014,118,525,536,97.9,113,456,66,112,21,3,9,47,17,5,62,65,.246,.332,.364,.696,166,3,0,1,6,1,7,.265,99,95,crispco01
134,,Alejandro De Aza,Batting 1st,2013,146,661,675,97.9,145,594,82,156,27,3,17,60,20,8,49,142,.263,.322,.404,.726,240,7,6,6,6,1,4,.315,99,102,deazaal01
135,,Josh Hamilton,Batting 3rd,2012,143,622,636,97.8,143,550,99,156,30,2,42,127,7,4,58,162,.284,.352,.575,.927,316,9,5,0,9,13,1,.321,99,125,hamiljo03
136,,Paul Lo Duca,Batting 2nd,2006,118,539,551,97.8,118,500,79,159,38,1,4,48,3,0,24,36,.318,.355,.422,.777,211,14,6,7,2,0,8,.335,99,102,loducpa01
137,,Alfonso Soriano,Batting 1st,2008,105,492,503,97.8,105,443,76,127,27,0,29,75,19,3,42,100,.287,.350,.544,.894,241,9,3,0,4,10,3,.308,104,133,soriaal01
138,,Ryan Howard,Batting 4th,2007,137,633,648,97.7,137,517,93,139,26,0,46,132,1,0,104,197,.269,.392,.586,.978,303,12,5,0,7,34,3,.331,100,128,howarry01
139,,Derrek Lee,Batting 3rd,2007,144,635,650,97.7,144,556,89,177,41,1,21,74,6,5,67,110,.318,.398,.509,.907,283,15,9,0,3,8,8,.364,99,114,leede02
140,,Tadahito Iguchi,Batting 2nd,2006,133,612,627,97.6,133,543,94,152,23,0,17,64,10,4,56,108,.280,.349,.416,.766,226,7,3,8,2,0,6,.321,98,99,iguchta01
141,,Derek Jeter,Batting 2nd,2014,141,619,634,97.6,141,566,47,146,19,1,4,50,9,2,35,87,.258,.306,.316,.622,179,14,6,8,4,0,10,.296,102,76,jeterde01
142,,Justin Upton,Batting 3rd,2011,153,658,674,97.6,153,578,104,169,39,5,31,86,19,9,57,123,.292,.372,.538,.910,311,8,19,0,4,9,6,.322,103,124,uptonju01
143,,Chase Utley,Batting 3rd,2014,146,648,664,97.6,146,574,74,157,35,6,11,77,10,1,52,84,.274,.343,.413,.755,237,8,13,0,9,12,6,.299,103,90,utleych01
144,,Christian Yelich,Batting 1st,2014,139,644,660,97.6,138,567,92,162,30,5,9,52,21,7,69,132,.286,.365,.404,.769,229,8,3,3,2,3,6,.357,101,116,yelicch01
145,,Michael Bourn,Batting 1st,2010,132,590,605,97.5,131,521,80,139,24,6,2,38,52,12,59,106,.267,.342,.347,.690,181,6,2,6,2,5,6,.330,101,95,bournmi01
146,,Brett Gardner,Batting 1st,2013,132,594,609,97.5,132,526,81,144,32,10,8,52,22,8,50,120,.274,.344,.418,.762,220,8,8,7,3,1,4,.339,101,112,gardnbr01
147,,Plácido Polanco,Batting 2nd,2009,145,659,676,97.5,144,603,82,173,31,3,10,71,6,2,35,44,.287,.333,.398,.731,240,15,9,7,4,2,9,.295,101,94,polanpl01
148,,Plácido Polanco,Batting 2nd,2007,136,625,641,97.5,136,576,102,196,35,3,9,66,7,3,32,30,.340,.384,.458,.842,264,9,11,2,4,2,10,.346,99,122,polanpl01
149,,Jimmy Rollins,Batting 1st,2006,152,739,758,97.5,152,670,125,188,45,8,25,82,36,4,57,79,.281,.338,.484,.822,324,11,5,0,7,2,8,.284,103,114,rolliji01
150,,Ryan Braun,Batting 3rd,2015,131,553,568,97.4,130,493,86,139,27,3,25,81,24,4,53,114,.282,.353,.501,.854,247,20,3,0,3,4,4,.319,100,109,braunry02
151,,Dexter Fowler,Batting 1st,2015,146,672,690,97.4,146,581,102,148,29,8,17,46,20,7,82,147,.255,.350,.420,.770,244,4,5,1,3,1,8,.312,103,110,fowlede01
152,,Johnny Damon,Batting 1st,2008,132,606,623,97.3,131,541,91,165,27,5,17,70,29,7,61,79,.305,.376,.468,.843,253,5,1,2,1,0,6,.332,102,122,damonjo01
153,,Adam LaRoche,Batting 4th,2014,134,570,586,97.3,134,482,68,125,19,0,24,84,3,0,79,108,.259,.360,.448,.808,216,13,1,0,8,9,4,.282,98,116,larocad01
154,,Víctor Martínez,Batting 5th,2013,150,650,668,97.3,150,587,67,179,36,0,14,83,0,2,54,61,.305,.360,.438,.798,257,23,1,0,8,10,3,.317,103,116,martivi01
155,,Jason Michaels,Batting 2nd,2006,116,533,548,97.3,116,481,76,131,32,1,9,55,9,5,42,98,.272,.330,.399,.729,192,6,2,2,6,0,6,.321,103,90,michaja01
156,,Aramis Ramírez,Batting 4th,2012,143,613,630,97.3,143,557,91,165,49,3,27,102,8,1,41,80,.296,.354,.540,.894,301,13,11,0,4,1,6,.304,98,118,ramirar01
157,,Charlie Blackmon,Batting 1st,2014,137,630,648,97.2,135,578,80,168,27,3,19,69,27,10,29,92,.291,.335,.446,.781,258,3,12,6,5,5,4,.316,101,117,blackch02
158,,Adam Dunn,Batting 3rd,2012,146,631,649,97.2,145,524,85,105,19,0,39,90,2,1,102,220,.200,.330,.460,.790,241,6,1,0,4,3,3,.245,97,94,dunnad01
159,,Felipe López,Batting 1st,2009,140,661,680,97.2,140,587,87,185,38,3,9,55,6,6,69,93,.315,.388,.436,.824,256,5,2,1,2,4,7,.361,103,118,lopezfe01
160,,Rafael Furcal,Batting 1st,2006,152,715,736,97.1,152,636,112,193,31,9,15,61,37,12,70,94,.303,.372,.451,.823,287,7,1,5,3,3,6,.336,102,116,furcara02
161,,Scott Podsednik,Batting 1st,2006,129,575,592,97.1,120,511,82,133,27,6,3,43,40,19,51,95,.260,.327,.354,.682,181,7,2,7,4,1,5,.312,99,80,podsesc01
162,,Jayson Werth,Batting 3rd,2014,139,611,629,97.1,139,519,83,150,36,1,16,81,9,1,81,110,.289,.391,.455,.846,236,9,8,0,3,3,3,.338,99,113,werthja01
163,,Chipper Jones,Batting 3rd,2009,132,578,596,97.0,132,473,79,125,21,2,18,66,4,1,98,85,.264,.388,.431,.819,204,14,1,0,6,17,3,.285,100,98,jonesch06
164,,Víctor Martínez,Batting 5th,2011,141,577,595,97.0,140,525,75,171,39,0,12,98,1,0,43,49,.326,.374,.469,.843,246,20,2,0,7,5,7,.338,98,124,martivi01
165,,Charlie Blackmon,Batting 1st,2015,144,661,682,96.9,144,594,91,173,30,9,17,58,42,13,45,107,.291,.352,.458,.810,272,4,13,5,4,2,6,.329,103,120,blackch02
166,,Torii Hunter,Batting 2nd,2013,138,632,652,96.9,135,588,88,180,36,5,16,77,3,2,26,110,.306,.339,.466,.805,274,10,7,3,8,0,6,.349,102,123,hunteto01
167,,Albert Pujols,Batting 3rd,2010,152,678,700,96.9,152,570,112,177,38,1,42,118,14,3,98,76,.311,.412,.602,1.013,343,22,4,0,6,37,5,.295,101,145,pujolal01
168,,Adrian Beltré,Batting 4th,2012,148,633,654,96.8,148,583,93,190,33,2,35,99,1,0,36,79,.326,.365,.569,.934,332,8,5,0,9,8,7,.324,103,128,beltrad01
169,,Derek Jeter,Batting 1st,2009,147,693,716,96.8,147,611,105,205,26,1,17,62,30,5,72,86,.336,.409,.465,.874,284,17,5,4,1,4,6,.369,101,131,jeterde01
170,,Rickie Weeks,Batting 1st,2010,155,730,754,96.8,155,632,110,169,31,4,28,81,11,4,72,179,.267,.363,.462,.825,292,5,24,0,2,0,4,.330,99,131,weeksri01
171,,Jack Wilson,Batting 2nd,2006,130,575,594,96.8,127,525,69,144,27,1,8,35,4,3,32,62,.274,.318,.375,.693,197,15,4,9,5,0,5,.296,102,80,wilsoja02
172,,Todd Helton,Batting 3rd,2009,143,624,645,96.7,143,525,75,165,35,3,13,82,0,1,87,71,.314,.407,.467,.874,245,15,2,0,10,5,6,.337,93,111,heltoto01
173,,Ryan Howard,Batting 4th,2008,154,677,700,96.7,154,589,102,149,26,4,47,143,1,1,79,188,.253,.341,.550,.891,324,11,3,0,6,17,2,.283,102,109,howarry01
174,,Paul Konerko,Batting 4th,2010,143,610,631,96.7,143,530,86,163,30,1,37,105,0,1,69,107,.308,.389,.577,.966,306,9,5,0,6,7,8,.321,98,138,konerpa01
175,,Elvis Andrus,Batting 2nd,2014,151,662,685,96.6,151,600,71,157,33,1,2,40,25,15,43,95,.262,.311,.330,.641,198,21,3,9,6,0,7,.305,98,81,andruel01
176,,Víctor Martínez,Batting 4th,2014,145,619,641,96.6,145,540,84,181,33,0,32,101,3,1,69,41,.335,.410,.574,.984,310,17,4,0,6,27,8,.315,102,161,martivi01
177,,Michael Bourn,Batting 1st,2011,150,697,722,96.5,149,634,87,183,32,8,2,47,54,14,50,137,.289,.342,.374,.716,237,6,4,5,4,3,5,.363,95,98,bournmi01
178,,Johnny Damon,Batting 1st,2007,123,584,605,96.5,123,513,89,138,26,1,12,62,26,3,65,76,.269,.352,.394,.745,202,4,2,1,3,1,9,.294,100,97,damonjo01
179,,Brian Roberts,Batting 1st,2009,150,692,717,96.5,150,611,107,173,55,1,16,77,30,6,71,107,.283,.355,.455,.810,278,7,1,1,8,3,2,.317,101,113,roberbr01
180,,Elvis Andrus,Batting 2nd,2012,151,685,711,96.3,149,604,83,170,30,8,3,58,20,10,56,94,.281,.346,.373,.718,225,15,5,17,3,0,9,.327,98,103,andruel01
181,,Miguel Cabrera,Batting 3rd,2014,152,658,685,96.1,152,588,98,185,51,1,24,105,1,1,56,113,.315,.371,.527,.898,310,19,3,0,11,9,5,.348,101,123,cabremi01
182,,Joe Mauer,Batting 3rd,2008,136,608,633,96.1,135,515,96,169,29,4,9,80,1,1,82,48,.328,.415,.452,.868,233,19,1,1,9,6,5,.343,101,112,mauerjo01
183,,Billy Burns,Batting 1st,2015,117,533,555,96.0,114,501,69,147,18,9,5,42,26,8,24,80,.293,.331,.395,.726,198,5,5,1,2,1,3,.340,100,98,burnsbi02
184,,Nick Markakis,Batting 1st,2014,148,681,710,95.9,148,617,78,169,26,0,13,46,4,2,58,82,.274,.339,.379,.718,234,10,4,0,2,3,3,.298,97,101,markani01
185,,Anthony Rizzo,Batting 3rd,2014,135,591,616,95.9,135,502,86,142,26,1,31,75,5,4,72,112,.283,.384,.524,.908,263,8,13,0,4,7,4,.306,99,126,rizzoan01
186,,Jim Thome,Batting 3rd,2007,120,514,536,95.9,120,416,76,114,19,0,34,93,0,1,90,126,.274,.409,.565,.973,235,10,6,0,2,10,1,.310,100,129,thomeji01
187,,Joey Votto,Batting 3rd,2009,124,521,544,95.8,124,451,78,145,37,1,23,80,4,1,65,101,.322,.411,.561,.972,253,8,4,0,1,9,4,.372,98,132,vottojo01
188,,Daric Barton,Batting 2nd,2010,149,656,686,95.6,149,529,78,148,33,5,10,56,7,3,108,93,.280,.402,.418,.820,221,8,3,12,4,2,3,.321,106,125,bartoda02
189,,Milton Bradley,Batting 4th,2008,114,487,510,95.5,114,397,78,130,31,1,22,76,5,2,75,109,.327,.440,.577,1.017,229,10,9,0,5,13,5,.399,103,143,bradlmi01
190,,Casey McGehee,Batting 5th,2010,149,640,670,95.5,149,580,66,167,37,1,23,103,1,1,50,97,.288,.342,.474,.816,275,16,2,0,8,5,6,.308,104,110,mcgehca01
191,,Mark Loretta,Batting 2nd,2006,144,670,703,95.3,142,609,73,177,33,0,5,59,4,1,44,59,.291,.346,.369,.715,225,16,10,2,5,0,3,.313,103,87,loretma01
192,,Jimmy Rollins,Batting 1st,2009,145,691,725,95.3,145,640,93,157,43,5,18,71,30,8,42,70,.245,.292,.413,.704,264,7,2,2,5,0,8,.250,96,85,rolliji01
193,,J.J. Hardy,Batting 2nd,2012,150,679,713,95.2,150,631,82,149,27,2,20,63,0,0,37,101,.236,.281,.380,.661,240,21,3,6,2,4,5,.252,97,84,hardyjj01
194,,Adam Lind,Batting 4th,2011,119,516,542,95.2,119,474,56,115,11,0,26,82,1,1,32,101,.243,.291,.430,.721,204,12,3,0,7,4,6,.251,97,81,lindad01
195,,Curtis Granderson,Batting 1st,2006,139,646,679,95.1,139,567,88,152,31,9,18,64,8,5,65,163,.268,.344,.450,.793,255,3,3,6,5,0,4,.343,105,108,grandcu01
196,,Manny Ramirez,Batting 4th,2007,124,541,569,95.1,124,459,77,136,32,1,20,86,0,0,67,86,.296,.388,.501,.889,230,21,7,0,8,12,3,.321,102,109,ramirma02
197,,Derek Jeter,Batting 1st,2012,150,703,740,95.0,150,649,95,206,31,0,14,54,9,4,44,86,.317,.364,.430,.794,279,23,4,5,1,1,7,.349,101,122,jeterde01
198,,Carlos Lee,Batting 4th,2011,146,620,653,94.9,146,555,61,152,35,4,17,91,4,3,56,56,.274,.340,.443,.784,246,8,3,0,6,7,11,.277,99,98,leeca01
199,,Jimmy Rollins,Batting 1st,2008,127,593,625,94.9,126,526,75,148,37,9,11,58,44,3,56,53,.281,.354,.449,.803,236,9,5,3,3,7,6,.295,104,111,rolliji01
200,,Carlos Guillén,Batting 5th,2007,141,597,630,94.8,141,536,80,159,34,9,19,95,13,7,50,85,.297,.355,.500,.855,268,13,3,0,8,7,3,.318,99,118,guillca01
201,,Dee Strange-Gordon,Batting 1st,2014,133,616,650,94.8,133,577,90,164,22,12,2,32,56,18,29,99,.284,.321,.374,.696,216,3,4,3,3,0,7,.338,97,95,gordode01
202,,Rafael Furcal,Batting 1st,2007,130,609,643,94.7,130,551,85,152,21,4,6,46,23,6,51,62,.276,.337,.361,.698,199,10,1,2,3,2,5,.300,103,85,furcara02
203,,Omar Vizquel,Batting 2nd,2006,142,624,659,94.7,142,552,78,158,20,10,3,50,23,6,52,50,.286,.350,.375,.725,207,13,4,13,3,2,2,.309,93,90,vizquom01
204,,Adrian Beltré,Batting 4th,2013,152,653,690,94.6,152,597,85,192,31,0,29,85,1,0,47,73,.322,.377,.519,.896,310,16,7,0,2,11,5,.328,104,127,beltrad01
205,,Johnny Damon,Batting 2nd,2009,128,591,626,94.4,127,522,102,150,34,2,22,79,11,0,66,91,.287,.367,.487,.853,254,9,0,2,1,1,6,.312,100,126,damonjo01
206,,Aramis Ramírez,Batting 4th,2007,123,527,558,94.4,122,476,66,150,33,4,24,99,0,0,42,62,.315,.372,.553,.924,263,12,4,0,5,8,12,.319,102,116,ramirar01
207,,Ryan Freel,Batting 1st,2006,107,493,523,94.3,106,429,61,115,28,2,8,24,33,11,52,92,.268,.359,.399,.758,171,5,9,3,0,0,3,.325,99,100,freelry01
208,,Chipper Jones,Batting 3rd,2007,124,566,600,94.3,124,480,105,160,41,4,28,101,5,1,81,70,.333,.426,.610,1.036,293,21,0,0,5,10,14,.341,101,143,jonesch06
209,,Grady Sizemore,Batting 1st,2007,151,705,748,94.3,150,593,111,164,31,4,22,74,33,9,94,149,.277,.389,.454,.842,269,3,16,0,2,9,3,.335,98,122,sizemgr01
210,,Rickie Weeks,Batting 1st,2008,113,528,560,94.3,113,447,85,105,22,6,11,39,19,5,62,106,.235,.343,.385,.728,172,5,14,1,4,0,8,.281,97,92,weeksri01
211,,Eric Young Jr.,Batting 1st,2013,122,564,598,94.3,120,508,68,129,27,7,2,32,43,11,46,87,.254,.318,.346,.664,176,6,2,7,1,1,4,.302,106,85,younger03
212,,Reed Johnson,Batting 1st,2006,106,487,517,94.2,104,435,77,140,31,2,11,48,6,2,32,78,.322,.391,.478,.869,208,9,18,1,1,4,3,.372,100,128,johnsre02
213,,Scott Podsednik,Batting 1st,2009,121,553,587,94.2,119,505,73,153,24,6,7,46,30,11,38,73,.303,.355,.416,.771,210,7,3,6,1,1,2,.343,102,104,podsesc01
214,,Jacoby Ellsbury,Batting 1st,2011,144,689,732,94.1,144,621,112,203,45,5,29,97,37,13,49,90,.327,.381,.556,.936,345,8,8,3,5,1,7,.343,102,156,ellsbja01
215,,Shin-Soo Choo,Batting 1st,2013,143,669,712,94.0,143,534,105,157,33,2,21,52,18,11,107,122,.294,.432,.481,.914,257,3,24,3,1,5,2,.347,106,155,choosh01
216,,Garrett Jones,Batting 4th,2010,146,615,654,94.0,146,559,58,139,34,1,17,78,7,3,47,118,.249,.304,.404,.708,226,15,1,0,8,1,6,.282,97,76,jonesga02
217,,Melky Cabrera,Batting 2nd,2011,144,663,706,93.9,144,617,98,189,40,5,18,85,19,10,34,87,.306,.341,.475,.816,293,12,1,7,4,3,10,.331,102,128,cabreme01
218,,Elvis Andrus,Batting 1st,2010,134,632,674,93.8,134,553,86,145,15,2,0,32,31,15,58,88,.262,.338,.297,.634,164,6,5,16,0,0,9,.312,98,81,andruel01
219,,José Bautista,Batting 3rd,2015,142,625,666,93.8,142,513,101,129,26,3,38,108,8,2,100,101,.251,.374,.536,.910,275,19,5,0,7,2,2,.239,99,123,bautijo02
220,,Curtis Granderson,Batting 1st,2008,124,590,629,93.8,124,517,106,143,24,13,20,63,10,4,68,106,.277,.363,.489,.853,253,7,3,1,1,1,5,.314,98,123,grandcu01
221,,Dan Uggla,Batting 2nd,2007,147,683,728,93.8,147,591,110,146,48,3,31,87,2,1,65,158,.247,.328,.496,.824,293,10,12,4,11,0,6,.278,104,114,ugglada01
222,,Paul Goldschmidt,Batting 3rd,2015,147,651,695,93.7,147,529,93,167,36,2,28,101,21,5,112,143,.316,.432,.550,.982,291,15,2,0,7,27,5,.381,96,142,goldspa01
223,,Bengie Molina,Batting 4th,2009,117,487,520,93.7,116,462,47,123,24,1,19,73,0,0,12,62,.266,.283,.446,.729,206,10,3,0,10,2,0,.266,100,75,molinbe01
224,,Alfonso Soriano,Batting 1st,2007,125,577,617,93.5,125,542,92,167,40,4,33,69,18,6,28,121,.308,.345,.579,.924,314,8,4,0,3,4,3,.343,106,140,soriaal01
225,,David DeJesus,Batting 1st,2006,111,515,552,93.3,110,457,79,136,34,5,8,50,6,3,40,62,.298,.366,.446,.813,204,10,12,2,4,4,3,.327,101,113,dejesda01
226,,Curtis Granderson,Batting 1st,2015,140,636,682,93.3,138,546,93,142,29,2,26,64,8,6,80,140,.260,.360,.463,.823,253,3,7,0,3,2,3,.303,100,124,grandcu01
227,,Prince Fielder,Batting 4th,2008,148,647,694,93.2,148,547,81,152,27,2,34,96,3,2,82,127,.278,.376,.521,.897,285,11,9,0,9,18,6,.299,104,113,fieldpr01
228,,Ryan Howard,Batting 4th,2014,137,603,648,93.1,137,527,62,119,16,1,21,90,0,0,64,170,.226,.315,.380,.695,200,9,7,0,5,7,4,.287,102,86,howarry01
229,,Kenny Lofton,Batting 2nd,2006,110,486,522,93.1,110,436,73,131,13,11,3,37,25,3,42,39,.300,.360,.401,.762,175,14,0,6,2,1,8,.323,100,99,loftoke01
230,,David Wright,Batting 3rd,2012,144,623,670,93.0,144,541,81,163,37,2,20,86,13,9,74,103,.301,.385,.488,.873,264,13,3,0,5,14,3,.338,98,115,wrighda03
231,,Adrián González,Batting 3rd,2011,147,664,715,92.9,147,587,104,201,43,3,26,111,0,0,66,114,.342,.411,.559,.970,328,23,6,0,5,15,4,.387,102,140,gonzaad01
232,,Curtis Granderson,Batting 1st,2007,139,628,676,92.9,132,572,116,175,37,21,23,71,22,1,47,132,.306,.362,.565,.926,323,3,4,3,2,1,5,.363,103,141,grandcu01
233,,Elvis Andrus,Batting 2nd,2011,137,617,665,92.8,134,544,89,149,25,3,5,57,33,11,55,66,.274,.343,.358,.702,195,17,3,14,1,0,11,.304,98,99,andruel01
234,,Ian Kinsler,Batting 1st,2011,143,671,723,92.8,143,576,116,148,31,4,32,75,28,4,84,64,.257,.356,.491,.848,283,13,6,3,2,2,7,.241,103,132,kinslia01
235,,Evan Longoria,Batting 3rd,2009,143,622,671,92.7,142,537,88,147,39,0,28,100,8,0,70,131,.274,.362,.503,.865,270,24,8,0,7,9,5,.309,95,106,longoev01
236,,Randy Winn,Batting 1st,2006,127,587,635,92.4,127,529,78,139,33,4,11,52,9,7,46,57,.263,.325,.403,.728,213,5,5,3,4,3,4,.275,102,91,winnra01
237,,Buster Posey,Batting 4th,2015,134,575,623,92.3,134,515,70,167,27,0,17,92,2,0,50,51,.324,.383,.476,.858,245,15,3,0,7,6,3,.330,102,117,poseybu01
238,,Denard Span,Batting 1st,2013,135,611,662,92.3,134,561,66,151,23,11,2,39,20,5,42,73,.269,.322,.360,.682,202,9,2,5,1,0,6,.306,93,90,spande01
239,,Lorenzo Cain,Batting 3rd,2015,129,557,604,92.2,129,507,93,151,33,5,14,66,27,4,34,88,.298,.354,.465,.819,236,16,12,0,4,4,5,.335,96,101,cainlo01
240,,David Eckstein,Batting 2nd,2009,117,523,568,92.1,116,461,60,124,26,2,1,46,3,1,38,42,.269,.334,.341,.675,157,8,9,11,4,1,3,.291,106,81,eckstda01
241,,Edwin Encarnación,Batting 4th,2015,133,575,624,92.1,133,489,85,137,29,0,35,100,3,2,68,90,.280,.372,.554,.926,271,13,9,0,9,5,3,.273,100,131,encared01
242,,Dustin Pedroia,Batting 3rd,2013,147,666,724,92.0,147,587,81,174,38,2,8,79,16,5,69,70,.296,.369,.409,.778,240,21,3,0,7,4,9,.322,98,97,pedrodu01
243,,Vladimir Guerrero,Batting 4th,2011,127,542,590,91.9,127,514,53,146,24,1,11,51,2,2,17,51,.284,.314,.399,.712,205,21,7,0,4,3,4,.296,95,80,guerrvl01
244,,Víctor Martínez,Batting 3rd,2009,140,617,672,91.8,140,541,85,167,29,1,22,95,1,0,69,67,.309,.384,.488,.872,264,15,1,0,6,3,2,.317,103,109,martivi01
245,,Troy Glaus,Batting 4th,2006,136,580,634,91.5,136,491,99,125,26,0,35,96,3,2,82,124,.255,.362,.521,.883,256,23,3,0,4,5,3,.268,104,101,glaustr01
246,,Matt Holliday,Batting 3rd,2014,142,610,667,91.5,142,523,76,144,34,0,20,86,4,1,69,93,.275,.375,.455,.830,238,15,16,0,2,4,3,.301,105,108,hollima01
247,,Marco Scutaro,Batting 1st,2010,134,636,695,91.5,134,581,86,164,35,0,11,51,4,4,47,67,.282,.336,.399,.736,232,9,2,3,3,0,8,.302,104,107,scutama01
248,,Ryan Zimmerman,Batting 3rd,2009,141,634,694,91.4,141,559,100,163,32,3,30,95,2,0,64,110,.292,.361,.521,.882,291,22,2,0,9,8,5,.311,98,110,zimmery01
249,,Bobby Abreu,Batting 3rd,2008,140,624,684,91.2,140,556,92,165,35,2,19,93,19,10,66,96,.297,.372,.469,.841,261,14,1,0,1,2,4,.330,100,104,abreubo01
250,,Kole Calhoun,Batting 1st,2014,109,489,537,91.1,103,448,86,126,30,2,17,58,4,3,36,94,.281,.336,.471,.807,211,5,2,1,2,0,6,.322,108,124,calhoko01
251,,Ben Revere,Batting 1st,2014,123,570,626,91.1,123,547,65,171,13,6,2,27,47,7,12,43,.313,.332,.369,.701,202,10,4,6,1,0,6,.336,104,97,reverbe01
252,,Martín Prado,Batting 2nd,2012,140,627,690,90.9,140,562,72,167,38,6,9,60,15,2,53,64,.297,.355,.434,.789,244,18,1,4,7,2,8,.319,98,121,pradoma01
253,,Bobby Abreu,Batting 3rd,2006,137,623,686,90.8,137,498,92,150,38,2,15,99,29,5,112,128,.301,.425,.476,.901,237,12,2,2,9,5,4,.371,103,115,abreubo01
254,,Jason Bartlett,Batting 2nd,2011,123,561,618,90.8,123,502,57,121,22,2,2,39,21,9,43,92,.241,.304,.305,.609,153,12,5,5,6,0,4,.287,98,73,bartlja01
255,,Adam Dunn,Batting 4th,2009,142,606,668,90.7,142,494,75,132,25,0,36,98,0,1,107,161,.267,.399,.536,.936,265,8,3,0,2,16,1,.321,102,127,dunnad01
256,,Troy Tulowitzki,Batting 4th,2010,110,480,529,90.7,110,425,82,133,28,2,25,86,9,2,46,70,.313,.380,.565,.945,240,14,3,1,5,4,3,.322,99,132,tulowtr01
257,,Alex Rodriguez,Batting 4th,2008,126,538,594,90.6,126,462,97,140,30,0,31,91,16,3,59,106,.303,.394,.569,.963,263,16,13,0,4,7,7,.331,100,128,rodrial01
258,,Kevin Youkilis,Batting 4th,2011,108,468,517,90.5,108,390,66,105,29,2,16,78,3,0,62,89,.269,.382,.477,.859,186,14,12,0,4,3,6,.308,106,118,youklke01
259,,Nori Aoki,Batting 1st,2013,133,609,674,90.4,133,538,68,159,19,3,6,32,16,12,53,36,.296,.367,.375,.742,202,6,9,6,3,1,13,.307,104,108,aokino01
260,,Skip Schumaker,Batting 1st,2009,121,530,586,90.4,120,480,78,147,31,1,3,30,1,2,48,55,.306,.369,.394,.762,189,4,0,1,1,1,8,.340,102,102,schumsk01
261,,Shane Victorino,Batting 2nd,2013,107,481,532,90.4,107,429,71,128,23,2,14,57,18,3,24,63,.298,.357,.459,.816,197,5,16,10,2,0,4,.322,104,127,victosh01
262,,Paul Goldschmidt,Batting 3rd,2013,143,641,710,90.3,143,543,87,162,31,3,33,112,13,7,90,127,.298,.398,.549,.947,298,24,3,0,4,18,3,.333,99,136,goldspa01
263,,Andre Ethier,Batting 3rd,2011,116,497,551,90.2,116,442,60,129,28,0,10,49,0,1,49,95,.292,.364,.423,.787,187,8,3,0,3,5,3,.350,99,97,ethiean01
264,,Skip Schumaker,Batting 1st,2008,122,536,594,90.2,110,485,81,150,21,5,7,43,8,2,45,51,.309,.370,.416,.786,202,16,2,3,1,2,4,.334,106,108,schumsk01
265,,Alcides Escobar,Batting 1st,2015,131,596,662,90.0,131,549,74,142,18,4,3,42,16,5,24,61,.259,.296,.322,.618,177,10,7,11,5,1,6,.284,102,70,escobal02
266,,Alfonso Soriano,Batting 4th,2013,135,563,626,89.9,133,521,69,128,30,1,27,82,17,9,33,140,.246,.295,.463,.757,241,10,5,0,4,3,5,.282,92,90,soriaal01
267,,Derek Jeter,Batting 2nd,2008,134,600,668,89.8,134,535,80,161,23,2,8,62,10,5,47,77,.301,.363,.396,.759,212,22,7,7,4,0,10,.337,97,105,jeterde01
268,,Hanley Ramírez,Batting 1st,2008,135,622,693,89.8,135,533,112,162,32,4,32,63,31,11,79,107,.304,.400,.559,.959,298,4,8,0,2,9,8,.328,104,151,ramirha01
269,,Nomar Garciaparra,Batting 3rd,2006,106,469,523,89.7,105,423,70,128,26,2,17,79,2,0,35,27,.303,.365,.494,.859,209,14,8,0,3,8,1,.291,97,102,garcino01
270,,Chase Utley,Batting 3rd,2010,102,458,511,89.6,102,379,72,107,16,2,16,61,12,2,58,54,.282,.395,.462,.857,175,3,16,0,5,3,4,.290,106,110,utleych01
271,,Matt Holliday,Batting 4th,2010,140,604,675,89.5,140,533,82,164,39,1,23,90,8,5,62,84,.308,.386,.514,.900,274,13,7,0,2,10,4,.329,96,123,hollima01
272,,Brian McCann,Batting 4th,2009,114,493,551,89.5,114,437,58,118,28,0,20,87,4,0,43,75,.270,.337,.471,.808,206,16,4,3,6,2,7,.282,94,96,mccanbr01
273,,Ryan Braun,Batting 3rd,2008,133,592,663,89.3,133,540,85,160,35,7,34,99,14,3,42,115,.296,.351,.576,.927,311,12,6,0,4,4,7,.319,109,121,braunry02
274,,Jacoby Ellsbury,Batting 1st,2008,115,544,609,89.3,114,497,81,135,21,7,5,37,46,9,34,74,.272,.324,.372,.696,185,9,6,4,3,1,5,.309,91,84,ellsbja01
275,,David Ortiz,Batting 4th,2013,121,535,600,89.2,121,462,69,144,34,2,25,90,4,0,68,79,.312,.396,.556,.953,257,16,0,0,5,22,6,.328,99,140,ortizda01
276,,Chase Headley,Batting 3rd,2012,141,622,699,89.0,141,535,86,150,26,2,29,105,15,5,78,141,.280,.373,.499,.872,267,7,4,0,5,2,7,.327,99,114,headlch01
277,,Jayson Werth,Batting 5th,2010,136,580,652,89.0,135,491,99,153,40,2,27,82,12,2,73,126,.312,.402,.566,.968,278,10,7,0,9,5,4,.363,110,149,werthja01
278,,Derek Jeter,Batting 1st,2010,137,656,739,88.8,137,591,104,167,28,2,10,60,15,5,52,95,.283,.348,.387,.736,229,17,9,1,3,3,7,.321,107,107,jeterde01
279,,Josh Willingham,Batting 4th,2011,118,500,563,88.8,118,434,62,107,22,0,26,85,4,0,50,135,.247,.334,.477,.811,207,6,10,0,6,3,2,.290,101,104,willijo03
280,,Chone Figgins,Batting 1st,2006,131,605,683,88.6,131,536,77,134,18,5,5,48,44,14,57,91,.250,.321,.330,.651,177,5,2,4,6,1,7,.289,83,73,figgich01
281,,Édgar Rentería,Batting 2nd,2006,130,596,673,88.6,130,527,90,158,34,2,14,62,17,6,58,77,.300,.372,.452,.824,238,14,3,8,0,0,11,.330,107,114,renteed01
282,,Delmon Young,Batting 5th,2012,130,536,608,88.2,129,508,46,136,24,1,16,66,0,1,17,103,.268,.295,.413,.708,210,16,5,0,6,1,5,.304,100,86,youngde03
283,,Matt Carpenter,Batting 1st,2013,136,632,717,88.1,136,551,110,178,47,7,9,69,3,3,65,83,.323,.398,.483,.881,266,2,8,1,7,1,5,.363,102,145,carpema01
284,,Marco Scutaro,Batting 2nd,2013,110,482,547,88.1,110,427,48,127,20,3,2,28,1,0,43,26,.297,.361,.372,.733,159,12,1,8,3,0,6,.311,102,106,scutama01
285,,Dan Uggla,Batting 2nd,2006,132,601,683,88.0,132,540,100,157,22,6,26,86,6,3,40,106,.291,.343,.498,.842,269,4,7,7,7,1,5,.316,105,117,ugglada01
286,,Bryce Harper,Batting 2nd,2012,117,525,597,87.9,117,471,87,127,20,9,20,54,16,4,48,107,.270,.337,.478,.815,225,8,1,3,2,0,6,.309,99,127,harpebr03
287,,Matt Holliday,Batting 4th,2009,135,589,670,87.9,135,511,86,162,34,3,24,101,8,6,62,91,.317,.397,.536,.933,274,10,10,0,6,7,6,.343,105,127,hollima01
288,,Alex Rodriguez,Batting 3rd,2015,122,545,620,87.9,122,459,70,107,20,1,24,65,3,0,73,125,.233,.341,.438,.779,201,17,6,0,7,3,3,.262,86,92,rodrial01
289,,Mark Grudzielanek,Batting 2nd,2006,116,514,586,87.7,115,483,77,145,31,4,7,49,2,1,21,62,.300,.329,.424,.753,205,11,2,3,5,2,3,.329,103,95,grudzma01
290,,Jason Kipnis,Batting 1st,2015,121,562,641,87.7,121,492,81,153,42,6,9,48,10,8,53,94,.311,.385,.476,.861,234,4,9,4,4,5,4,.366,109,135,kipnija01
291,,Scott Rolen,Batting 4th,2010,112,471,537,87.7,110,412,50,116,32,3,13,71,1,1,43,76,.282,.355,.468,.823,193,12,8,0,8,2,1,.311,93,104,rolensc01
292,,Jimmy Rollins,Batting 1st,2012,133,613,699,87.7,133,553,93,141,30,5,23,64,25,5,58,81,.255,.325,.452,.777,250,7,0,1,1,2,4,.262,109,116,rolliji01
293,,David DeJesus,Batting 1st,2012,116,510,582,87.6,114,448,66,123,26,7,6,33,5,7,52,77,.275,.358,.404,.762,181,8,7,1,2,1,10,.319,103,114,dejesda01
294,,Chase Utley,Batting 3rd,2009,136,602,687,87.6,136,501,101,140,22,4,28,80,20,0,76,94,.279,.395,.507,.902,254,5,22,0,3,1,4,.293,99,116,utleych01
295,,Andre Ethier,Batting 3rd,2010,116,511,585,87.4,116,448,66,129,30,1,21,74,1,1,54,86,.288,.364,.500,.864,224,7,3,0,6,11,4,.311,101,110,ethiean01
296,,Josh Reddick,Batting 3rd,2012,133,588,673,87.4,133,531,73,128,25,5,27,76,11,1,50,141,.241,.307,.460,.766,244,14,2,1,4,6,4,.275,100,87,reddijo01
297,,Chris Coghlan,Batting 1st,2009,106,493,565,87.3,106,446,76,150,30,5,7,41,7,5,41,65,.336,.397,.473,.870,211,3,4,2,0,1,3,.382,105,130,coghlch01
298,,Eric Hosmer,Batting 4th,2015,135,582,667,87.3,135,527,88,156,29,4,17,82,6,3,51,100,.296,.361,.463,.824,244,14,3,0,1,5,3,.338,100,108,hosmeer01
299,,Josh Donaldson,Batting 2nd,2015,136,620,711,87.2,136,537,108,163,35,2,38,113,4,0,67,109,.304,.382,.588,.970,316,15,6,2,8,0,4,.314,107,155,donaljo02
300,,Adrian Beltré,Batting 4th,2014,130,534,614,87.0,130,473,69,160,29,1,16,67,1,1,53,54,.338,.404,.505,.910,239,13,3,0,5,13,7,.353,107,143,beltrad01
301,,Jimmy Rollins,Batting 1st,2007,139,675,778,86.8,139,622,128,187,33,17,30,81,33,6,43,73,.301,.350,.553,.903,344,9,6,0,4,5,10,.300,106,135,rolliji01
302,,Carlos Delgado,Batting 4th,2006,124,536,618,86.7,124,455,79,125,28,2,32,100,0,0,64,100,.275,.368,.556,.924,253,9,8,0,9,7,3,.280,103,110,delgaca01
303,,Derek Jeter,Batting 2nd,2007,134,619,714,86.7,134,558,90,183,35,4,11,60,14,7,44,86,.328,.388,.464,.852,259,16,12,3,2,3,16,.371,103,124,jeterde01
304,,Matt Holliday,Batting 3rd,2013,121,521,602,86.5,121,451,88,129,27,1,20,82,2,0,58,76,.286,.374,.483,.858,218,28,8,0,4,4,2,.304,95,115,hollima01
305,,Carlos González,Batting 3rd,2012,113,499,579,86.2,113,454,81,140,29,5,21,76,17,2,42,102,.308,.369,.533,.902,242,10,2,0,1,7,3,.358,104,121,gonzaca01
306,,Derek Jeter,Batting 2nd,2006,132,616,715,86.2,132,541,104,181,32,3,13,83,25,3,57,91,.335,.404,.477,.881,258,10,8,7,3,2,8,.382,96,129,jeterde01
307,,Ken Griffey Jr.,Batting 3rd,2007,116,535,623,85.9,116,455,68,127,19,1,28,82,6,1,70,91,.279,.370,.510,.880,232,13,1,0,9,11,2,.287,102,107,griffke02
308,,Carlos Guillén,Batting 5th,2006,131,534,622,85.9,131,467,87,154,35,5,16,74,19,9,61,75,.330,.408,.529,.937,247,12,3,0,3,9,7,.364,104,127,guillca01
309,,Joe Mauer,Batting 3rd,2015,133,572,666,85.9,133,504,57,132,30,2,5,59,1,1,61,94,.262,.340,.359,.699,181,19,1,1,5,9,13,.310,95,75,mauerjo01
310,,Jason Bay,Batting 4th,2006,134,591,689,85.8,134,497,89,146,27,2,32,97,8,1,82,139,.294,.394,.549,.944,273,15,5,0,7,9,1,.342,103,116,bayja01
311,,Desmond Jennings,Batting 1st,2012,108,483,563,85.8,107,434,76,106,14,7,12,39,28,2,42,103,.244,.316,.392,.708,170,5,4,2,1,1,4,.294,102,98,jennide01
312,,Carlos Santana,Batting 4th,2014,130,566,660,85.8,130,463,58,104,21,0,22,71,5,2,99,106,.225,.360,.413,.773,191,11,1,0,3,5,4,.243,95,107,santaca01
313,,Carlos Lee,Batting 4th,2010,135,556,649,85.7,135,517,55,124,23,0,21,72,2,2,32,52,.240,.286,.406,.692,210,18,3,0,4,1,3,.230,96,71,leeca01
314,,Brad Hawpe,Batting 6th,2007,122,519,606,85.6,120,444,69,127,28,4,25,105,0,2,69,108,.286,.382,.536,.918,238,13,2,0,4,10,3,.324,98,133,hawpebr01
315,,Alex Ríos,Batting 3rd,2008,131,587,687,85.4,131,541,80,160,42,6,13,73,29,7,40,87,.296,.345,.468,.812,253,18,2,0,3,2,9,.331,104,96,riosal01
316,,Dustin Pedroia,Batting 2nd,2008,133,618,726,85.1,132,556,104,184,46,2,15,73,18,1,43,45,.331,.382,.502,.884,279,13,7,6,6,0,10,.337,103,137,pedrodu01
317,,Pat Burrell,Batting 5th,2008,133,548,645,85.0,133,455,63,115,27,2,31,76,0,0,87,113,.253,.370,.525,.896,239,8,1,0,5,5,1,.266,104,128,burrepa01
318,,Dexter Fowler,Batting 1st,2009,100,440,518,84.9,92,368,57,94,27,6,4,30,25,9,58,102,.255,.354,.394,.748,145,2,0,11,3,1,5,.340,95,98,fowlede01
319,,Akinori Iwamura,Batting 1st,2007,101,474,559,84.8,101,422,64,115,18,8,6,29,9,5,42,103,.273,.336,.396,.732,167,2,1,4,5,0,1,.343,90,93,iwamuak01
320,,Jean Segura,Batting 2nd,2013,120,528,623,84.8,120,499,65,148,15,9,11,42,39,12,19,68,.297,.329,.429,.758,214,15,6,2,2,0,7,.325,101,110,segurje01
321,,Adrián González,Batting 3rd,2010,132,587,693,84.7,132,504,75,150,26,0,27,88,0,0,75,101,.298,.388,.510,.898,257,9,2,1,4,25,6,.324,99,119,gonzaad01
322,,Mookie Betts,Batting 1st,2015,117,553,654,84.6,117,503,83,144,37,6,17,69,15,5,40,71,.286,.338,.485,.823,244,2,2,2,6,1,10,.302,100,123,bettsmo01
323,,Curtis Granderson,Batting 1st,2009,130,601,710,84.6,130,535,79,129,20,7,25,59,16,5,60,130,.241,.319,.445,.764,238,0,2,3,1,3,1,.273,96,101,grandcu01
324,,Hanley Ramírez,Batting 1st,2006,128,592,700,84.6,128,531,104,156,40,11,13,50,41,15,50,111,.294,.358,.484,.842,257,6,4,5,2,0,5,.350,102,120,ramirha01
325,,Dmitri Young,Batting 4th,2007,107,430,508,84.6,106,392,50,124,32,1,11,60,0,0,34,63,.316,.370,.487,.857,191,12,1,0,3,4,1,.352,97,102,youngdm01
326,,J.J. Hardy,Batting 6th,2014,119,481,569,84.5,119,447,48,115,23,0,8,46,0,0,25,91,.257,.299,.362,.661,162,9,3,2,4,1,4,.304,94,93,hardyjj01
327,,Yunel Escobar,Batting 1st,2011,111,498,590,84.4,110,435,65,127,23,2,10,41,2,3,50,54,.292,.366,.423,.789,184,13,4,4,5,1,8,.311,102,118,escobyu01
328,,DJ LeMahieu,Batting 8th,2014,121,454,538,84.4,120,420,49,113,13,4,3,36,10,9,27,78,.269,.314,.340,.655,143,11,1,5,1,7,5,.324,97,101,lemahdj01
329,,Pedro Feliz,Batting 7th,2009,131,527,625,84.3,129,486,53,132,24,2,11,75,0,1,31,58,.272,.316,.397,.713,193,12,3,2,5,3,6,.287,105,96,felizpe01
330,,Marcus Giles,Batting 1st,2006,113,528,626,84.3,113,463,73,116,23,2,8,49,10,4,53,87,.251,.334,.361,.695,167,9,6,4,2,0,5,.292,91,84,gilesma01
331,,Matt Holliday,Batting 3rd,2007,133,601,713,84.3,133,531,108,176,40,5,33,121,9,4,56,106,.331,.403,.612,1.015,325,16,10,0,4,7,5,.361,100,137,hollima01
332,,Yadier Molina,Batting 5th,2013,111,456,541,84.3,111,428,55,136,36,0,9,68,3,2,23,47,.318,.355,.465,.820,199,12,3,0,2,3,3,.340,96,121,molinya01
333,,David DeJesus,Batting 1st,2007,131,592,703,84.2,129,508,86,135,23,9,7,46,9,4,57,71,.266,.358,.388,.746,197,9,18,5,4,7,9,.295,106,97,dejesda01
334,,Jimmy Rollins,Batting 2nd,2014,111,513,609,84.2,111,456,66,110,17,4,12,45,25,4,53,85,.241,.320,.375,.695,171,6,0,3,1,2,6,.272,94,95,rolliji01
335,,Justin Upton,Batting 3rd,2009,111,495,588,84.2,111,444,71,135,24,7,22,74,19,4,45,115,.304,.366,.538,.905,239,9,1,1,4,3,0,.363,101,115,uptonju01
336,,José Reyes,Batting 1st,2010,110,507,603,84.1,110,474,70,141,24,9,11,47,24,10,26,49,.297,.333,.456,.789,216,5,1,3,3,3,4,.312,110,121,reyesjo01
337,,Ender Inciarte,Batting 1st,2015,101,470,561,83.8,101,437,64,133,23,5,6,39,18,10,23,49,.304,.340,.421,.761,184,6,3,2,5,0,7,.328,104,108,inciaen01
338,,Nate McLouth,Batting 1st,2013,108,497,593,83.8,108,444,66,116,23,4,8,25,28,5,46,71,.261,.334,.385,.719,171,5,3,3,1,0,1,.295,98,100,mclouna01
339,,Dustin Pedroia,Batting 2nd,2009,129,598,714,83.8,129,521,97,162,42,1,13,58,16,7,64,37,.311,.388,.470,.858,245,18,5,2,6,2,8,.312,110,128,pedrodu01
340,,Alfonso Soriano,Batting 1st,2006,131,610,728,83.8,131,541,102,159,38,2,39,81,38,16,58,130,.294,.368,.588,.956,318,2,7,2,2,14,5,.321,110,148,soriaal01
341,,Alex Ríos,Batting 3rd,2013,129,554,662,83.7,129,515,68,143,28,3,15,71,34,7,35,91,.278,.324,.431,.755,222,13,1,0,2,2,4,.311,100,89,riosal01
342,,Addison Russell,Batting 9th,2015,117,437,523,83.6,116,398,52,98,24,1,13,45,2,2,34,124,.246,.310,.410,.719,163,7,3,1,1,0,3,.324,106,158,russead02
343,,Mark Teixeira,Batting 3rd,2011,129,572,684,83.6,129,492,76,124,21,0,34,91,4,1,65,92,.252,.348,.502,.850,247,11,10,0,5,2,4,.243,104,109,teixema01
344,,Matt Holliday,Batting 4th,2011,99,430,516,83.3,99,370,70,111,29,0,18,64,2,1,53,84,.300,.395,.524,.920,194,17,6,0,1,3,1,.346,102,132,hollima01
345,,Andrés Torres,Batting 1st,2010,104,475,570,83.3,104,427,75,111,35,7,14,52,24,5,45,111,.260,.332,.473,.805,202,8,1,2,0,1,2,.321,96,125,torrean02
346,,Rafael Furcal,Batting 1st,2012,94,442,531,83.2,94,394,63,107,14,1,5,43,12,4,42,43,.272,.341,.350,.691,138,5,1,2,3,1,3,.292,106,95,furcara02
347,,Matt Holliday,Batting 3rd,2008,117,518,623,83.1,117,451,91,144,31,1,21,74,23,2,58,84,.319,.403,.532,.936,240,7,7,0,2,5,7,.353,97,126,hollima01
348,,Shane Victorino,Batting 2nd,2007,91,424,510,83.1,89,382,65,105,20,3,9,34,26,4,28,52,.275,.337,.414,.750,158,9,8,5,1,0,10,.298,95,97,victosh01
349,,Nori Aoki,Batting 1st,2014,104,455,549,82.9,104,407,53,110,19,4,1,36,14,6,35,42,.270,.336,.344,.680,140,4,6,6,1,0,6,.299,92,92,aokino01
350,,Jay Bruce,Batting 5th,2013,134,578,697,82.9,134,528,71,136,37,1,25,86,4,3,43,163,.258,.313,.473,.787,250,8,2,0,5,9,8,.322,94,110,bruceja01
351,,Brandon Phillips,Batting 4th,2013,127,552,666,82.9,127,505,67,134,20,1,16,96,4,3,31,77,.265,.312,.404,.716,204,16,7,0,9,6,7,.280,103,82,phillbr01
352,,Michael Young,Batting 2nd,2006,132,619,748,82.8,132,573,80,186,43,3,11,85,6,3,39,74,.325,.365,.468,.833,268,20,1,0,6,0,10,.354,105,116,youngmi02
353,,Michael Brantley,Batting 3rd,2014,126,559,676,82.7,126,506,78,170,39,2,15,74,19,1,42,47,.336,.392,.510,.902,258,13,7,0,4,4,7,.346,103,125,brantmi02
354,,Robinson Canó,Batting 5th,2010,132,575,696,82.6,132,518,77,165,37,3,22,81,3,2,44,65,.319,.377,.529,.906,274,13,8,0,5,14,3,.328,98,133,canoro01
355,,Allen Craig,Batting 4th,2013,110,465,563,82.6,110,422,56,132,24,2,12,78,2,0,31,82,.313,.368,.464,.832,196,11,8,0,4,0,3,.361,100,112,craigal01
356,,David Bell,Batting 7th,2006,117,467,566,82.5,116,413,47,115,24,4,10,59,2,0,45,55,.278,.348,.429,.777,177,15,2,2,5,2,3,.297,111,108,bellda01
357,,Adam Jones,Batting 4th,2012,133,575,697,82.5,133,530,86,154,32,2,28,73,13,7,30,101,.291,.343,.517,.860,274,13,13,0,2,0,6,.313,105,110,jonesad01
358,,Rickie Weeks,Batting 1st,2011,93,425,515,82.5,93,377,67,103,22,2,17,39,7,2,38,87,.273,.347,.477,.824,180,5,6,1,3,3,5,.312,101,126,weeksri01
359,,Shane Victorino,Batting 2nd,2009,124,572,694,82.4,124,512,90,157,33,11,9,50,21,7,48,50,.307,.370,.467,.837,239,3,5,4,3,0,7,.325,108,122,victosh01
360,,Anthony Rizzo,Batting 3rd,2013,131,568,690,82.3,131,502,55,113,33,2,19,67,5,4,61,108,.225,.313,.412,.726,207,12,4,0,1,3,5,.250,95,81,rizzoan01
361,,Plácido Polanco,Batting 2nd,2010,106,495,602,82.2,106,456,70,138,23,2,5,43,5,0,28,39,.303,.346,.395,.741,180,13,5,1,5,0,7,.319,104,103,polanpl01
362,,Evan Longoria,Batting 3rd,2015,129,550,670,82.1,129,504,55,134,26,1,18,64,3,1,33,110,.266,.313,.429,.741,216,9,5,0,8,6,5,.302,94,82,longoev01
363,,Daniel Murphy,Batting 2nd,2014,116,527,642,82.1,116,489,66,149,33,2,8,49,10,4,33,67,.305,.347,.429,.777,210,14,1,0,4,3,4,.337,111,117,murphda08
364,,Buster Posey,Batting 3rd,2014,117,497,605,82.1,117,451,62,147,25,2,17,74,0,1,36,51,.326,.372,.503,.876,227,15,2,0,8,2,3,.332,105,118,poseybu01
365,,Billy Butler,Batting 3rd,2009,125,551,672,82.0,125,503,62,154,42,1,19,81,1,0,42,83,.306,.359,.507,.866,255,17,2,0,4,2,4,.333,102,106,butlebi03
366,,Prince Fielder,Batting 3rd,2015,129,566,693,81.7,129,500,60,152,23,0,19,81,0,0,51,72,.304,.376,.464,.840,232,16,10,0,5,9,1,.321,100,108,fieldpr01
367,,Iván Rodríguez,Batting 6th,2007,102,420,515,81.6,102,408,39,119,23,3,10,59,2,2,8,73,.292,.305,.436,.742,178,15,1,1,2,1,5,.333,108,88,rodriiv01
368,,Miguel Cabrera,Batting 4th,2009,130,558,685,81.5,130,496,78,160,26,0,27,91,6,2,57,86,.323,.396,.538,.934,267,17,4,0,1,13,7,.346,98,127,cabremi01
369,,Michael Bourn,Batting 1st,2009,122,552,678,81.4,122,493,80,138,22,9,2,27,48,10,54,117,.280,.351,.373,.724,184,1,1,2,2,1,7,.362,96,92,bournmi01
370,,Hanley Ramírez,Batting 3rd,2010,115,503,619,81.3,115,445,70,136,21,2,18,69,27,7,51,76,.306,.380,.483,.863,215,12,4,0,3,9,6,.333,102,111,ramirha01
371,,Manny Ramirez,Batting 4th,2008,122,532,654,81.3,122,454,79,144,26,1,26,89,2,0,66,101,.317,.415,.551,.966,250,16,11,0,1,13,5,.360,88,130,ramirma02
372,,Shin-Soo Choo,Batting 1st,2014,97,429,529,81.1,96,365,45,93,16,1,10,26,3,4,50,106,.255,.357,.386,.743,141,8,10,0,4,3,2,.328,108,109,choosh01
373,,Josh Hamilton,Batting 3rd,2008,124,571,704,81.1,124,511,82,158,26,4,27,110,7,0,48,100,.309,.368,.534,.902,273,7,4,0,8,5,4,.334,100,117,hamiljo03
374,,Felipe López,Batting 2nd,2006,125,579,714,81.1,125,497,78,131,21,2,9,39,40,10,68,110,.264,.353,.368,.721,183,7,2,10,2,0,5,.321,95,89,lopezfe01
375,,Melky Cabrera,Batting 2nd,2014,112,503,621,81.0,112,455,65,131,30,3,11,63,4,1,38,56,.288,.343,.440,.783,200,14,3,2,5,3,8,.305,94,119,cabreme01
376,,Nick Johnson,Batting 2nd,2009,102,465,574,81.0,101,369,57,110,22,2,7,52,2,2,81,64,.298,.433,.425,.859,157,10,10,1,4,4,1,.341,107,130,johnsni01
377,,Rickie Weeks,Batting 1st,2007,88,410,506,81.0,88,333,76,84,15,6,16,33,21,2,61,89,.252,.385,.477,.862,159,2,12,2,2,1,5,.296,113,127,weeksri01
378,,Adam Dunn,Batting 4th,2010,125,524,648,80.9,125,456,67,115,28,2,29,81,0,1,58,165,.252,.344,.513,.857,234,8,7,0,3,8,3,.325,92,111,dunnad01
379,,Mark Teahen,Batting 3rd,2007,113,492,608,80.9,113,442,64,126,23,7,7,53,12,2,43,105,.285,.351,.416,.767,184,19,3,2,2,8,4,.358,101,82,teahema01
380,,Michael Young,Batting 2nd,2009,110,480,593,80.9,110,434,64,141,24,1,18,58,8,2,41,70,.325,.381,.509,.890,221,11,1,0,4,2,6,.351,100,135,youngmi02
381,,Jim Thome,Batting 3rd,2006,112,492,610,80.7,112,401,92,117,22,0,34,88,0,0,81,118,.292,.413,.601,1.014,241,3,5,0,5,10,1,.327,100,138,thomeji01
382,,Brandon Phillips,Batting 4th,2009,122,519,644,80.6,122,475,62,130,23,2,17,82,18,7,33,66,.274,.324,.438,.762,208,16,5,1,5,1,5,.285,97,85,phillbr01
383,,Brandon Phillips,Batting 4th,2008,114,491,609,80.6,114,449,67,123,20,7,19,67,19,8,33,77,.274,.326,.477,.802,214,10,4,0,5,4,7,.291,112,90,phillbr01
384,,José Bautista,Batting 3rd,2014,123,542,673,80.5,123,449,77,129,22,0,27,77,4,1,81,82,.287,.401,.517,.918,232,16,7,1,4,9,8,.297,98,130,bautijo02
385,,Orlando Cabrera,Batting 1st,2008,129,588,730,80.5,128,533,75,156,30,1,6,51,13,6,44,57,.293,.341,.386,.728,206,12,0,2,9,1,2,.313,106,92,cabreor01
386,,Nyjer Morgan,Batting 1st,2009,94,429,533,80.5,94,378,61,118,14,6,1,29,35,12,33,62,.312,.375,.389,.764,147,4,7,8,3,2,2,.368,102,103,morgany01
387,,Ryan Howard,Batting 4th,2015,96,404,503,80.3,96,376,42,91,27,1,17,63,0,0,21,106,.242,.288,.455,.743,171,11,4,0,2,1,0,.290,107,85,howarry01
388,,Nick Markakis,Batting 3rd,2007,128,570,710,80.3,127,511,81,152,33,3,18,91,14,5,52,89,.297,.364,.479,.843,245,16,3,1,3,5,7,.329,99,99,markani01
389,,Casey McGehee,Batting 4th,2014,127,555,691,80.3,127,491,51,148,25,1,4,66,4,1,59,76,.301,.373,.381,.754,187,27,0,0,5,3,3,.346,112,104,mcgehca01
390,,Nyjer Morgan,Batting 1st,2010,104,462,577,80.1,104,410,46,103,12,7,0,22,30,15,32,74,.251,.316,.315,.630,129,2,8,9,3,0,4,.304,99,79,morgany01
391,,Aramis Ramírez,Batting 4th,2014,105,425,531,80.0,105,395,34,112,17,1,10,50,3,0,17,58,.284,.327,.408,.735,161,18,10,0,3,1,2,.309,95,96,ramirar01
392,,David DeJesus,Batting 1st,2008,105,461,577,79.9,105,415,61,133,22,7,10,57,8,5,34,50,.320,.376,.480,.856,199,8,5,4,3,1,3,.344,109,125,dejesda01
393,,Lance Berkman,Batting 3rd,2009,105,449,563,79.8,105,368,60,98,24,1,18,62,2,4,76,81,.266,.391,.484,.874,178,12,1,0,3,9,3,.294,93,110,berkmla01
394,,Jacoby Ellsbury,Batting 1st,2009,118,553,693,79.8,117,504,75,151,24,8,4,45,52,11,36,60,.300,.347,.403,.750,203,11,3,4,4,0,7,.331,95,98,ellsbja01
395,,Alfonso Soriano,Batting 4th,2012,121,491,615,79.8,120,448,58,113,23,2,27,89,6,2,34,130,.252,.312,.493,.805,221,15,6,0,3,4,5,.293,96,96,soriaal01
396,,Justin Upton,Batting 4th,2015,119,495,620,79.8,119,438,74,112,24,3,24,72,14,5,49,123,.256,.332,.489,.821,214,9,3,0,4,3,7,.298,107,105,uptonju01
397,,Adam Jones,Batting 4th,2013,129,549,689,79.7,129,520,85,152,29,1,28,92,10,2,20,99,.292,.326,.513,.840,267,9,7,0,2,3,6,.314,107,110,jonesad01
398,,Austin Kearns,Batting 5th,2007,126,537,674,79.7,126,472,61,126,31,1,11,55,1,2,53,86,.267,.348,.407,.755,192,12,8,0,4,5,6,.303,97,95,kearnau01
399,,Joe Mauer,Batting 2nd,2013,88,405,508,79.7,87,358,52,111,31,0,8,34,0,0,45,71,.310,.385,.464,.849,166,5,0,0,2,6,1,.367,93,136,mauerjo01
400,,Mark Teixeira,Batting 4th,2014,96,405,508,79.7,95,352,43,73,11,0,16,47,1,1,44,87,.207,.301,.375,.676,132,9,5,0,4,2,1,.225,90,80,teixema01
401,,Jimmy Rollins,Batting 1st,2011,108,502,631,79.6,108,454,70,121,17,2,15,58,25,7,42,45,.267,.331,.412,.743,187,5,3,0,3,4,5,.267,101,104,rolliji01
402,,Giancarlo Stanton,Batting 3rd,2013,92,401,504,79.6,92,338,47,82,22,0,17,41,1,0,60,103,.243,.359,.459,.818,155,7,2,0,1,3,6,.297,94,105,stantmi03
403,,J.J. Hardy,Batting 2nd,2007,112,507,638,79.5,112,468,73,128,23,1,19,67,1,3,33,54,.274,.322,.449,.771,210,6,1,4,1,1,3,.275,97,101,hardyjj01
404,,Chase Utley,Batting 3rd,2008,128,562,707,79.5,128,484,90,141,35,2,29,89,9,1,48,81,.291,.378,.552,.930,267,7,23,1,6,9,3,.295,103,124,utleych01
405,,Nori Aoki,Batting 1st,2012,101,467,588,79.4,99,416,64,119,33,3,8,39,24,8,34,37,.286,.353,.438,.790,182,6,11,2,4,1,6,.296,101,121,aokino01
406,,Jamey Carroll,Batting 1st,2006,92,424,534,79.4,91,371,70,111,18,5,4,31,6,8,43,54,.299,.372,.407,.779,151,7,2,5,3,0,4,.339,99,106,carroja01
407,,Torii Hunter,Batting 5th,2008,117,483,608,79.4,117,435,70,119,30,2,20,68,16,3,41,85,.274,.344,.490,.833,213,11,6,0,1,4,7,.299,105,112,hunteto01
408,,Casey McGehee,Batting 5th,2011,116,476,600,79.3,111,433,35,96,18,1,10,55,0,2,36,84,.222,.279,.337,.617,146,14,1,0,6,3,5,.249,97,64,mcgehca01
409,,Yoenis Céspedes,Batting 4th,2012,103,427,540,79.1,102,384,51,111,17,2,16,63,15,3,35,82,.289,.356,.469,.825,180,8,6,0,2,5,5,.330,93,104,cespeyo01
410,,Craig Biggio,Batting 1st,2007,94,438,555,78.9,94,415,59,108,26,3,10,44,4,2,17,85,.260,.294,.410,.703,170,3,3,2,1,0,7,.305,111,84,biggicr01
411,,Ian Kinsler,Batting 1st,2009,110,505,640,78.9,110,449,81,112,24,4,24,69,26,4,44,64,.249,.320,.481,.801,216,6,5,2,5,0,6,.240,96,110,kinslia01
412,,Melky Cabrera,Batting 3rd,2012,89,395,501,78.8,89,364,70,132,19,9,10,52,8,3,26,51,.363,.401,.547,.948,199,8,0,1,4,4,3,.397,109,133,cabreme01
413,,Dustin Pedroia,Batting 2nd,2011,123,576,731,78.8,123,491,82,149,31,1,16,69,23,5,77,63,.303,.393,.468,.861,230,9,0,1,7,4,3,.317,100,142,pedrodu01
414,,Justin Upton,Batting 4th,2014,120,505,641,78.8,120,445,58,118,27,2,21,86,7,3,50,139,.265,.339,.476,.815,212,8,3,0,7,0,1,.332,96,116,uptonju01
415,,Marlon Byrd,Batting 5th,2014,116,500,637,78.5,116,456,59,124,25,1,21,73,1,2,33,149,.272,.330,.469,.799,214,4,8,0,3,6,7,.356,111,117,byrdma01
416,,Zack Cozart,Batting 1st,2012,102,471,600,78.5,101,443,52,99,28,1,13,27,2,0,22,84,.223,.262,.379,.641,168,8,2,1,3,0,6,.246,86,78,cozarza01
417,,Matt Kemp,Batting 3rd,2015,120,509,648,78.5,120,465,65,128,24,3,18,81,11,2,34,107,.275,.326,.456,.782,212,13,4,0,6,0,4,.318,107,92,kempma01
418,,Paul Konerko,Batting 4th,2007,117,499,636,78.5,117,437,53,112,29,0,26,75,0,1,57,81,.256,.345,.501,.846,219,18,3,0,2,7,4,.259,101,98,konerpa01
419,,Josh Willingham,Batting 4th,2012,112,483,615,78.5,112,409,68,106,26,1,27,92,1,2,59,114,.259,.362,.526,.888,215,10,10,0,5,2,5,.289,99,118,willijo03
420,,Starlin Castro,Batting 4th,2014,103,446,569,78.4,103,411,44,118,28,1,10,52,4,2,30,83,.287,.339,.433,.772,178,14,3,0,2,3,2,.338,99,106,castrst01
421,,Alex Ríos,Batting 3rd,2010,113,484,617,78.4,112,443,67,122,18,2,14,70,24,11,31,78,.275,.329,.420,.748,186,19,6,0,4,3,2,.304,90,83,riosal01
422,,Omar Infante,Batting 2nd,2011,110,501,640,78.3,110,453,48,126,21,8,6,37,3,2,27,56,.278,.316,.400,.716,181,10,1,14,6,0,10,.302,105,101,infanom01
423,,Willy Taveras,Batting 1st,2008,94,421,538,78.3,91,378,49,91,13,2,1,22,51,5,28,65,.241,.299,.294,.592,111,3,4,9,2,0,10,.287,96,58,taverwi01
424,,Adrian Beltré,Batting 4th,2015,113,484,619,78.2,113,447,59,124,22,3,12,56,1,0,27,50,.277,.318,.421,.739,188,15,3,0,7,3,10,.286,88,86,beltrad01
425,,Bobby Abreu,Batting 3rd,2007,117,546,699,78.1,117,468,103,135,32,5,13,87,22,5,71,90,.288,.381,.462,.842,216,7,2,0,5,0,1,.330,107,100,abreubo01
426,,José Abreu,Batting 3rd,2014,113,486,622,78.1,113,433,58,139,29,2,24,84,3,1,40,100,.321,.391,.564,.954,244,10,11,0,2,11,7,.370,99,137,abreujo02
427,,Matt Holliday,Batting 4th,2006,121,521,667,78.1,121,464,97,155,35,3,24,82,8,5,43,91,.334,.403,.578,.981,268,14,12,0,2,2,5,.373,103,124,hollima01
428,,Juan Pierre,Batting 2nd,2007,123,569,729,78.1,123,518,79,152,17,6,0,35,51,12,28,29,.293,.334,.349,.683,181,8,4,18,1,0,5,.310,100,81,pierrju01
429,,Nick Punto,Batting 2nd,2006,92,409,524,78.1,90,356,58,104,16,6,1,40,12,4,35,57,.292,.351,.379,.730,135,8,1,10,7,0,3,.338,101,91,puntoni01
430,,David Ortiz,Batting 5th,2011,108,472,605,78.0,108,409,69,134,37,1,21,78,1,1,61,63,.328,.415,.577,.992,236,17,1,0,1,7,3,.347,108,162,ortizda01
431,,Alcides Escobar,Batting 9th,2011,125,465,598,77.8,125,426,57,110,17,6,3,32,22,7,17,56,.258,.292,.347,.639,148,6,4,16,2,0,11,.290,102,130,escobal02
432,,Paul Konerko,Batting 4th,2006,118,500,643,77.8,118,439,77,133,23,0,28,88,0,0,49,87,.303,.374,.547,.921,240,18,5,0,7,3,2,.317,97,110,konerpa01
433,,Ryan Zimmerman,Batting 3rd,2010,107,469,603,77.8,107,404,68,125,24,0,19,66,3,1,56,76,.309,.394,.510,.904,206,11,4,0,5,4,5,.338,102,120,zimmery01
434,,Orlando Cabrera,Batting 2nd,2007,120,544,701,77.6,120,494,89,160,30,1,6,65,16,4,35,46,.324,.369,.425,.794,210,9,5,2,8,0,9,.342,114,109,cabreor01
435,,José Guillén,Batting 4th,2008,117,491,633,77.6,117,466,51,117,27,1,18,84,1,1,17,83,.251,.283,.429,.712,200,17,5,0,3,2,6,.269,92,68,guilljo01
436,,Anthony Rendon,Batting 2nd,2014,116,529,683,77.5,116,470,93,136,32,5,15,60,16,3,49,80,.289,.359,.474,.833,223,9,4,2,4,2,3,.319,103,132,rendoan01
437,,Nick Johnson,Batting 4th,2006,113,486,628,77.4,112,380,78,106,35,0,16,65,9,3,90,81,.279,.428,.497,.925,189,9,11,2,3,15,4,.315,96,114,johnsni01
438,,Michael Young,Batting 2nd,2008,118,548,708,77.4,118,501,84,147,29,2,10,62,6,0,42,82,.293,.347,.419,.766,210,16,1,0,4,0,6,.332,107,106,youngmi02
439,,Alex Gordon,Batting 1st,2013,119,541,700,77.3,119,487,74,124,18,6,16,63,8,2,42,112,.255,.323,.415,.738,202,3,9,0,3,6,5,.298,97,105,gordoal01
440,,Scott Podsednik,Batting 1st,2010,100,460,595,77.3,100,422,52,125,12,5,5,41,28,13,29,62,.296,.338,.384,.722,162,6,0,4,5,1,4,.333,99,103,podsesc01
441,,Frank Thomas,Batting 4th,2006,105,432,559,77.3,105,361,59,98,9,0,30,94,0,0,60,64,.271,.377,.546,.923,197,11,5,0,6,3,5,.249,99,110,thomafr04
442,,Brett Gardner,Batting 1st,2014,107,491,636,77.2,107,427,68,112,19,7,17,48,15,4,46,100,.262,.337,.459,.796,196,3,4,10,4,0,3,.303,112,121,gardnbr01
443,,Adam Jones,Batting 3rd,2015,105,448,581,77.1,105,420,61,111,19,3,23,60,2,0,22,76,.264,.306,.488,.794,205,15,4,0,2,3,3,.272,102,93,jonesad01
444,,Matt Kemp,Batting 4th,2011,126,531,689,77.1,125,466,77,150,25,3,28,92,33,7,56,119,.322,.394,.569,.962,265,15,3,0,6,16,7,.375,96,142,kempma01
445,,Carlos Peña,Batting 4th,2009,102,439,570,77.0,102,365,66,79,21,1,24,61,3,1,66,131,.216,.346,.477,.823,174,2,7,0,1,10,3,.261,86,100,penaca01
446,,Jay Bruce,Batting 5th,2012,117,486,633,76.8,115,433,62,105,29,3,27,77,6,1,44,118,.242,.313,.510,.823,221,5,3,0,6,7,2,.265,95,114,bruceja01
447,,Prince Fielder,Batting 4th,2010,123,546,714,76.5,123,436,73,112,20,0,22,64,1,0,91,99,.257,.405,.454,.859,198,10,18,0,1,15,2,.285,97,116,fieldpr01
448,,Carlos Lee,Batting 4th,2006,123,532,695,76.5,123,473,74,143,26,0,33,96,13,2,49,47,.302,.365,.567,.931,268,18,2,0,8,5,6,.274,108,111,leeca01
449,,Alfonso Soriano,Batting 6th,2010,105,419,548,76.5,105,381,52,104,34,2,19,58,4,1,32,94,.273,.330,.522,.852,199,10,2,1,3,3,3,.314,108,126,soriaal01
450,,Corey Hart,Batting 5th,2008,120,502,657,76.4,120,467,59,127,35,5,17,69,18,6,24,73,.272,.308,.478,.786,223,14,3,2,6,2,9,.287,107,99,hartco01
451,,Alex Rodriguez,Batting 4th,2006,117,515,674,76.4,117,437,86,125,17,1,24,83,13,4,67,105,.286,.388,.494,.883,216,18,8,0,3,5,4,.325,93,103,rodrial01
452,,Ben Revere,Batting 1st,2015,107,484,634,76.3,106,457,60,138,18,5,1,34,24,7,21,47,.302,.334,.370,.704,169,3,2,2,2,0,10,.333,96,93,reverbe01
453,,Adam Dunn,Batting 4th,2013,110,462,607,76.1,110,404,41,81,10,0,19,50,1,1,55,148,.200,.299,.366,.665,148,1,2,0,1,6,4,.261,76,70,dunnad01
454,,Kendrys Morales,Batting 4th,2012,94,397,522,76.1,94,366,45,102,20,1,14,54,0,1,25,86,.279,.330,.454,.784,166,6,4,0,2,1,7,.328,100,93,moralke01
455,,Garrett Atkins,Batting 5th,2007,120,520,684,76.0,119,463,67,147,25,1,21,87,2,1,50,68,.317,.379,.512,.891,237,10,0,0,7,3,2,.331,109,128,atkinga01
456,,Ryan Braun,Batting 3rd,2010,116,520,685,75.9,116,464,85,153,36,1,22,81,14,3,47,78,.330,.397,.554,.951,257,12,6,0,2,1,8,.358,119,131,braunry02
457,,Joe Mauer,Batting 3rd,2009,101,460,606,75.9,101,396,64,140,21,0,18,66,3,0,62,48,.354,.441,.543,.984,215,13,1,0,1,12,2,.369,92,136,mauerjo01
458,,Shannon Stewart,Batting 1st,2007,101,478,630,75.9,100,434,63,129,18,1,8,35,7,2,38,43,.297,.354,.399,.753,173,13,2,1,3,0,4,.313,104,99,stewash01
459,,Vladimir Guerrero,Batting 3rd,2007,113,500,660,75.8,113,429,71,141,33,1,20,99,2,2,59,49,.329,.418,.550,.968,236,15,9,0,3,25,7,.333,104,128,guerrvl01
460,,Raúl Ibañez,Batting 3rd,2008,121,535,707,75.7,121,486,67,147,35,2,19,84,1,3,42,89,.302,.359,.500,.859,243,10,3,0,4,7,3,.335,105,107,ibanera01
461,,Adam Jones,Batting 3rd,2014,120,516,682,75.7,120,483,68,134,24,1,22,70,5,1,16,103,.277,.314,.468,.782,226,10,12,0,5,1,5,.309,101,94,jonesad01
462,,Édgar Rentería,Batting 2nd,2007,90,411,543,75.7,90,370,66,126,21,1,6,41,9,2,39,56,.341,.403,.451,.855,167,10,0,2,0,0,6,.390,99,126,renteed01
463,,Freddy Sanchez,Batting 3rd,2007,111,493,653,75.5,111,453,55,140,32,4,5,66,0,0,27,60,.309,.348,.430,.778,195,9,4,1,8,1,6,.341,99,84,sanchfr01
464,,Todd Frazier,Batting 6th,2013,112,452,600,75.3,109,399,47,94,21,2,17,58,5,5,39,98,.236,.319,.426,.745,170,9,11,0,3,1,6,.268,106,107,frazito01
465,,Brian McCann,Batting 4th,2010,101,426,566,75.3,100,358,50,102,21,0,16,60,3,2,57,67,.285,.390,.478,.867,171,10,7,0,4,7,6,.308,110,116,mccanbr01
466,,David Wright,Batting 5th,2006,117,498,661,75.3,117,441,62,128,26,4,16,83,11,3,48,92,.290,.357,.476,.834,210,12,2,0,7,9,4,.329,83,102,wrighda03
467,,Corey Hart,Batting 5th,2012,113,468,622,75.2,113,424,68,114,27,3,24,67,3,0,33,106,.269,.330,.517,.847,219,12,7,2,2,3,5,.304,101,121,hartco01
468,,Alex Ríos,Batting 5th,2012,118,481,640,75.2,118,460,82,147,29,5,24,75,19,3,17,73,.320,.343,.561,.904,258,15,1,0,3,1,3,.336,111,135,riosal01
469,,Adam Kennedy,Batting 1st,2009,94,441,587,75.1,94,401,51,115,22,1,6,42,16,3,33,68,.287,.341,.392,.732,157,6,1,3,2,2,5,.331,94,94,kennead01
470,,Carlos Beltrán,Batting 4th,2008,118,529,706,74.9,118,459,90,133,35,4,22,91,19,2,65,74,.290,.376,.527,.903,242,9,1,0,4,10,4,.302,105,114,beltrca01
471,,Elvis Andrus,Batting 2nd,2013,116,522,698,74.8,116,468,66,130,15,3,4,55,30,7,34,72,.278,.329,.348,.677,163,13,3,14,3,0,8,.319,105,90,andruel01
472,,Garrett Jones,Batting 4th,2012,98,385,515,74.8,96,350,57,100,20,2,20,70,1,0,29,71,.286,.335,.526,.861,184,2,0,0,6,2,4,.302,108,110,jonesga02
473,,Curtis Granderson,Batting 2nd,2011,112,516,691,74.7,112,438,109,119,19,7,31,92,20,8,58,113,.272,.367,.559,.927,245,9,11,4,5,0,1,.294,102,158,grandcu01
474,,Adam Lind,Batting 4th,2015,104,427,572,74.7,103,379,48,104,21,0,13,60,0,0,44,71,.274,.349,.433,.782,164,6,1,0,3,7,3,.305,91,98,lindad01
475,,Darwin Barney,Batting 2nd,2011,95,426,571,74.6,94,396,50,111,14,4,1,32,7,1,14,47,.280,.310,.343,.654,136,8,5,6,4,0,7,.313,96,85,barneda01
476,,Hanley Ramírez,Batting 1st,2007,112,526,706,74.5,112,470,95,162,40,6,22,61,41,11,46,70,.345,.405,.596,1.001,280,9,4,3,3,2,4,.367,111,161,ramirha01
477,,Zack Cozart,Batting 8th,2014,109,404,543,74.4,109,380,37,87,13,5,4,33,6,0,18,59,.229,.269,.321,.590,122,10,3,3,0,3,5,.262,107,80,cozarza01
478,,Omar Infante,Batting 2nd,2014,97,428,575,74.4,97,394,36,90,16,3,4,48,6,2,23,49,.228,.270,.315,.584,124,6,1,5,5,1,3,.249,85,64,infanom01
479,,Jeff Keppinger,Batting 2nd,2010,99,428,575,74.4,98,385,43,107,26,0,4,40,3,1,37,27,.278,.340,.377,.717,145,10,0,5,1,1,5,.290,93,97,keppije01
480,,Adrián González,Batting 3rd,2013,111,476,641,74.3,110,440,53,118,22,0,15,67,1,0,31,75,.268,.313,.420,.733,185,11,0,0,5,4,4,.290,83,83,gonzaad01
481,,Derek Jeter,Batting 1st,2011,96,451,607,74.3,96,411,58,115,20,3,5,37,9,5,33,64,.280,.337,.380,.717,156,8,4,0,3,0,6,.319,93,98,jeterde01
482,,Kendrys Morales,Batting 5th,2015,113,474,639,74.2,113,423,57,119,28,1,17,86,0,0,42,72,.281,.352,.473,.825,200,15,6,0,3,4,5,.303,95,123,moralke01
483,,Luis Gonzalez,Batting 5th,2007,97,390,526,74.1,97,344,56,95,14,2,10,45,5,2,44,43,.276,.362,.416,.777,143,7,2,0,0,4,1,.292,97,101,gonzalu01
484,,Kendrys Morales,Batting 4th,2013,112,487,657,74.1,112,450,50,126,24,0,19,60,0,0,35,89,.280,.333,.460,.793,207,10,1,0,1,5,4,.312,102,101,moralke01
485,,Brennan Boesch,Batting 5th,2010,93,379,512,74.0,93,343,38,98,24,3,12,57,4,0,32,67,.286,.348,.478,.826,164,4,2,0,2,4,4,.323,124,113,boescbr01
486,,Rafael Furcal,Batting 1st,2009,105,503,680,74.0,105,457,78,129,20,5,7,37,11,3,43,65,.282,.344,.394,.738,180,9,1,0,2,1,5,.315,108,95,furcara02
487,,Jason Heyward,Batting 2nd,2010,100,461,623,74.0,99,388,59,109,23,4,9,39,9,3,65,85,.281,.393,.430,.823,167,11,7,0,1,1,10,.339,94,126,heywaja01
488,,David Ortiz,Batting 3rd,2014,101,445,602,73.9,101,384,48,105,22,0,27,75,0,0,54,73,.273,.362,.542,.903,208,12,2,0,5,13,2,.270,107,124,ortizda01
489,,Jason Varitek,Batting 7th,2007,93,383,518,73.9,93,322,42,83,12,2,12,49,1,1,51,93,.258,.366,.419,.785,135,6,6,0,4,3,2,.321,99,113,varitja01
490,,Matt Wieters,Batting 5th,2012,104,438,593,73.9,104,388,56,88,17,1,18,59,2,0,43,85,.227,.308,.415,.723,161,12,4,0,3,2,2,.243,89,91,wietema01
491,,Grady Sizemore,Batting 1st,2009,77,371,503,73.8,77,323,54,79,14,3,12,42,10,7,44,67,.245,.340,.418,.758,135,3,3,0,1,1,5,.273,93,100,sizemgr01
492,,Ryan Theriot,Batting 2nd,2008,104,488,661,73.8,104,427,68,124,15,4,1,28,19,9,54,41,.290,.373,.351,.724,150,16,3,3,1,0,2,.319,94,97,theriry01
493,,Jose Altuve,Batting 1st,2015,111,508,689,73.7,111,469,66,152,28,3,11,54,27,10,25,53,.324,.365,.467,.832,219,9,8,1,5,6,4,.344,105,127,altuvjo01
494,,Tadahito Iguchi,Batting 2nd,2007,88,393,533,73.7,86,344,50,96,19,3,6,30,11,1,43,67,.279,.361,.404,.765,139,3,2,2,2,0,1,.330,105,102,iguchta01
495,,César Izturis,Batting 9th,2010,108,378,513,73.7,107,347,31,86,9,1,1,25,8,4,20,33,.248,.299,.288,.587,100,9,6,3,2,0,3,.270,115,113,izturce01
496,,Carlos Beltrán,Batting 3rd,2011,101,439,598,73.4,101,382,58,118,25,5,17,65,4,2,53,66,.309,.392,.534,.926,204,14,1,0,3,4,4,.334,104,129,beltrca01
497,,Miguel Cabrera,Batting 3rd,2006,114,496,676,73.4,114,425,86,142,39,2,21,90,7,3,60,84,.334,.423,.584,1.007,248,12,8,0,3,17,7,.375,101,137,cabremi01
498,,J.D. Drew,Batting 5th,2007,95,405,552,73.4,94,337,60,98,20,4,9,52,4,1,63,66,.291,.398,.454,.852,153,7,0,0,5,9,7,.333,114,120,drewj.01
499,,Carlos Gómez,Batting 1st,2014,106,472,644,73.3,106,416,72,115,22,3,20,50,27,10,38,112,.276,.356,.488,.844,203,4,15,0,3,0,2,.331,102,135,gomezca01
500,,Daniel Murphy,Batting 2nd,2013,113,511,697,73.3,113,480,70,145,31,4,9,64,11,3,27,63,.302,.339,.440,.778,211,9,1,0,3,2,0,.331,112,116,murphda08
501,,Martín Prado,Batting 2nd,2009,81,368,503,73.2,80,330,52,104,27,0,9,43,1,2,24,47,.315,.361,.479,.840,158,13,2,8,4,0,4,.342,104,122,pradoma01
502,,Erick Aybar,Batting 1st,2010,95,430,589,73.0,95,387,60,108,17,3,4,22,16,7,30,58,.279,.336,.370,.706,143,4,4,8,1,1,5,.319,122,99,aybarer01
503,,Aramis Ramírez,Batting 4th,2010,88,370,507,73.0,88,340,43,85,16,1,19,61,0,0,24,66,.250,.300,.471,.771,160,8,2,0,4,2,4,.255,106,89,ramirar01
504,,B.J. Upton,Batting 1st,2009,98,457,626,73.0,98,406,64,98,28,2,7,37,33,10,45,114,.241,.316,.372,.688,151,3,1,2,3,0,4,.316,101,82,uptonbj01
505,,A.J. Pierzynski,Batting 5th,2013,92,385,529,72.8,92,368,32,96,16,0,14,57,1,0,7,53,.261,.281,.418,.699,154,11,5,0,5,1,2,.268,93,87,pierza.01
506,,Carlos Quentin,Batting 3rd,2008,93,414,569,72.8,93,349,70,100,19,0,27,71,4,1,49,56,.287,.391,.573,.964,200,13,13,0,3,0,2,.271,100,132,quentca01
507,,Brian Giles,Batting 3rd,2006,115,521,717,72.7,115,436,62,115,20,1,9,57,7,2,78,45,.264,.378,.376,.754,164,11,4,0,3,5,4,.275,96,82,gilesbr02
508,,Troy Glaus,Batting 5th,2008,109,463,637,72.7,109,394,49,107,23,1,21,81,0,0,64,75,.272,.376,.495,.871,195,9,3,0,2,2,3,.287,104,123,glaustr01
509,,Ian Kinsler,Batting 2nd,2015,110,490,675,72.6,110,447,68,125,24,4,8,51,8,3,36,60,.280,.333,.405,.738,181,9,2,0,5,0,4,.305,92,97,kinslia01
510,,Kenny Lofton,Batting 1st,2007,92,406,559,72.6,89,351,64,104,17,3,7,25,20,5,45,33,.296,.376,.422,.797,148,5,2,4,4,1,5,.308,104,111,loftoke01
511,,Víctor Martínez,Batting 3rd,2010,88,390,538,72.5,88,363,51,112,24,1,14,59,0,0,24,36,.309,.349,.496,.845,180,15,0,0,3,2,3,.310,100,105,martivi01
512,,Jorge Cantú,Batting 3rd,2008,109,496,685,72.4,108,453,67,127,29,0,23,76,4,1,26,75,.280,.329,.497,.825,225,11,10,0,7,3,6,.287,104,98,cantujo01
513,,Shin-Soo Choo,Batting 3rd,2010,105,468,646,72.4,105,395,54,121,25,0,13,68,19,5,63,93,.306,.412,.468,.881,185,8,9,0,1,10,2,.372,99,116,choosh01
514,,Coco Crisp,Batting 1st,2012,81,368,508,72.4,81,329,58,93,22,6,10,34,27,4,34,51,.283,.348,.477,.825,157,5,0,3,2,0,2,.307,121,129,crispco01
515,,Drew Stubbs,Batting 2nd,2012,89,393,544,72.2,86,354,63,84,12,2,14,36,26,6,31,113,.237,.300,.401,.701,142,2,1,6,1,0,4,.307,129,96,stubbdr01
516,,Dan Uggla,Batting 5th,2008,105,447,619,72.2,105,381,70,95,21,0,23,67,4,5,57,127,.249,.356,.486,.841,185,9,7,0,2,4,4,.309,93,115,ugglada01
517,,Adrián González,Batting 4th,2008,115,505,700,72.1,115,448,72,124,23,0,25,89,0,0,51,105,.277,.354,.496,.850,222,18,4,0,2,13,2,.309,95,102,gonzaad01
518,,Ian Kinsler,Batting 1st,2013,97,443,614,72.1,97,391,58,110,24,1,11,54,8,9,40,43,.281,.355,.432,.787,169,3,7,1,4,0,7,.290,108,119,kinslia01
519,,Iván Rodríguez,Batting 3rd,2006,96,418,580,72.1,96,400,51,118,20,3,9,51,6,1,14,61,.295,.320,.428,.747,171,13,1,2,1,1,5,.329,94,76,rodriiv01
520,,Rubén Tejada,Batting 1st,2012,78,361,501,72.1,78,338,38,99,19,0,1,18,2,2,19,46,.293,.334,.358,.692,121,6,2,2,0,0,6,.337,102,95,tejadru01
521,,Josh Donaldson,Batting 3rd,2014,112,499,695,71.8,112,433,72,116,26,1,21,69,6,0,58,99,.268,.361,.478,.839,207,11,6,0,2,5,5,.302,110,109,donaljo02
522,,Magglio Ordóñez,Batting 4th,2008,103,446,623,71.6,103,402,54,128,23,1,15,71,0,4,38,47,.318,.379,.493,.871,198,15,3,0,3,2,0,.329,101,108,ordonma01
523,,Felipe López,Batting 1st,2007,104,480,671,71.5,103,434,49,104,19,3,8,35,15,7,36,76,.240,.300,.353,.652,153,7,3,3,4,1,6,.271,98,72,lopezfe01
524,,Aubrey Huff,Batting 4th,2008,108,472,661,71.4,108,427,69,136,31,2,22,77,2,0,37,61,.319,.373,.555,.928,237,6,3,0,5,6,1,.327,104,119,huffau01
525,,Domonic Brown,Batting 6th,2014,91,365,512,71.3,89,335,35,78,16,1,6,38,7,1,26,62,.233,.285,.340,.625,114,8,0,0,4,4,4,.266,97,83,browndo01
526,,Jeff Francoeur,Batting 6th,2006,115,488,686,71.1,115,462,54,113,14,4,17,65,0,4,16,100,.245,.281,.403,.683,186,11,8,0,2,4,8,.277,86,77,francje02
527,,Jason Kendall,Batting 8th,2009,97,374,526,71.1,94,325,38,80,13,2,2,38,2,1,29,42,.246,.324,.317,.641,103,7,11,4,5,5,5,.273,102,83,kendaja01
528,,Orlando Cabrera,Batting 2nd,2009,109,503,708,71.0,109,464,63,138,24,3,7,57,12,3,26,51,.297,.329,.407,.737,189,14,0,5,8,0,5,.316,109,95,cabreor01
529,,Josh Barfield,Batting 8th,2006,102,410,578,70.9,102,380,51,106,23,1,8,39,16,5,23,53,.279,.318,.408,.726,155,6,1,1,5,6,8,.302,97,106,barfijo02
530,,Jorge Cantú,Batting 4th,2010,85,365,515,70.9,85,330,37,86,23,0,10,52,0,0,23,64,.261,.312,.421,.734,139,11,5,0,7,1,4,.289,110,82,cantujo01
531,,Jeff Keppinger,Batting 2nd,2008,80,356,502,70.9,79,329,33,88,19,1,3,28,3,1,17,16,.267,.303,.359,.662,118,11,1,6,3,2,2,.272,102,78,keppije01
532,,Justin Upton,Batting 3rd,2012,102,445,628,70.9,102,390,72,107,18,3,9,43,13,8,46,89,.274,.355,.405,.760,158,4,5,0,4,3,2,.331,94,89,uptonju01
533,,Fred Lewis,Batting 1st,2008,81,369,521,70.8,79,333,62,93,22,8,7,28,19,5,36,91,.279,.350,.456,.806,152,3,0,0,0,1,5,.366,103,111,lewisfr02
534,,Michael Cuddyer,Batting 4th,2006,103,449,635,70.7,102,396,75,113,27,3,16,79,3,0,41,94,.285,.361,.490,.851,194,7,8,0,4,4,2,.334,97,95,cuddymi01
535,,Bobby Abreu,Batting 3rd,2011,97,413,585,70.6,97,349,44,90,20,1,7,44,17,5,61,75,.258,.366,.381,.747,133,6,0,0,3,5,2,.307,108,88,abreubo01
536,,Gregory Polanco,Batting 1st,2015,98,460,652,70.6,96,417,60,109,26,5,6,36,17,9,41,82,.261,.328,.391,.719,163,2,1,0,1,4,7,.312,105,97,polangr01
537,,Desmond Jennings,Batting 1st,2013,92,424,602,70.4,90,373,64,94,23,3,10,36,16,4,45,82,.252,.332,.410,.742,153,5,1,2,3,0,4,.296,98,106,jennide01
538,,Jeremy Hermida,Batting 2nd,2008,89,393,559,70.3,87,357,55,88,15,2,13,41,6,0,31,96,.246,.316,.409,.724,146,8,5,0,0,3,4,.302,99,95,hermije01
539,,Lance Berkman,Batting 3rd,2006,105,453,646,70.1,104,377,65,118,23,0,34,95,3,1,68,72,.313,.415,.645,1.060,243,10,2,0,6,11,5,.303,103,147,berkmla01
540,,Emilio Bonifácio,Batting 1st,2011,97,449,641,70.0,97,397,61,123,19,4,4,26,36,8,43,88,.310,.376,.408,.784,162,2,1,5,3,1,6,.386,108,117,bonifem01
541,,Carlos González,Batting 3rd,2011,87,379,542,69.9,86,337,60,91,15,1,18,69,11,3,31,75,.270,.338,.481,.818,162,10,6,0,5,3,5,.293,85,102,gonzaca01
542,,Josh Willingham,Batting 5th,2009,86,351,502,69.9,86,295,48,71,16,0,14,33,3,2,44,71,.241,.356,.437,.793,129,10,10,0,2,1,6,.269,85,104,willijo03
543,,Anthony Gose,Batting 1st,2015,87,373,535,69.7,82,343,54,93,17,6,3,17,18,8,28,102,.271,.328,.382,.710,131,6,1,1,0,0,6,.378,106,94,gosean01
544,,Adam LaRoche,Batting 4th,2012,105,450,647,69.6,105,398,52,102,26,1,23,72,1,1,48,98,.256,.333,.500,.833,199,5,0,0,4,6,5,.281,95,104,larocad01
545,,Manny Machado,Batting 1st,2015,111,496,713,69.6,111,447,69,134,24,1,23,58,12,6,45,72,.300,.364,.512,.877,229,11,1,2,1,1,4,.314,103,137,machama01
546,,Aubrey Huff,Batting 4th,2009,94,415,597,69.5,94,374,41,93,20,0,10,56,0,6,35,65,.249,.316,.382,.698,143,11,3,0,3,6,3,.275,101,71,huffau01
547,,Víctor Martínez,Batting 4th,2007,101,448,645,69.5,101,394,54,123,24,0,21,93,0,0,40,54,.312,.379,.533,.912,210,13,7,0,7,10,2,.313,107,113,martivi01
548,,José Abreu,Batting 3rd,2015,107,463,668,69.3,107,426,65,126,24,2,23,75,0,0,26,92,.296,.350,.523,.873,223,15,10,0,1,6,2,.330,105,113,abreujo02
549,,Freddy Sanchez,Batting 3rd,2006,96,438,632,69.3,96,403,57,136,33,2,4,58,2,1,23,39,.337,.372,.459,.831,185,8,3,3,6,5,3,.361,96,97,sanchfr01
550,,Delmon Young,Batting 5th,2007,110,472,681,69.3,110,447,44,129,28,0,7,64,7,2,18,86,.289,.314,.398,.712,178,14,1,0,6,2,3,.339,97,83,youngde03
551,,Jason Giambi,Batting 5th,2008,98,391,565,69.2,98,312,37,66,12,1,14,61,0,1,51,86,.212,.348,.391,.739,122,5,19,0,9,2,3,.235,71,91,giambja01
552,,Adam Jones,Batting 2nd,2009,81,359,519,69.2,80,325,64,99,19,3,15,54,7,3,26,63,.305,.362,.520,.882,169,7,5,0,3,2,1,.336,122,132,jonesad01
553,,Josh Willingham,Batting 5th,2007,99,418,604,69.2,99,356,51,98,22,3,15,61,4,1,46,89,.275,.380,.480,.861,171,5,15,0,1,1,2,.328,108,121,willijo03
554,,Justin Morneau,Batting 5th,2012,91,394,570,69.1,91,352,51,102,19,1,15,59,0,0,32,60,.290,.348,.477,.825,168,13,3,0,7,5,3,.306,113,118,morneju01
555,,Cliff Pennington,Batting 9th,2010,112,398,576,69.1,107,353,39,88,16,6,5,36,24,3,32,63,.249,.314,.371,.685,131,5,2,9,2,0,8,.289,99,147,pennicl01
556,,Aaron Hill,Batting 2nd,2012,103,461,668,69.0,103,422,67,125,31,4,23,66,10,3,32,48,.296,.350,.552,.902,233,11,4,1,2,2,3,.289,103,150,hillaa01
557,,Nick Markakis,Batting 2nd,2011,110,494,716,69.0,110,445,49,131,23,0,11,50,9,2,40,48,.294,.356,.420,.777,187,11,5,0,4,2,2,.308,105,119,markani01
558,,Brandon Moss,Batting 4th,2014,94,400,580,69.0,91,349,50,85,19,2,17,63,1,0,45,103,.244,.335,.456,.791,159,5,4,0,2,6,1,.294,104,110,mossbr01
559,,Matt Adams,Batting 4th,2014,92,388,563,68.9,92,365,37,99,23,3,8,41,1,2,18,79,.271,.309,.416,.726,152,5,3,0,2,3,2,.325,87,93,adamsma01
560,,Carl Crawford,Batting 2nd,2010,101,456,663,68.8,100,408,78,122,24,7,12,58,37,8,34,72,.299,.353,.480,.833,196,2,2,3,4,2,7,.335,96,126,crawfca02
561,,Derrek Lee,Batting 3rd,2010,97,430,626,68.7,97,377,59,94,19,0,14,53,1,3,49,88,.249,.335,.411,.746,155,16,1,0,3,1,3,.288,93,82,leede02
562,,A.J. Pierzynski,Batting 6th,2006,89,373,543,68.7,89,354,45,99,20,0,11,42,1,0,14,43,.280,.312,.429,.741,152,10,3,1,1,3,3,.292,92,92,pierza.01
563,,Kevin Youkilis,Batting 1st,2006,95,467,680,68.7,95,391,73,112,27,1,9,47,3,1,63,82,.286,.385,.430,.815,168,9,5,0,8,0,4,.334,101,115,youklke01
564,,Josh Harrison,Batting 1st,2014,84,376,550,68.4,83,357,58,117,29,6,11,33,8,6,15,50,.328,.359,.535,.894,191,5,3,0,1,0,1,.357,113,148,harrijo05
565,,Jason Kendall,Batting 1st,2006,90,428,626,68.4,90,379,61,114,16,0,0,31,8,3,39,39,.301,.373,.343,.716,130,12,6,2,2,0,6,.333,102,91,kendaja01
566,,Marco Scutaro,Batting 2nd,2012,104,467,683,68.4,103,424,60,140,24,2,6,64,6,2,24,36,.330,.362,.439,.801,186,8,2,9,8,0,3,.344,112,125,scutama01
567,,Hank Blalock,Batting 5th,2006,103,441,646,68.3,102,407,52,118,18,3,13,67,0,0,33,70,.290,.345,.445,.789,181,10,1,0,0,2,4,.324,117,92,blaloha01
568,,Evan Longoria,Batting 3rd,2011,89,392,574,68.3,89,332,56,83,17,1,26,77,2,1,54,63,.250,.355,.542,.897,180,9,2,0,4,5,5,.231,110,120,longoev01
569,,Elvis Andrus,Batting 9th,2009,103,369,541,68.2,101,322,48,84,10,7,3,27,20,3,32,58,.261,.335,.363,.699,117,3,5,8,2,0,2,.308,99,145,andruel01
570,,Chase Utley,Batting 3rd,2013,87,362,531,68.2,87,324,47,93,16,4,10,49,5,2,31,51,.287,.351,.454,.805,147,8,3,0,4,4,3,.311,96,102,utleych01
571,,Robinson Canó,Batting 3rd,2013,110,464,681,68.1,110,414,53,132,29,0,16,73,5,1,42,58,.319,.381,.505,.886,209,9,3,0,5,11,5,.336,97,122,canoro01
572,,David DeJesus,Batting 1st,2009,96,426,627,67.9,95,376,56,115,19,4,10,50,4,8,40,53,.306,.378,.457,.835,172,5,6,0,4,0,2,.331,114,120,dejesda01
573,,Shawn Green,Batting 6th,2006,97,399,588,67.9,96,366,48,102,20,3,10,44,3,4,27,58,.279,.333,.432,.765,158,12,4,0,2,3,2,.307,97,99,greensh01
574,,Carlos Lee,Batting 4th,2012,99,417,615,67.8,99,379,36,108,18,1,6,51,1,0,35,30,.285,.345,.385,.731,146,10,1,0,2,3,6,.296,109,82,leeca01
575,,Robinson Canó,Batting 5th,2011,107,461,681,67.7,107,426,74,127,32,7,20,77,6,1,26,60,.298,.345,.547,.892,233,13,6,0,3,7,4,.307,102,134,canoro01
576,,Ken Griffey Jr.,Batting 3rd,2008,89,389,575,67.7,89,327,48,83,20,1,13,48,0,0,57,55,.254,.365,.440,.805,144,7,2,0,3,12,2,.267,107,96,griffke02
577,,Paul Konerko,Batting 5th,2013,86,352,520,67.7,86,320,23,77,9,0,7,32,0,0,27,48,.241,.304,.334,.638,107,8,3,0,2,2,2,.262,91,74,konerpa01
578,,Hunter Pence,Batting 3rd,2011,102,452,668,67.7,102,413,56,134,26,4,15,70,6,1,35,87,.324,.376,.516,.892,213,8,1,0,3,2,6,.379,104,121,pencehu01
579,,Carlos Gómez,Batting 1st,2008,90,415,614,67.6,90,394,51,97,16,4,5,33,21,9,15,97,.246,.281,.345,.626,136,4,4,2,0,0,2,.315,91,65,gomezca01
580,,Torii Hunter,Batting 4th,2010,104,437,646,67.6,104,384,57,113,22,0,18,58,5,10,45,68,.294,.375,.492,.867,189,13,6,0,2,5,7,.317,112,115,hunteto01
581,,Miguel Tejada,Batting 4th,2007,88,384,569,67.5,88,343,49,107,14,1,13,59,1,1,31,30,.312,.380,.472,.853,162,12,8,0,2,7,4,.311,113,101,tejadmi01
582,,Drew Stubbs,Batting 1st,2011,95,459,681,67.4,95,408,69,102,15,1,11,33,26,5,44,131,.250,.329,.373,.701,152,1,4,3,0,0,3,.342,105,94,stubbdr01
583,,Ben Revere,Batting 2nd,2012,80,372,553,67.3,79,347,45,106,12,3,0,26,26,6,18,37,.305,.340,.357,.697,124,7,1,4,2,0,3,.340,107,97,reverbe01
584,,Justin Upton,Batting 3rd,2010,86,382,571,66.9,86,326,50,87,18,2,9,41,11,4,48,91,.267,.361,.417,.778,136,14,3,0,5,0,2,.338,96,91,uptonju01
585,,Yuniesky Betancourt,Batting 9th,2008,105,394,590,66.8,105,374,48,104,25,2,5,32,2,1,10,23,.278,.297,.396,.693,148,14,2,4,4,0,4,.283,100,137,betanyu01
586,,Adrián González,Batting 3rd,2009,103,455,681,66.8,103,364,60,98,20,1,26,65,0,0,82,65,.269,.405,.544,.949,198,18,4,1,4,13,3,.260,98,127,gonzaad01
587,,Darwin Barney,Batting 8th,2013,96,370,555,66.7,96,335,32,75,18,1,6,33,3,0,25,38,.224,.285,.337,.623,113,16,5,2,3,5,1,.235,118,87,barneda01
588,,Luis Castillo,Batting 1st,2006,93,435,652,66.7,93,390,54,116,14,5,1,29,21,8,38,44,.297,.358,.367,.725,143,12,0,5,2,0,5,.331,99,92,castilu01
589,,Carlos Beltrán,Batting 3rd,2007,94,423,636,66.5,94,368,54,96,20,2,19,65,15,2,46,72,.261,.339,.481,.820,177,6,1,1,7,6,3,.271,88,93,beltrca01
590,,Nate McLouth,Batting 1st,2009,82,393,591,66.5,82,338,59,88,21,1,11,37,11,6,45,71,.260,.354,.426,.780,144,6,5,3,2,1,3,.298,98,106,mclouna01
591,,Mike Moustakas,Batting 2nd,2015,94,408,614,66.4,93,364,47,102,18,1,10,40,1,2,26,45,.280,.341,.418,.758,152,9,10,3,5,0,4,.293,87,102,moustmi01
592,,Miguel Tejada,Batting 3rd,2008,102,442,666,66.4,102,420,65,119,27,2,8,47,5,4,15,47,.283,.315,.414,.729,174,24,5,1,1,0,2,.303,100,77,tejadmi01
593,,A.J. Pierzynski,Batting 2nd,2008,84,378,570,66.3,83,356,44,101,15,1,9,38,1,0,10,51,.284,.307,.407,.714,145,9,4,3,5,2,1,.306,96,91,pierza.01
594,,Michael Young,Batting 3rd,2007,104,459,692,66.3,104,424,50,131,16,0,7,70,6,2,30,76,.309,.359,.396,.756,168,15,4,0,1,5,7,.363,93,80,youngmi02
595,,Ronnie Belliard,Batting 2nd,2007,80,369,557,66.2,80,332,38,88,24,0,8,38,3,0,27,48,.265,.320,.410,.729,136,12,1,6,3,1,4,.287,92,92,belliro01
596,,Kosuke Fukudome,Batting 1st,2011,88,399,603,66.2,87,342,39,86,17,1,5,18,3,2,50,74,.251,.352,.351,.703,120,4,3,4,0,3,4,.308,98,96,fukudko01
597,,Raúl Ibañez,Batting 6th,2010,101,421,636,66.2,100,371,41,100,27,3,9,54,4,2,44,67,.270,.342,.431,.773,160,11,0,0,6,9,4,.302,95,108,ibanera01
598,,Tony Peña,Batting 9th,2007,99,355,536,66.2,98,336,36,92,15,6,1,29,5,4,7,48,.274,.292,.363,.655,122,10,3,6,3,0,3,.314,105,123,penato02
599,,Evan Longoria,Batting 5th,2008,81,336,508,66.1,80,295,46,81,23,1,17,56,5,0,32,78,.275,.345,.532,.877,157,6,3,0,6,2,1,.311,101,122,longoev01
600,,Shin-Soo Choo,Batting 1st,2012,99,453,686,66.0,98,400,68,124,33,2,12,42,13,6,45,99,.310,.389,.493,.881,197,6,7,0,1,0,2,.386,116,146,choosh01
601,,Jason Kipnis,Batting 3rd,2013,99,434,658,66.0,98,365,54,103,25,2,8,53,17,2,54,92,.282,.370,.427,.797,156,9,2,4,9,3,6,.347,96,101,kipnija01
602,,A.J. Pierzynski,Batting 6th,2012,87,343,520,66.0,87,314,45,84,12,3,18,44,0,0,18,60,.268,.319,.497,.816,156,5,7,1,3,3,1,.276,97,117,pierza.01
603,,Dustin Ackley,Batting 1st,2012,97,440,668,65.9,97,403,58,94,15,2,10,40,9,1,36,76,.233,.296,.355,.651,143,2,0,1,0,5,5,.265,109,82,ackledu01
604,,A.J. Ellis,Batting 8th,2012,89,333,505,65.9,86,278,24,77,16,1,7,34,0,0,40,62,.277,.376,.417,.793,116,12,6,6,3,11,5,.330,102,136,ellisaj01
605,,Jason Heyward,Batting 1st,2014,94,428,649,65.9,94,382,47,103,15,1,10,39,14,3,41,71,.270,.343,.393,.736,150,1,3,0,2,2,4,.307,100,106,heywaja01
606,,Jason Kendall,Batting 8th,2008,99,387,587,65.9,99,339,28,76,17,1,1,29,4,1,37,31,.224,.312,.289,.601,98,5,6,5,0,7,4,.244,85,76,kendaja01
607,,José Reyes,Batting 1st,2015,76,342,519,65.9,76,318,40,91,18,0,6,38,17,3,18,42,.286,.322,.399,.722,127,4,0,4,2,0,2,.313,109,97,reyesjo01
608,,Chipper Jones,Batting 3rd,2011,76,337,512,65.8,76,298,37,80,21,1,10,50,2,1,36,53,.268,.344,.446,.791,133,7,0,0,3,6,2,.294,95,96,jonesch06
609,,Mike Lowell,Batting 6th,2007,101,430,653,65.8,101,391,44,119,27,2,13,70,2,2,34,42,.304,.358,.483,.842,189,13,1,0,4,1,6,.312,91,114,lowelmi01
610,,Pablo Sandoval,Batting 3rd,2009,97,416,633,65.7,97,380,52,121,31,4,17,62,2,3,32,53,.318,.368,.555,.923,211,8,0,0,4,6,4,.331,95,119,sandopa01
611,,Alexei Ramírez,Batting 2nd,2011,100,449,684,65.6,100,401,55,118,25,0,9,48,3,4,32,50,.294,.351,.424,.775,170,15,5,7,4,0,4,.315,113,118,ramiral03
612,,Derrek Lee,Batting 3rd,2009,91,403,615,65.5,91,348,61,102,25,2,22,75,1,0,50,72,.293,.382,.566,.948,197,10,2,0,3,3,10,.311,95,125,leede02
613,,Justin Morneau,Batting 5th,2006,101,433,661,65.5,101,388,69,139,28,1,21,85,2,2,36,49,.358,.409,.598,1.007,232,6,2,0,7,7,4,.363,116,142,morneju01
614,,Buster Posey,Batting 4th,2013,93,390,595,65.5,93,332,35,88,18,0,9,37,2,1,46,50,.265,.359,.401,.760,133,8,6,0,6,6,3,.283,86,95,poseybu01
615,,Scott Rolen,Batting 4th,2006,92,389,594,65.5,92,339,57,99,31,1,14,49,5,3,38,45,.292,.370,.513,.883,174,6,7,0,5,4,2,.298,99,102,rolensc01
616,,Brian Giles,Batting 1st,2007,78,361,552,65.4,78,312,49,84,18,2,12,38,3,6,48,45,.269,.368,.455,.824,142,3,1,0,0,3,1,.282,111,116,gilesbr02
617,,Khalil Greene,Batting 5th,2007,100,431,659,65.4,100,397,57,91,27,2,15,57,1,0,22,89,.229,.271,.421,.692,167,10,4,0,8,2,5,.252,83,75,greenkh01
618,,Colby Rasmus,Batting 2nd,2012,92,408,625,65.3,91,371,55,87,12,2,20,57,2,3,27,103,.235,.295,.439,.734,163,3,6,1,3,0,1,.267,112,104,rasmuco01
619,,Matt Wieters,Batting 6th,2013,93,378,579,65.3,93,341,37,79,17,0,12,42,1,0,30,56,.232,.289,.387,.676,132,5,0,1,6,3,2,.240,94,87,wietema01
620,,Torii Hunter,Batting 2nd,2012,85,381,584,65.2,85,356,57,122,19,1,9,69,8,1,19,85,.343,.376,.478,.854,170,9,2,1,3,0,0,.426,109,139,hunteto01
621,,Geoff Jenkins,Batting 3rd,2006,83,362,555,65.2,83,324,39,84,19,1,9,46,4,1,31,86,.259,.329,.407,.736,132,9,4,0,3,2,3,.323,86,75,jenkige01
622,,Dayán Viciedo,Batting 7th,2012,94,354,543,65.2,93,326,45,82,12,1,15,53,0,2,20,79,.252,.299,.433,.732,141,8,4,0,4,0,4,.284,97,105,vicieda01
623,,Lance Berkman,Batting 4th,2008,103,432,665,65.0,103,360,77,123,29,4,24,79,12,3,63,69,.342,.440,.644,1.084,232,6,4,0,5,14,0,.364,118,157,berkmla01
624,,Jermaine Dye,Batting 5th,2006,96,397,611,65.0,96,352,62,111,16,2,30,80,4,2,37,77,.315,.380,.628,1.008,221,11,3,0,5,3,6,.324,100,140,dyeje01
625,,Mike Napoli,Batting 4th,2014,76,325,500,65.0,75,271,29,70,15,0,10,35,0,1,51,84,.258,.382,.424,.806,115,7,3,0,0,2,4,.339,104,117,napolmi01
626,,Brian Dozier,Batting 1st,2015,102,457,704,64.9,102,407,69,100,29,4,22,56,8,3,38,97,.246,.313,.499,.812,203,4,5,0,7,2,3,.264,114,119,doziebr01
627,,Mark Teixeira,Batting 3rd,2006,103,472,727,64.9,103,414,62,114,31,1,18,70,0,0,52,84,.275,.358,.486,.844,201,15,3,0,3,8,3,.305,91,99,teixema01
628,,Prince Fielder,Batting 4th,2007,102,441,681,64.8,102,362,79,110,20,2,37,80,2,1,68,72,.304,.424,.677,1.101,245,7,9,0,2,17,2,.286,117,155,fieldpr01
629,,Luis Castillo,Batting 2nd,2009,86,375,580,64.7,86,313,56,102,5,2,1,29,15,5,42,42,.326,.402,.364,.766,114,11,0,17,3,0,3,.370,109,107,castilu01
630,,Luke Scott,Batting 6th,2008,85,346,536,64.6,83,306,44,85,15,2,16,46,1,2,33,63,.278,.353,.497,.849,152,3,4,0,3,7,5,.300,110,122,scottlu01
631,,Bobby Abreu,Batting 3rd,2009,96,430,667,64.5,96,365,56,109,19,1,8,63,21,5,58,69,.299,.388,.422,.810,154,8,0,0,7,2,4,.342,97,96,abreubo01
632,,Billy Butler,Batting 4th,2012,103,437,679,64.4,102,393,51,131,26,1,18,74,1,1,38,73,.333,.396,.542,.938,213,7,4,0,2,6,2,.372,112,131,butlebi03
633,,Mark Reynolds,Batting 4th,2009,99,426,662,64.4,99,363,63,93,14,0,31,64,14,7,56,135,.256,.359,.551,.910,200,4,4,0,3,3,5,.310,104,119,reynoma01
634,,Luke Scott,Batting 6th,2009,79,326,506,64.4,78,289,48,86,20,1,21,62,0,0,36,54,.298,.377,.592,.969,171,3,1,0,0,4,2,.304,132,149,scottlu01
635,,Hunter Pence,Batting 5th,2013,107,442,687,64.3,107,408,54,114,23,3,13,59,16,3,30,79,.279,.333,.446,.779,182,13,3,0,1,1,4,.319,91,110,pencehu01
636,,Michael Bourn,Batting 1st,2008,70,330,514,64.2,70,297,37,63,4,3,4,15,33,4,28,68,.212,.279,.286,.565,85,2,0,4,1,0,1,.261,92,50,bournmi01
637,,Edwin Encarnación,Batting 4th,2014,81,348,542,64.2,81,305,48,74,17,2,21,55,2,0,41,57,.243,.336,.518,.854,158,10,2,0,0,2,1,.233,90,125,encared01
638,,Mark Teixeira,Batting 4th,2008,101,440,685,64.2,101,372,60,103,25,0,19,74,0,0,63,66,.277,.384,.497,.881,185,12,3,0,2,9,4,.291,84,111,teixema01
639,,Ray Durham,Batting 5th,2006,86,356,555,64.1,86,319,57,101,24,3,21,66,5,2,33,40,.317,.380,.608,.988,194,6,1,1,2,4,4,.308,119,136,durhara01
640,,Jacoby Ellsbury,Batting 3rd,2014,93,407,635,64.1,93,365,40,101,16,0,8,44,27,4,35,60,.277,.342,.386,.728,141,7,3,0,4,3,3,.309,96,84,ellsbja01
641,,Brandon Inge,Batting 9th,2007,97,370,577,64.1,95,332,38,74,16,2,9,52,4,1,25,104,.223,.287,.364,.651,121,6,6,4,3,2,2,.293,89,122,ingebr01
642,,Yadier Molina,Batting 6th,2012,87,361,563,64.1,87,330,39,107,21,0,14,49,10,1,23,31,.324,.373,.515,.888,170,7,4,2,2,2,3,.324,103,139,molinya01
643,,Chase Utley,Batting 3rd,2007,84,393,613,64.1,84,337,69,117,38,3,12,70,7,1,34,56,.347,.426,.585,1.011,197,3,16,1,5,0,1,.383,107,138,utleych01
644,,Aaron Rowand,Batting 5th,2007,100,438,684,64.0,99,398,68,118,33,0,18,57,3,2,26,88,.296,.358,.515,.874,205,10,13,0,1,3,5,.341,96,122,rowanaa01
645,,Aubrey Huff,Batting 3rd,2010,98,427,668,63.9,98,367,69,105,21,4,18,57,4,0,51,65,.286,.379,.512,.892,188,11,6,0,3,2,3,.303,100,117,huffau01
646,,Raúl Ibañez,Batting 4th,2006,102,447,699,63.9,102,399,74,120,19,2,26,87,1,3,44,80,.301,.367,.554,.921,221,7,0,0,4,9,4,.316,111,109,ibanera01
647,,Johnny Damon,Batting 2nd,2010,87,391,613,63.8,86,339,58,92,27,3,6,30,4,0,48,55,.271,.362,.422,.784,143,3,1,2,1,2,5,.308,107,114,damonjo01
648,,Kevin Youkilis,Batting 2nd,2012,75,324,509,63.7,75,273,44,63,7,1,14,43,0,0,36,66,.231,.346,.418,.763,114,6,13,0,2,2,1,.251,105,114,youklke01
649,,Michael Cuddyer,Batting 5th,2010,100,429,675,63.6,100,385,56,106,19,3,7,56,4,1,39,63,.275,.343,.395,.737,152,17,2,0,3,3,4,.311,97,92,cuddymi01
650,,Alfonso Soriano,Batting 1st,2009,70,332,522,63.6,70,302,47,69,16,0,14,32,7,2,26,74,.228,.295,.421,.716,127,4,3,0,1,5,3,.256,97,88,soriaal01
651,,Torii Hunter,Batting 4th,2011,96,412,649,63.5,96,367,54,98,13,1,17,60,4,2,41,71,.267,.340,.447,.787,164,15,1,0,3,1,5,.287,105,99,hunteto01
652,,Josh Willingham,Batting 4th,2006,84,364,573,63.5,84,310,41,87,21,1,16,44,1,0,43,64,.281,.379,.510,.889,158,9,8,0,3,2,7,.305,109,104,willijo03
653,,Kenji Johjima,Batting 7th,2007,82,325,513,63.4,82,308,31,90,18,0,9,34,0,1,8,28,.292,.323,.438,.761,135,14,7,0,2,0,2,.297,102,105,johjike01
654,,Yasiel Puig,Batting 2nd,2014,89,406,640,63.4,89,354,71,111,26,6,14,52,8,2,41,71,.314,.399,.540,.938,191,6,9,2,0,1,6,.361,117,162,puigya01
655,,Nick Markakis,Batting 3rd,2010,102,449,709,63.3,102,392,41,112,30,1,4,30,5,1,51,55,.286,.367,.398,.765,156,11,2,0,4,6,2,.320,91,89,markani01
656,,Corey Hart,Batting 2nd,2010,86,388,614,63.2,86,361,61,105,26,2,13,62,5,4,20,97,.291,.332,.482,.814,174,9,4,0,3,1,3,.362,90,121,hartco01
657,,Evan Longoria,Batting 4th,2014,103,442,700,63.1,103,390,48,103,15,0,13,65,4,0,37,85,.264,.333,.403,.736,157,11,7,1,7,7,5,.301,104,97,longoev01
658,,Mike Napoli,Batting 5th,2013,88,365,578,63.1,84,309,52,79,20,1,13,53,1,1,50,122,.256,.367,.453,.820,140,7,5,0,1,3,0,.377,96,122,napolmi01
659,,Reggie Willits,Batting 1st,2007,71,327,518,63.1,71,273,47,73,13,1,0,22,16,6,40,53,.267,.359,.322,.682,88,4,2,7,5,0,2,.324,85,82,willire03
660,,Asdrúbal Cabrera,Batting 2nd,2012,89,388,616,63.0,88,360,43,93,20,1,11,36,6,3,26,68,.258,.309,.411,.720,148,12,1,0,1,2,1,.291,89,101,cabreas01
661,,Justin Morneau,Batting 4th,2013,94,400,635,63.0,94,357,40,97,24,0,12,52,0,0,32,68,.272,.340,.440,.780,157,8,7,0,4,1,2,.302,112,98,morneju01
662,,Richie Sexson,Batting 5th,2006,98,418,663,63.0,98,371,53,108,26,0,26,73,1,0,42,90,.291,.364,.571,.935,212,12,2,0,3,5,2,.318,121,123,sexsori01
663,,Andre Ethier,Batting 5th,2013,83,348,553,62.9,82,302,41,90,26,2,8,41,3,2,42,51,.298,.391,.477,.868,144,4,4,0,0,9,4,.337,121,135,ethiean01
664,,Travis Hafner,Batting 3rd,2007,91,416,661,62.9,91,333,54,93,15,2,16,72,0,0,74,77,.279,.412,.480,.893,160,9,4,0,4,11,3,.316,113,112,hafnetr01
665,,Kenji Johjima,Batting 7th,2006,87,341,542,62.9,87,320,36,96,16,0,9,44,3,0,11,28,.300,.337,.434,.772,139,5,8,0,2,1,10,.305,98,106,johjike01
666,,Xavier Nady,Batting 5th,2008,91,382,607,62.9,90,350,49,108,25,1,13,57,1,0,25,60,.309,.359,.497,.856,174,10,4,0,3,1,0,.339,98,118,nadyxa01
667,,José Castillo,Batting 7th,2006,90,353,562,62.8,88,320,33,73,11,0,12,43,3,4,21,66,.228,.281,.375,.656,120,13,5,1,6,4,4,.246,92,75,castijo02
668,,Adrián González,Batting 4th,2007,100,452,720,62.8,100,409,72,126,24,2,24,67,0,0,39,84,.308,.369,.553,.922,226,4,2,0,2,7,2,.337,117,115,gonzaad01
669,,Mike Morse,Batting 4th,2011,85,361,575,62.8,82,325,45,97,22,0,18,57,1,0,26,78,.298,.366,.532,.898,173,4,9,0,1,5,3,.343,98,125,morsemi01
670,,Carlos González,Batting 3rd,2010,90,399,636,62.7,89,363,73,130,26,5,25,80,20,4,31,82,.358,.404,.664,1.067,241,6,0,0,5,7,4,.402,119,157,gonzaca01
671,,Nick Markakis,Batting 3rd,2009,100,446,711,62.7,100,403,60,120,29,1,11,69,3,2,36,59,.298,.354,.457,.811,184,7,2,0,5,0,7,.322,103,94,markani01
672,,Cameron Maybin,Batting 2nd,2015,78,348,555,62.7,78,318,41,86,13,2,6,33,15,3,28,54,.270,.328,.381,.708,121,13,0,0,2,1,4,.308,103,90,maybica01
673,,Colby Rasmus,Batting 2nd,2009,79,326,520,62.7,74,296,54,84,16,2,8,28,1,0,22,52,.284,.333,.432,.766,128,5,1,5,2,0,3,.319,115,102,rasmuco01
674,,Justin Upton,Batting 3rd,2013,91,403,643,62.7,91,347,59,88,16,2,16,46,5,1,48,101,.254,.346,.450,.795,156,9,3,1,4,4,3,.308,95,99,uptonju01
675,,Craig Biggio,Batting 1st,2006,84,380,607,62.6,84,352,53,93,25,0,11,38,2,0,20,50,.264,.310,.429,.739,151,9,4,2,2,0,2,.280,103,93,biggicr01
676,,Chris Davis,Batting 5th,2013,101,421,673,62.6,101,366,76,119,32,0,38,98,0,1,43,116,.325,.401,.724,1.125,265,2,7,0,5,11,2,.373,123,197,davisch02
677,,Carlos Santana,Batting 4th,2011,96,412,658,62.6,96,338,46,71,19,2,15,51,3,2,70,82,.210,.345,.411,.756,139,9,1,0,3,3,1,.230,88,92,santaca01
678,,Julio Lugo,Batting 1st,2007,84,394,630,62.5,82,352,45,79,18,1,4,44,22,2,32,52,.224,.286,.315,.601,111,7,0,6,4,0,5,.250,88,59,lugoju01
679,,Luis Castillo,Batting 1st,2007,85,384,615,62.4,85,349,54,106,11,3,0,18,9,4,29,28,.304,.356,.352,.709,123,3,0,5,1,0,4,.329,96,88,castilu01
680,,Andre Ethier,Batting 2nd,2008,81,372,596,62.4,80,330,62,102,25,5,13,42,5,1,39,58,.309,.380,.533,.913,176,3,0,1,2,0,2,.341,106,144,ethiean01
681,,Miguel Cabrera,Batting 5th,2008,98,426,684,62.3,98,374,49,108,23,2,19,73,1,0,45,77,.289,.362,.513,.875,192,13,1,0,6,4,2,.313,99,123,cabremi01
682,,Starlin Castro,Batting 2nd,2010,71,315,506,62.3,71,296,37,91,20,1,2,20,9,6,10,38,.307,.342,.402,.744,119,6,6,2,1,1,5,.346,97,103,castrst01
683,,James Loney,Batting 5th,2014,95,404,651,62.1,95,370,41,105,18,0,7,46,3,0,29,40,.284,.337,.389,.726,144,13,2,0,3,1,1,.301,103,100,loneyja01
684,,David Wright,Batting 3rd,2009,90,383,618,62.0,89,336,56,94,21,0,7,38,11,3,41,87,.280,.358,.405,.762,136,14,2,0,4,3,4,.354,82,84,wrighda03
685,,Orlando Hudson,Batting 3rd,2007,85,372,601,61.9,85,314,38,92,20,5,6,44,4,2,48,56,.293,.381,.446,.827,140,17,1,2,7,1,0,.332,103,97,hudsoor01
686,,Evan Longoria,Batting 4th,2013,100,429,693,61.9,100,380,62,115,28,3,20,62,1,0,42,94,.303,.371,.550,.921,209,11,2,0,5,4,3,.351,119,132,longoev01
687,,Aaron Rowand,Batting 5th,2008,91,378,611,61.9,91,337,33,87,23,0,9,49,1,2,29,76,.258,.333,.407,.740,137,11,10,0,2,4,3,.307,98,91,rowanaa01
688,,Pablo Sandoval,Batting 4th,2014,95,395,638,61.9,95,368,46,114,17,2,11,56,0,0,18,44,.310,.342,.457,.798,168,9,3,0,6,3,6,.323,116,112,sandopa01
689,,José Vidro,Batting 2nd,2007,84,387,625,61.9,84,336,49,105,17,0,4,44,0,0,40,37,.313,.380,.399,.779,134,11,1,3,7,3,1,.334,101,106,vidrojo01
690,,Chase Headley,Batting 3rd,2013,86,371,600,61.8,85,320,35,72,17,2,7,30,5,1,42,93,.225,.329,.356,.685,114,5,8,0,1,4,2,.294,84,73,headlch01
691,,Conor Jackson,Batting 4th,2008,89,378,612,61.8,89,329,57,100,18,5,10,51,5,2,40,35,.304,.387,.480,.868,158,8,6,1,2,1,5,.315,111,108,jacksco01
692,,Jon Jay,Batting 2nd,2011,75,311,503,61.8,72,287,41,87,11,2,6,22,5,5,10,54,.303,.331,.418,.749,120,7,3,9,2,0,1,.354,95,110,jayjo02
693,,Brian Giles,Batting 3rd,2008,90,403,653,61.7,90,345,52,107,26,3,6,39,2,0,53,30,.310,.402,.455,.857,157,13,2,0,3,0,4,.324,101,109,gilesbr02
694,,Dexter Fowler,Batting 1st,2011,74,347,563,61.6,73,298,53,80,22,5,5,26,6,6,41,83,.268,.363,.426,.790,127,3,4,3,1,0,3,.355,99,118,fowlede01
695,,Carlos Beltrán,Batting 2nd,2013,83,369,600,61.5,83,348,58,109,18,1,19,52,2,1,17,53,.313,.345,.534,.880,186,7,1,1,2,1,1,.324,111,142,beltrca01
696,,Bryce Harper,Batting 3rd,2015,94,402,654,61.5,94,325,66,102,22,0,23,45,3,0,71,87,.314,.438,.594,1.032,193,8,3,0,3,11,2,.362,87,153,harpebr03
697,,Adrián González,Batting 3rd,2015,89,395,643,61.4,89,352,46,94,21,0,18,57,0,0,38,64,.267,.342,.480,.822,169,15,3,0,2,6,0,.279,98,101,gonzaad01
698,,Lyle Overbay,Batting 5th,2006,93,392,640,61.3,92,357,52,114,35,1,14,65,2,1,34,61,.319,.380,.541,.921,193,8,1,0,0,3,1,.355,109,122,overbly01
699,,David Peralta,Batting 4th,2015,80,317,517,61.3,77,287,38,99,15,4,13,54,5,1,23,63,.345,.391,.561,.952,161,6,2,0,5,1,3,.398,113,138,peralda01
700,,Alex Gordon,Batting 1st,2011,89,422,690,61.2,89,370,64,113,28,1,18,56,10,6,45,87,.305,.383,.532,.916,197,6,3,0,2,2,1,.356,108,150,gordoal01
701,,Billy Butler,Batting 4th,2013,97,408,668,61.1,97,361,36,102,15,0,8,49,0,0,44,69,.283,.360,.391,.751,141,16,1,0,2,7,3,.329,91,93,butlebi03
702,,Cody Ross,Batting 7th,2009,91,369,604,61.1,91,350,39,86,17,0,15,50,1,2,13,83,.246,.279,.423,.702,148,14,4,0,2,1,2,.280,77,91,rossco01
703,,Jemile Weeks,Batting 1st,2012,67,312,511,61.1,67,273,29,57,10,4,2,9,11,5,30,45,.209,.298,.297,.594,81,2,5,3,1,0,2,.242,95,68,weeksje01
704,,Adrian Beltré,Batting 4th,2008,87,373,612,60.9,87,333,44,83,21,1,12,44,7,1,36,55,.249,.322,.426,.748,142,7,1,0,3,8,2,.264,92,78,beltrad01
705,,Todd Helton,Batting 3rd,2006,88,395,649,60.9,88,320,57,93,22,2,12,52,2,2,65,39,.291,.413,.484,.897,155,8,5,0,5,12,3,.296,104,114,heltoto01
706,,Kevin Youkilis,Batting 4th,2009,83,358,588,60.9,83,293,60,99,21,0,16,60,4,0,48,70,.338,.447,.573,1.020,168,5,13,0,4,5,2,.393,113,149,youklke01
707,,J.D. Drew,Batting 4th,2006,83,361,594,60.8,83,302,50,83,21,4,8,52,1,2,52,64,.275,.381,.450,.831,136,3,2,1,4,4,4,.321,87,92,drewj.01
708,,Cristian Guzmán,Batting 2nd,2008,83,372,612,60.8,82,354,50,110,24,2,7,36,6,2,14,34,.311,.340,.449,.789,159,7,2,1,1,0,8,.328,101,112,guzmacr01
709,,Willy Taveras,Batting 1st,2006,77,357,587,60.8,73,324,48,87,12,2,1,16,27,5,21,51,.269,.326,.327,.653,106,2,7,4,1,0,3,.315,95,73,taverwi01
710,,Garrett Jones,Batting 5th,2014,82,332,547,60.7,80,302,36,73,16,2,8,32,0,1,27,64,.242,.304,.387,.692,117,7,1,0,2,1,1,.280,93,89,jonesga02
711,,Ryan Theriot,Batting 2nd,2009,91,410,677,60.6,90,363,54,99,16,3,7,37,12,5,28,52,.273,.331,.391,.722,142,10,5,11,3,0,3,.300,103,92,theriry01
712,,Jermaine Dye,Batting 3rd,2009,83,347,574,60.5,83,302,51,78,13,1,16,52,0,1,41,56,.258,.352,.467,.818,141,12,3,0,1,1,1,.268,107,96,dyeje01
713,,Raúl Ibañez,Batting 6th,2011,84,348,575,60.5,83,323,42,79,19,0,11,48,1,0,21,61,.245,.293,.406,.699,131,5,2,0,2,1,4,.269,98,91,ibanera01
714,,Troy Tulowitzki,Batting 4th,2013,71,310,512,60.5,71,276,47,91,19,0,20,64,1,0,27,54,.330,.390,.616,1.006,170,4,3,0,4,2,0,.345,114,152,tulowtr01
715,,Adam Dunn,Batting 4th,2014,76,308,511,60.3,73,267,29,55,11,0,15,38,0,0,35,91,.206,.305,.416,.721,111,5,4,0,2,3,2,.245,91,91,dunnad01
716,,Garrett Atkins,Batting 5th,2008,95,400,664,60.2,93,372,46,106,22,3,11,59,1,1,23,57,.285,.323,.449,.771,167,14,0,0,5,0,4,.307,98,97,atkinga01
717,,Shin-Soo Choo,Batting 2nd,2015,87,393,653,60.2,86,326,66,98,15,1,13,54,2,2,54,80,.301,.413,.472,.886,154,5,10,1,2,1,3,.362,112,137,choosh01
718,,José Reyes,Batting 1st,2012,95,431,716,60.2,95,387,48,106,20,6,6,25,23,5,39,41,.274,.339,.403,.742,156,7,0,3,2,5,8,.292,91,108,reyesjo01
719,,J.J. Hardy,Batting 2nd,2008,82,378,629,60.1,82,350,56,103,19,3,21,54,1,1,24,64,.294,.341,.546,.887,191,13,1,3,0,0,6,.309,114,136,hardyjj01
720,,Omar Infante,Batting 1st,2010,66,304,506,60.1,66,282,42,86,8,3,6,22,4,3,19,31,.305,.349,.418,.767,118,7,0,3,0,1,4,.327,98,116,infanom01
721,,José López,Batting 4th,2010,88,373,622,60.0,88,360,28,86,21,0,5,39,2,1,9,33,.239,.263,.339,.602,122,14,3,0,1,1,4,.251,97,50,lopezjo01
722,,Brian McCann,Batting 5th,2015,76,321,535,60.0,75,286,45,70,9,1,17,61,0,0,27,59,.245,.318,.462,.779,132,5,5,0,3,2,2,.249,105,109,mccanbr01
723,,David Ortiz,Batting 4th,2015,87,368,614,59.9,87,312,55,95,24,0,30,86,0,1,49,61,.304,.391,.670,1.061,209,7,0,0,7,9,2,.285,130,162,ortizda01
724,,Skip Schumaker,Batting 1st,2010,71,317,529,59.9,71,285,42,78,11,0,3,18,4,2,27,33,.274,.337,.344,.680,98,2,1,2,2,1,3,.299,105,93,schumsk01
725,,Brett Gardner,Batting 2nd,2015,86,392,656,59.8,85,338,50,83,10,1,9,37,13,4,41,69,.246,.332,.361,.693,122,4,4,7,2,0,4,.282,87,86,gardnbr01
726,,Aaron Hill,Batting 8th,2006,93,362,606,59.7,93,322,44,101,19,2,4,34,2,2,30,39,.314,.383,.422,.806,136,8,7,2,1,4,5,.346,119,130,hillaa01
727,,Chris Davis,Batting 4th,2015,95,399,670,59.6,94,337,60,91,15,0,30,76,2,3,53,127,.270,.373,.582,.955,196,2,5,0,4,3,3,.332,107,137,davisch02
728,,Shane Victorino,Batting 1st,2010,82,386,648,59.6,82,348,58,96,14,8,12,45,22,4,30,44,.276,.345,.466,.810,162,1,7,0,1,3,3,.287,114,127,victosh01
729,,Jack Wilson,Batting 8th,2007,82,319,535,59.6,82,281,36,86,14,1,9,45,2,3,25,28,.306,.366,.459,.825,129,7,4,5,4,9,0,.310,109,140,wilsoja02
730,,Nick Swisher,Batting 2nd,2010,82,378,635,59.5,82,335,48,92,17,1,17,47,1,2,38,72,.275,.348,.484,.832,162,8,1,2,2,0,3,.302,92,126,swishni01
731,,Shane Victorino,Batting 2nd,2008,81,373,627,59.5,81,334,58,88,19,4,6,33,24,8,30,40,.263,.335,.398,.733,133,4,6,3,0,1,5,.285,84,98,victosh01
732,,Randy Winn,Batting 3rd,2008,92,397,667,59.5,92,354,47,104,22,0,2,41,18,1,35,56,.294,.351,.373,.724,132,5,0,1,7,2,5,.337,84,78,winnra01
733,,Alcides Escobar,Batting 2nd,2012,86,385,648,59.4,86,360,40,95,11,5,3,32,24,3,17,59,.264,.303,.347,.650,125,6,3,5,0,1,7,.309,81,83,escobal02
734,,Curtis Granderson,Batting 2nd,2012,90,406,684,59.4,90,354,62,88,10,2,27,55,6,3,46,120,.249,.341,.517,.858,183,3,4,1,1,1,0,.293,112,138,grandcu01
735,,Desmond Jennings,Batting 1st,2014,71,322,542,59.4,70,290,39,69,18,1,5,20,4,3,23,66,.238,.301,.359,.659,104,3,3,6,0,0,2,.292,89,85,jennide01
736,,Édgar Rentería,Batting 2nd,2009,68,303,510,59.4,68,273,30,63,9,0,2,26,5,2,23,39,.231,.290,.286,.576,78,10,1,3,3,1,2,.260,82,55,renteed01
737,,Gordon Beckham,Batting 9th,2012,96,345,582,59.3,95,308,33,67,15,0,8,32,3,3,26,63,.218,.291,.344,.635,106,8,6,5,0,0,6,.249,91,131,beckhgo01
738,,Jeff Francoeur,Batting 5th,2011,92,388,656,59.1,91,357,52,107,35,1,15,48,11,8,23,85,.300,.348,.529,.877,189,9,5,0,3,2,3,.354,117,130,francje02
739,,Chris Young,Batting 1st,2007,84,369,624,59.1,84,338,55,85,19,1,21,36,19,3,26,91,.251,.309,.500,.809,169,2,3,0,2,1,5,.281,112,110,youngch04
740,,Mike Jacobs,Batting 4th,2008,76,306,519,59.0,76,281,40,67,13,1,18,56,0,0,22,74,.238,.291,.484,.775,136,3,0,0,3,6,0,.255,92,82,jacobmi02
741,,José Bautista,Batting 3rd,2010,93,402,683,58.9,93,339,64,91,21,1,35,76,6,0,56,64,.268,.378,.646,1.024,219,6,5,0,2,0,4,.231,105,145,bautijo02
742,,Kelly Johnson,Batting 1st,2007,76,358,608,58.9,76,306,54,82,14,6,9,40,5,5,49,63,.268,.372,.441,.813,135,4,2,0,1,1,5,.311,96,114,johnske05
743,,Carlos Beltrán,Batting 4th,2012,82,364,619,58.8,82,326,48,86,19,1,16,64,10,4,34,74,.264,.332,.475,.808,155,6,1,0,3,7,3,.293,92,98,beltrca01
744,,Adam Everett,Batting 8th,2006,87,333,566,58.8,87,305,28,71,17,1,3,34,4,3,21,41,.233,.288,.325,.612,99,3,3,3,1,5,7,.260,92,75,everead01
745,,Miguel Cabrera,Batting 3rd,2007,92,399,680,58.7,92,338,52,103,21,0,21,62,1,0,53,67,.305,.399,.553,.953,187,12,3,1,4,16,1,.323,97,124,cabremi01
746,,Melvin Mora,Batting 2nd,2006,89,413,705,58.6,89,372,54,101,13,0,9,47,6,0,29,61,.272,.332,.379,.711,141,4,6,3,3,1,3,.302,94,85,morame01
747,,Freddy Sanchez,Batting 2nd,2008,79,356,608,58.6,79,335,46,93,12,0,7,30,0,1,10,34,.278,.302,.376,.678,126,8,3,5,3,0,8,.290,103,82,sanchfr01
748,,Carlos Santana,Batting 4th,2015,89,390,666,58.6,89,317,42,76,14,1,10,54,8,3,69,69,.240,.377,.385,.762,122,11,2,0,2,5,1,.275,103,96,santaca01
749,,Kyle Seager,Batting 3rd,2013,93,407,695,58.6,93,358,38,79,15,1,11,39,7,0,42,77,.221,.305,.360,.665,129,4,3,0,4,0,3,.248,75,67,seageky01
750,,Mark Teixeira,Batting 4th,2007,77,337,575,58.6,77,288,51,84,11,1,18,60,0,0,43,64,.292,.392,.524,.916,151,2,5,0,1,6,2,.319,91,115,teixema01
751,,Joe Mauer,Batting 3rd,2014,71,303,518,58.5,71,268,30,70,17,1,2,37,1,0,34,52,.261,.347,.354,.701,95,8,1,0,0,7,1,.318,92,78,mauerjo01
752,,Hunter Pence,Batting 2nd,2014,95,414,708,58.5,95,381,62,115,19,5,13,39,5,2,30,79,.302,.353,.480,.833,183,7,1,0,2,1,3,.351,114,132,pencehu01
753,,Jose Altuve,Batting 1st,2012,85,367,630,58.3,84,332,42,90,19,1,5,15,20,10,26,41,.271,.332,.380,.711,126,5,5,2,2,0,7,.295,93,100,altuvjo01
754,,Carl Crawford,Batting 2nd,2006,86,381,653,58.3,86,347,54,112,13,11,15,49,31,7,20,47,.323,.361,.553,.915,192,5,2,9,2,2,5,.338,119,135,crawfca02
755,,Torii Hunter,Batting 6th,2006,87,356,611,58.3,87,331,51,97,11,2,22,63,7,5,19,64,.293,.340,.538,.878,178,11,5,0,1,2,3,.305,111,126,hunteto01
756,,Miguel Tejada,Batting 4th,2006,96,413,709,58.3,96,378,51,132,19,0,13,56,2,2,26,53,.349,.397,.503,.900,190,14,6,0,3,5,3,.378,106,107,tejadmi01
757,,David Freese,Batting 5th,2012,78,330,567,58.2,78,302,41,81,14,1,14,55,1,2,24,83,.268,.324,.460,.785,139,10,2,0,2,1,1,.324,86,106,freesda01
758,,José López,Batting 3rd,2009,87,380,653,58.2,87,360,39,97,29,0,13,45,2,1,13,42,.269,.303,.458,.761,165,12,5,0,2,2,6,.274,99,80,lopezjo01
759,,Pedro Feliz,Batting 7th,2007,85,343,590,58.1,84,322,35,83,14,1,14,45,1,0,17,42,.258,.294,.438,.732,141,9,1,0,3,1,5,.257,106,96,felizpe01
760,,Justin Morneau,Batting 4th,2009,79,343,590,58.1,79,293,46,75,17,0,18,51,0,0,46,49,.256,.356,.498,.854,146,5,1,0,3,8,1,.249,95,107,morneju01
761,,Jhonny Peralta,Batting 7th,2012,86,340,585,58.1,86,313,31,76,21,1,8,36,0,1,23,68,.243,.298,.393,.691,123,8,2,1,1,0,3,.286,100,95,peraljh01
762,,Carlos Santana,Batting 4th,2012,81,354,609,58.1,81,297,37,70,12,1,11,47,1,3,53,60,.236,.350,.394,.744,117,13,1,0,3,3,3,.258,90,86,santaca01
763,,Travis Hafner,Batting 4th,2006,73,327,564,58.0,73,263,62,86,17,1,23,67,0,0,60,55,.327,.454,.662,1.116,174,8,2,0,1,5,0,.339,104,154,hafnetr01
764,,Seth Smith,Batting 3rd,2014,70,302,521,58.0,70,254,35,76,22,4,7,34,1,0,44,50,.299,.404,.500,.904,127,5,2,0,2,1,3,.347,124,127,smithse01
765,,Orlando Cabrera,Batting 2nd,2006,88,391,675,57.9,88,354,57,103,24,1,5,46,14,1,29,29,.291,.343,.407,.750,144,6,1,3,4,0,3,.302,103,95,cabreor01
766,,Adam Dunn,Batting 5th,2007,86,366,632,57.9,85,293,55,73,17,2,17,60,3,1,69,89,.249,.393,.495,.888,145,6,2,0,2,6,2,.296,91,128,dunnad01
767,,Drew Stubbs,Batting 7th,2010,84,337,583,57.8,83,299,52,80,11,4,12,51,9,2,27,95,.268,.332,.452,.784,135,6,4,3,4,1,5,.347,103,124,stubbdr01
768,,Alex Rodriguez,Batting 3rd,2012,68,305,529,57.7,68,265,50,80,8,0,10,27,9,1,28,68,.302,.384,.445,.829,118,9,9,0,3,2,3,.368,112,106,rodrial01
769,,Khris Davis,Batting 6th,2014,79,316,549,57.6,79,291,37,67,20,0,14,44,3,0,18,76,.230,.285,.443,.728,129,6,5,0,2,0,6,.261,92,110,daviskh01
770,,Plácido Polanco,Batting 2nd,2011,67,301,523,57.6,66,271,31,84,9,0,3,31,3,0,26,22,.310,.372,.376,.748,102,8,2,0,2,0,4,.327,122,112,polanpl01
771,,Mark Reynolds,Batting 5th,2008,85,353,613,57.6,84,308,48,77,17,3,17,62,4,1,40,117,.250,.337,.490,.827,151,6,2,0,3,0,1,.339,112,110,reynoma01
772,,Andruw Jones,Batting 4th,2007,86,379,659,57.5,86,323,54,71,15,1,19,64,4,0,47,85,.220,.325,.449,.773,145,9,5,0,4,3,4,.233,113,81,jonesan01
773,,Bobby Abreu,Batting 3rd,2010,88,383,667,57.4,88,324,48,78,19,1,10,51,14,7,54,77,.241,.347,.398,.745,129,8,1,0,4,2,5,.282,90,83,abreubo01
774,,Lance Berkman,Batting 5th,2011,81,337,587,57.4,81,278,53,89,17,1,18,59,0,4,54,54,.320,.430,.583,1.013,162,3,2,0,3,8,4,.340,111,168,berkmla01
775,,Alex Gordon,Batting 5th,2014,90,369,643,57.4,90,327,54,101,24,1,11,44,4,3,34,58,.309,.385,.489,.874,160,8,7,0,1,1,3,.347,123,140,gordoal01
776,,Franklin Gutiérrez,Batting 3rd,2010,83,359,629,57.1,83,317,30,76,16,3,6,39,10,1,36,83,.240,.316,.366,.682,116,5,1,1,4,2,4,.302,105,67,gutiefr01
777,,Vladimir Guerrero,Batting 4th,2008,82,342,600,57.0,82,312,58,109,20,1,20,60,3,2,27,35,.349,.404,.612,1.016,191,16,2,0,1,6,4,.345,128,140,guerrvl01
778,,Adrián González,Batting 4th,2012,91,389,684,56.9,91,356,45,108,30,0,13,72,2,0,25,64,.303,.355,.497,.852,177,5,5,0,3,4,1,.337,111,109,gonzaad01
779,,Jhonny Peralta,Batting 4th,2008,84,378,664,56.9,84,340,63,102,28,3,12,58,1,1,30,69,.300,.360,.506,.866,172,16,4,0,4,2,4,.342,116,106,peraljh01
780,,Michael Young,Batting 4th,2011,89,392,689,56.9,89,354,47,117,15,4,4,53,2,2,31,48,.331,.380,.429,.809,152,7,1,0,6,5,3,.367,91,106,youngmi02
781,,Hideki Matsui,Batting 5th,2007,79,360,634,56.8,79,309,61,92,14,3,16,64,3,0,44,36,.298,.381,.518,.898,160,6,1,0,6,2,6,.289,110,130,matsuhi01
782,,Mike Trout,Batting 2nd,2013,89,405,716,56.6,89,343,63,113,23,7,18,62,20,4,50,69,.329,.420,.595,1.015,204,6,7,0,5,4,8,.364,104,180,troutmi01
783,,B.J. Upton,Batting 2nd,2012,81,358,633,56.6,81,328,51,86,22,3,17,47,23,3,24,91,.262,.312,.503,.815,165,5,0,4,1,0,3,.312,116,125,uptonbj01
784,,Ian Desmond,Batting 5th,2014,87,366,648,56.5,87,328,46,85,14,2,13,46,18,4,33,93,.259,.331,.433,.764,142,11,3,0,2,0,3,.321,106,109,desmoia01
785,,Lucas Duda,Batting 3rd,2015,72,313,554,56.5,72,264,35,63,18,0,9,32,0,0,38,70,.239,.351,.409,.761,108,7,9,0,2,3,1,.289,84,88,dudalu01
786,,Hideki Matsui,Batting 5th,2010,78,315,558,56.5,77,273,29,73,12,0,10,45,0,1,39,56,.267,.358,.421,.779,115,6,0,0,1,3,2,.303,91,102,matsuhi01
787,,Yunel Escobar,Batting 2nd,2008,73,331,587,56.4,73,291,41,84,15,2,3,34,2,1,31,33,.289,.365,.385,.750,112,15,4,5,0,1,4,.318,96,103,escobyu01
788,,Miguel Montero,Batting 4th,2014,75,316,560,56.4,75,275,27,71,12,0,7,40,0,3,32,59,.258,.348,.378,.726,104,7,7,0,2,5,2,.303,108,95,montemi01
789,,Jose Altuve,Batting 2nd,2013,85,378,672,56.3,85,351,36,99,19,1,3,27,24,8,17,47,.282,.312,.368,.680,129,16,1,3,6,3,1,.313,100,90,altuvjo01
790,,Jesús Montero,Batting 4th,2012,72,311,553,56.2,72,289,26,70,12,0,5,28,0,0,19,53,.242,.286,.336,.622,97,9,0,0,3,3,5,.278,83,55,monteje01
791,,Freddie Freeman,Batting 4th,2013,82,353,629,56.1,82,313,49,100,19,2,11,64,1,0,36,69,.319,.394,.498,.892,156,4,3,0,1,4,4,.380,99,127,freemfr01
792,,Ryan Braun,Batting 3rd,2014,77,325,580,56.0,77,299,38,78,15,1,14,49,6,4,21,68,.261,.311,.458,.769,137,10,2,0,3,2,4,.291,97,91,braunry02
793,,Evan Gattis,Batting 4th,2015,84,338,604,56.0,83,318,41,79,10,8,18,59,0,1,15,73,.248,.281,.500,.781,159,9,1,0,4,3,3,.264,107,92,gattiev01
794,,Raúl Ibañez,Batting 4th,2007,81,356,636,56.0,80,321,46,99,16,3,13,64,0,0,28,45,.308,.362,.498,.861,160,9,2,0,5,1,5,.321,107,102,ibanera01
795,,Orlando Cabrera,Batting 2nd,2010,68,300,537,55.9,68,275,39,82,20,0,4,28,3,4,15,27,.298,.333,.415,.748,114,8,2,3,5,0,5,.313,127,104,cabreor01
796,,Paul Konerko,Batting 4th,2011,83,357,639,55.9,83,312,40,100,13,0,22,64,1,1,35,48,.321,.387,.574,.960,179,7,3,0,7,5,1,.313,111,141,konerpa01
797,,Dustin Pedroia,Batting 2nd,2012,78,348,623,55.9,78,314,41,84,20,1,7,32,7,3,28,38,.268,.329,.404,.733,127,4,2,1,3,2,4,.283,85,105,pedrodu01
798,,Ronny Cedeño,Batting 8th,2006,85,319,572,55.8,85,301,27,74,9,5,1,26,3,4,9,64,.246,.268,.319,.586,96,6,1,5,3,4,2,.305,93,67,cedenro02
799,,Edwin Encarnación,Batting 6th,2008,81,325,582,55.8,81,287,42,72,16,0,17,38,0,0,31,61,.251,.332,.484,.817,139,9,5,0,2,0,3,.261,102,113,encared01
800,,Jason Heyward,Batting 3rd,2012,83,363,651,55.8,83,328,49,83,13,3,14,44,10,5,33,91,.253,.320,.439,.759,144,2,0,0,2,0,6,.307,87,86,heywaja01
801,,Brian McCann,Batting 5th,2007,73,308,552,55.8,73,274,29,76,22,0,10,50,0,0,24,43,.277,.337,.467,.804,128,11,3,2,5,5,2,.292,109,105,mccanbr01
802,,Casey Blake,Batting 2nd,2007,78,369,662,55.7,78,328,45,83,23,4,11,44,0,3,30,64,.253,.327,.448,.775,147,8,7,2,2,1,2,.282,99,103,blakeca01
803,,Billy Butler,Batting 3rd,2010,88,376,678,55.5,87,334,42,115,27,0,9,46,0,0,33,44,.344,.402,.506,.908,169,20,3,0,6,5,2,.369,112,122,butlebi03
804,,Lucas Duda,Batting 4th,2014,78,331,596,55.5,77,283,46,71,10,0,19,54,1,1,38,76,.251,.350,.488,.838,138,3,7,0,3,4,1,.272,102,122,dudalu01
805,,Billy Butler,Batting 4th,2014,79,334,603,55.4,79,302,41,89,20,0,5,41,0,0,23,52,.295,.347,.411,.758,124,8,4,0,5,2,2,.336,116,103,butlebi03
806,,Stephen Drew,Batting 1st,2008,80,367,663,55.4,80,335,52,105,27,6,11,39,2,3,27,61,.313,.361,.528,.889,177,2,0,1,4,4,4,.352,114,132,drewst01
807,,Edwin Encarnación,Batting 3rd,2013,78,344,621,55.4,78,290,57,81,19,1,21,61,4,0,49,30,.279,.384,.569,.953,165,12,2,0,3,3,3,.248,110,137,encared01
808,,Aubrey Huff,Batting 5th,2007,80,334,603,55.4,79,308,36,85,19,3,7,41,1,0,23,44,.276,.323,.425,.749,131,9,0,0,3,2,1,.300,92,92,huffau01
809,,Nick Markakis,Batting 3rd,2013,88,388,700,55.4,88,350,54,92,13,0,8,31,0,2,33,34,.263,.327,.369,.696,129,11,2,0,3,2,5,.270,103,76,markani01
810,,Ángel Pagán,Batting 1st,2012,80,365,659,55.4,79,338,66,98,21,13,7,28,15,4,25,49,.290,.338,.491,.829,166,4,0,1,1,3,4,.322,112,130,paganan01
811,,Nate McLouth,Batting 1st,2008,82,379,685,55.3,82,326,67,89,32,1,17,55,13,3,37,45,.273,.362,.534,.895,174,1,10,3,3,4,3,.270,109,134,mclouna01
812,,Xander Bogaerts,Batting 3rd,2015,80,361,654,55.2,80,340,50,116,22,0,4,48,3,1,18,61,.341,.375,.441,.816,150,9,1,1,1,1,2,.406,110,102,bogaexa01
813,,Mike Cameron,Batting 2nd,2006,75,350,634,55.2,75,310,53,90,17,5,14,48,15,5,33,84,.290,.366,.513,.879,159,4,5,0,2,1,5,.355,110,127,camermi01
814,,Brian Dozier,Batting 1st,2013,74,344,623,55.2,74,312,40,79,23,3,12,44,7,2,23,63,.253,.310,.462,.771,144,6,4,2,3,0,4,.279,111,113,doziebr01
815,,Alexei Ramírez,Batting 2nd,2013,83,372,674,55.2,83,351,40,101,24,0,2,27,18,6,14,37,.288,.317,.373,.690,131,10,2,3,2,1,4,.315,99,92,ramiral03
816,,Jayson Werth,Batting 5th,2009,87,373,676,55.2,86,314,54,80,17,1,22,58,8,2,48,84,.255,.359,.525,.885,165,4,6,0,5,6,3,.272,100,125,werthja01
817,,Avisaíl García,Batting 5th,2015,80,331,601,55.1,79,300,42,77,9,1,9,40,2,6,25,79,.257,.323,.383,.707,115,7,5,0,1,3,3,.319,110,92,garciav01
818,,Adeiny Hechavarría,Batting 8th,2014,82,316,574,55.1,82,293,30,83,11,7,0,23,2,2,17,48,.283,.318,.369,.687,108,9,0,2,4,5,3,.333,107,110,hechaad01
819,,Pedro Álvarez,Batting 6th,2012,81,321,586,54.8,81,284,36,76,15,1,19,52,0,0,36,90,.268,.352,.528,.880,150,5,1,0,0,4,2,.326,124,135,alvarpe01
820,,Yoenis Céspedes,Batting 4th,2013,72,314,574,54.7,72,288,45,69,5,3,20,51,3,4,21,72,.240,.293,.486,.779,140,3,2,0,3,2,3,.246,110,94,cespeyo01
821,,Shin-Soo Choo,Batting 4th,2009,85,375,685,54.7,85,319,47,100,24,2,12,58,11,1,44,87,.313,.403,.514,.917,164,1,7,0,5,3,1,.391,107,124,choosh01
822,,Evan Longoria,Batting 4th,2010,84,360,661,54.5,84,319,56,100,26,2,16,68,8,4,31,72,.313,.369,.558,.927,178,7,2,0,8,4,2,.351,109,128,longoev01
823,,Andrew McCutchen,Batting 1st,2010,82,356,653,54.5,82,313,49,87,25,2,11,39,14,4,33,41,.278,.348,.476,.824,149,2,4,0,6,0,5,.285,101,130,mccutan01
824,,Brad Hawpe,Batting 5th,2009,78,320,588,54.4,78,275,47,79,27,1,13,49,0,1,41,85,.287,.384,.535,.919,147,11,3,0,1,3,3,.371,103,135,hawpebr01
825,,Nelson Cruz,Batting 4th,2014,87,368,678,54.3,87,339,43,88,20,1,16,40,3,1,25,79,.260,.315,.466,.781,158,6,3,0,1,3,5,.294,83,106,cruzne02
826,,Austin Jackson,Batting 1st,2014,81,356,656,54.3,80,334,37,88,14,3,1,25,12,3,18,85,.263,.303,.332,.636,111,13,2,0,2,0,0,.348,94,78,jacksau01
827,,James Loney,Batting 5th,2008,85,353,651,54.2,81,320,37,97,16,4,8,46,5,3,25,50,.303,.355,.453,.808,145,16,3,1,4,4,3,.335,109,107,loneyja01
828,,Jonny Gomes,Batting 5th,2010,74,308,571,53.9,74,274,34,71,12,1,7,40,3,2,22,65,.259,.328,.387,.715,106,3,8,0,4,2,5,.311,90,86,gomesjo01
829,,J.J. Hardy,Batting 7th,2013,89,347,644,53.9,89,322,36,89,12,0,18,44,0,1,24,37,.276,.327,.481,.808,155,8,0,1,0,2,3,.266,118,130,hardyjj01
830,,Miguel Tejada,Batting 2nd,2010,81,366,681,53.7,81,342,40,94,17,0,7,32,0,0,16,41,.275,.317,.386,.703,132,8,6,0,2,2,2,.294,103,92,tejadmi01
831,,Joey Votto,Batting 3rd,2015,86,373,695,53.7,86,288,51,90,20,0,14,41,8,3,83,77,.313,.466,.528,.994,152,9,1,0,1,10,1,.384,99,147,vottojo01
832,,James Loney,Batting 5th,2013,82,320,598,53.5,76,290,28,85,20,0,8,36,1,1,27,36,.293,.351,.445,.796,129,8,0,1,2,4,0,.310,104,115,loneyja01
833,,Vernon Wells,Batting 4th,2009,82,366,684,53.5,82,333,47,87,21,2,6,36,11,0,28,35,.261,.314,.390,.705,130,10,0,0,5,1,5,.273,99,72,wellsve01
834,,Matt Carpenter,Batting 1st,2015,80,355,665,53.4,80,314,66,98,31,2,22,50,2,2,37,84,.312,.389,.634,1.022,199,3,3,0,1,3,3,.364,132,175,carpema01
835,,Nick Swisher,Batting 3rd,2007,79,352,659,53.4,78,287,46,74,22,0,10,41,3,1,50,67,.258,.372,.439,.811,126,4,7,0,8,7,3,.294,94,93,swishni01
836,,Pat Burrell,Batting 4th,2006,70,302,567,53.3,70,248,43,65,11,0,17,56,0,0,51,74,.262,.387,.512,.900,127,8,1,0,2,1,2,.302,102,106,burrepa01
837,,Kelly Johnson,Batting 2nd,2011,73,327,613,53.3,73,291,36,51,10,2,10,28,6,3,29,88,.175,.257,.326,.583,95,2,3,4,0,1,1,.212,64,64,johnske05
838,,Nick Castellanos,Batting 6th,2014,75,308,579,53.2,73,283,28,63,12,2,5,33,1,0,20,80,.223,.276,.332,.608,94,6,2,0,3,1,4,.289,75,78,casteni01
839,,Joc Pederson,Batting 1st,2015,69,311,585,53.2,69,268,34,58,9,1,16,31,1,4,36,91,.216,.325,.437,.761,117,2,7,0,0,1,2,.261,99,107,pederjo01
840,,Alex Gordon,Batting 3rd,2008,67,303,571,53.1,67,258,36,57,16,0,10,36,0,0,36,68,.221,.327,.399,.726,103,5,6,0,3,4,4,.257,86,77,gordoal01
841,,Torii Hunter,Batting 2nd,2014,72,311,586,53.1,70,292,45,85,23,0,9,36,1,1,10,46,.291,.315,.462,.777,135,8,3,0,6,0,3,.313,102,116,hunteto01
842,,Carlos Peña,Batting 4th,2011,78,322,606,53.1,73,256,36,57,19,2,14,42,2,0,60,85,.223,.370,.477,.846,122,2,2,0,4,5,2,.267,107,114,penaca01
843,,Cody Ross,Batting 6th,2010,77,302,569,53.1,74,278,39,69,13,2,9,40,7,0,19,67,.248,.301,.406,.708,113,7,3,0,2,2,3,.294,92,90,rossco01
844,,Asdrúbal Cabrera,Batting 2nd,2011,78,353,667,52.9,78,321,50,96,18,3,16,56,9,0,20,50,.299,.352,.523,.876,168,6,7,4,1,2,1,.313,120,144,cabreas01
845,,Adrián González,Batting 5th,2006,78,334,631,52.9,78,302,47,95,23,1,15,51,0,1,28,59,.315,.371,.546,.918,165,15,1,0,3,5,3,.346,112,120,gonzaad01
846,,Brad Hawpe,Batting 6th,2006,76,304,575,52.9,73,266,35,79,18,5,10,45,3,4,38,67,.297,.385,.515,.900,137,4,0,0,0,7,1,.365,101,134,hawpebr01
847,,Austin Kearns,Batting 5th,2006,76,333,629,52.9,76,278,48,67,16,1,10,46,3,3,45,68,.241,.358,.414,.772,115,4,7,1,2,2,3,.282,87,89,kearnau01
848,,Mike Moustakas,Batting 6th,2012,77,323,614,52.6,77,297,36,75,19,1,10,40,4,0,18,69,.253,.303,.424,.728,126,2,5,0,3,0,2,.294,105,95,moustmi01
849,,Nick Markakis,Batting 3rd,2008,84,366,697,52.5,84,314,47,85,21,0,12,43,8,3,50,71,.271,.374,.452,.827,142,6,2,0,0,4,3,.316,84,101,markani01
850,,Albert Pujols,Batting 3rd,2015,84,347,661,52.5,84,317,44,82,12,0,21,48,1,2,22,36,.259,.314,.495,.809,157,10,5,0,3,2,1,.232,105,97,pujolal01
851,,Nick Swisher,Batting 2nd,2006,76,353,672,52.5,75,286,54,63,11,2,15,41,1,2,54,73,.220,.353,.430,.783,123,8,7,2,4,1,2,.238,82,104,swishni01
852,,Adam Dunn,Batting 5th,2008,83,341,651,52.4,83,273,46,69,9,0,24,53,1,1,63,83,.253,.396,.549,.945,150,1,3,0,2,5,2,.268,110,141,dunnad01
853,,Andre Ethier,Batting 4th,2012,76,323,618,52.3,75,286,46,85,24,0,10,50,1,1,27,64,.297,.368,.486,.854,139,9,7,0,3,4,6,.349,111,111,ethiean01
854,,Alex Gordon,Batting 1st,2012,83,377,721,52.3,81,335,48,103,29,3,6,31,6,4,39,70,.307,.379,.466,.845,156,10,1,0,2,2,0,.372,105,136,gordoal01
855,,Hunter Pence,Batting 6th,2008,83,336,642,52.3,83,308,44,94,20,3,16,50,9,6,24,63,.305,.363,.545,.909,168,11,4,0,0,2,4,.341,131,136,pencehu01
856,,Nick Swisher,Batting 6th,2011,78,332,635,52.3,78,268,45,68,13,0,14,52,0,1,54,61,.254,.377,.459,.835,123,9,3,0,7,4,0,.270,103,130,swishni01
857,,Ryan Theriot,Batting 2nd,2007,73,312,597,52.3,67,277,37,70,11,1,1,20,14,3,29,26,.253,.324,.310,.634,86,6,0,6,0,0,6,.276,89,69,theriry01
858,,Yuniesky Betancourt,Batting 9th,2006,88,305,584,52.2,87,293,40,84,17,4,4,32,8,5,8,30,.287,.306,.413,.719,121,2,0,4,0,0,4,.309,101,146,betanyu01
859,,Jonathan Lucroy,Batting 3rd,2014,77,342,655,52.2,77,303,38,92,24,1,8,40,1,0,36,35,.304,.377,.469,.846,142,10,1,0,2,2,3,.321,102,112,lucrojo01
860,,Frank Thomas,Batting 4th,2007,76,326,624,52.2,76,279,34,82,16,0,12,43,0,0,41,42,.294,.387,.480,.867,134,8,3,0,3,2,0,.307,103,105,thomafr04
861,,Billy Butler,Batting 4th,2015,74,313,601,52.1,74,286,29,69,15,0,5,32,0,0,22,49,.241,.297,.346,.643,99,15,2,0,3,3,2,.272,81,63,butlebi03
862,,Yunel Escobar,Batting 9th,2013,82,301,578,52.1,81,265,37,75,15,1,7,33,2,1,28,38,.283,.350,.426,.777,113,10,1,4,3,0,4,.305,122,182,escobyu01
863,,Josh Reddick,Batting 3rd,2015,70,303,582,52.1,70,276,35,69,11,3,13,42,5,1,25,37,.250,.312,.453,.765,125,4,0,0,0,1,4,.248,95,87,reddijo01
864,,Ben Zobrist,Batting 2nd,2014,74,341,654,52.1,74,293,54,88,24,2,6,31,5,4,43,38,.300,.387,.457,.844,134,4,1,0,4,0,3,.324,125,137,zobribe01
865,,Carlos Delgado,Batting 4th,2007,70,315,607,51.9,70,273,35,59,17,0,9,43,2,0,33,63,.216,.308,.377,.685,103,6,5,0,4,6,1,.244,77,62,delgaca01
866,,Ian Kinsler,Batting 1st,2014,83,377,726,51.9,83,359,53,103,19,3,12,50,6,4,13,36,.287,.316,.457,.773,164,11,3,1,1,1,5,.292,112,114,kinslia01
867,,Brandon Phillips,Batting 4th,2007,81,364,702,51.9,81,337,55,103,14,2,15,52,19,3,20,61,.306,.352,.493,.844,166,16,5,0,2,3,1,.335,108,98,phillbr01
868,,Mark Trumbo,Batting 4th,2013,80,352,678,51.9,80,316,53,76,13,2,21,59,2,2,34,91,.241,.313,.494,.806,156,10,0,0,2,2,3,.267,116,102,trumbma01
869,,Dan Uggla,Batting 5th,2010,82,349,674,51.8,82,304,50,83,15,0,12,46,2,0,41,79,.273,.358,.441,.799,134,3,1,0,3,0,0,.329,84,107,ugglada01
870,,José Guillén,Batting 3rd,2007,75,341,659,51.7,75,307,43,83,12,1,12,51,2,0,19,63,.270,.329,.433,.763,133,14,10,0,4,2,5,.301,87,80,guilljo01
871,,Gaby Sánchez,Batting 4th,2011,77,342,661,51.7,77,289,36,85,20,0,11,47,0,1,45,45,.294,.390,.478,.868,138,9,3,1,4,3,3,.312,123,120,sanchga01
872,,Pedro Feliz,Batting 7th,2006,82,332,644,51.6,82,312,40,74,20,2,9,42,1,1,15,61,.237,.269,.401,.670,125,5,0,1,4,2,5,.264,89,77,felizpe01
873,,Justin Morneau,Batting 4th,2007,80,345,668,51.6,80,305,44,87,17,1,15,59,0,1,30,43,.285,.348,.495,.843,151,12,3,0,7,3,5,.283,102,97,morneju01
874,,Dan Uggla,Batting 5th,2009,82,345,668,51.6,82,288,41,66,11,0,13,48,1,0,51,76,.229,.352,.403,.755,116,4,4,1,1,2,2,.265,87,95,ugglada01
875,,Luis Gonzalez,Batting 3rd,2006,77,344,668,51.5,77,309,43,88,27,1,9,36,0,0,33,32,.285,.355,.466,.821,144,11,1,0,1,6,3,.294,106,94,gonzalu01
876,,Hunter Pence,Batting 6th,2009,82,333,647,51.5,82,309,41,90,20,0,15,43,7,6,23,60,.291,.342,.502,.844,155,13,1,0,0,0,1,.321,105,118,pencehu01
877,,Jeff Francoeur,Batting 6th,2007,83,358,696,51.4,83,328,44,93,19,0,9,49,2,1,25,77,.284,.335,.424,.759,139,6,2,0,3,4,2,.343,95,94,francje02
878,,José López,Batting 2nd,2006,74,336,655,51.3,74,314,41,91,14,6,8,43,4,1,8,38,.290,.316,.449,.765,141,10,4,10,0,0,4,.310,110,97,lopezjo01
879,,Andrew McCutchen,Batting 3rd,2011,82,348,678,51.3,82,296,42,80,18,2,11,46,10,6,43,70,.270,.368,.456,.824,135,4,5,0,4,2,4,.315,101,105,mccutan01
880,,Jermaine Dye,Batting 4th,2008,78,330,645,51.2,78,303,47,87,19,2,19,50,2,0,21,62,.287,.342,.551,.894,167,15,5,0,1,2,5,.305,101,110,dyeje01
881,,Prince Fielder,Batting 5th,2006,80,331,648,51.1,79,295,41,79,20,1,14,41,3,2,23,66,.268,.329,.485,.814,143,9,7,0,6,0,2,.294,95,95,fieldpr01
882,,Kevin Kouzmanoff,Batting 5th,2008,80,341,668,51.0,80,313,38,79,10,3,15,48,0,0,15,80,.252,.302,.447,.749,140,7,9,0,4,1,2,.288,104,90,kouzmke01
883,,Martín Prado,Batting 2nd,2011,64,301,590,51.0,64,282,30,68,14,1,5,25,2,2,17,16,.241,.287,.351,.638,99,6,1,1,0,1,7,.241,86,79,pradoma01
884,,Robinson Canó,Batting 3rd,2015,79,343,674,50.9,79,319,37,81,21,0,7,29,2,3,18,59,.254,.297,.386,.683,123,10,3,0,3,1,6,.289,76,68,canoro01
885,,Nick Castellanos,Batting 6th,2015,76,303,595,50.9,76,278,28,80,20,1,10,40,0,1,23,75,.288,.340,.475,.815,132,13,0,0,2,0,2,.359,126,128,casteni01
886,,Brian Dozier,Batting 2nd,2014,81,360,707,50.9,81,298,58,73,19,1,9,33,7,1,53,66,.245,.367,.406,.773,121,3,5,3,1,1,2,.286,104,118,doziebr01
887,,Howie Kendrick,Batting 2nd,2010,74,335,658,50.9,73,316,31,84,22,3,2,30,9,1,12,44,.266,.295,.373,.669,118,7,2,3,2,0,3,.301,86,82,kendrho01
888,,José López,Batting 2nd,2008,77,350,687,50.9,77,325,43,102,22,0,5,43,4,1,11,27,.314,.331,.428,.759,139,9,1,6,7,1,5,.323,99,104,lopezjo01
889,,Kyle Seager,Batting 5th,2014,82,333,654,50.9,82,305,39,79,13,4,10,47,4,3,21,51,.259,.313,.426,.739,130,6,4,1,2,2,3,.280,88,102,seageky01
890,,Robinson Canó,Batting 4th,2012,81,354,697,50.8,81,314,61,107,24,1,21,64,1,1,33,46,.341,.410,.624,1.034,196,9,5,0,2,5,5,.345,122,153,canoro01
891,,Starlin Castro,Batting 2nd,2013,79,358,705,50.8,79,339,41,91,18,2,6,23,7,0,14,59,.268,.307,.386,.694,131,9,5,0,0,0,4,.310,119,93,castrst01
892,,Edwin Encarnación,Batting 4th,2012,77,327,644,50.8,77,278,52,84,14,0,22,54,6,2,41,50,.302,.404,.590,.994,164,3,7,0,1,2,3,.300,111,143,encared01
893,,Carl Crawford,Batting 3rd,2007,71,318,627,50.7,71,294,37,84,18,8,4,43,19,3,19,64,.286,.334,.442,.777,130,5,3,0,1,4,4,.352,89,83,crawfca02
894,,Nelson Cruz,Batting 3rd,2015,75,332,655,50.7,75,300,50,91,9,0,24,43,1,1,27,89,.303,.367,.573,.941,172,5,4,0,1,5,1,.356,101,129,cruzne02
895,,Mike Trout,Batting 2nd,2015,82,346,682,50.7,82,299,53,86,13,3,20,44,7,5,42,78,.288,.379,.552,.930,165,2,3,0,2,9,3,.325,88,146,troutmi01
896,,Jose Altuve,Batting 1st,2014,78,358,707,50.6,78,338,49,112,24,1,4,20,30,6,17,30,.331,.363,.444,.807,150,10,1,0,2,3,4,.353,94,126,altuvjo01
897,,Jhonny Peralta,Batting 3rd,2006,71,320,632,50.6,71,284,52,68,13,1,8,34,0,0,34,74,.239,.322,.377,.699,107,11,1,0,1,0,4,.296,98,66,peraljh01
898,,Kevin Pillar,Batting 8th,2015,80,318,628,50.6,80,294,42,93,16,1,10,35,13,2,15,47,.316,.350,.480,.830,141,2,2,4,3,1,2,.346,132,149,pillake01
899,,Vladimir Guerrero,Batting 4th,2006,80,336,665,50.5,80,297,53,110,21,1,17,63,9,5,35,35,.370,.438,.620,1.057,184,7,2,0,2,16,1,.377,127,142,guerrvl01
900,,Lyle Overbay,Batting 5th,2010,75,307,608,50.5,73,270,41,56,19,1,8,29,1,0,32,76,.207,.294,.374,.668,101,7,2,0,2,2,2,.255,76,73,overbly01
901,,Robinson Canó,Batting 7th,2007,79,337,669,50.4,79,310,50,106,21,5,10,49,1,2,22,44,.342,.384,.539,.923,167,13,1,1,3,4,3,.371,119,148,canoro01
902,,Freddie Freeman,Batting 5th,2012,75,312,620,50.3,75,266,46,76,17,1,13,51,1,0,38,59,.286,.381,.504,.885,134,8,5,0,3,2,1,.320,123,134,freemfr01
903,,Daniel Murphy,Batting 2nd,2012,73,306,612,50.0,68,285,32,88,22,1,3,31,5,1,19,40,.309,.350,.425,.774,121,4,0,0,2,1,2,.348,111,117,murphda08
904,,Kyle Seager,Batting 2nd,2015,75,343,686,50.0,75,310,50,81,19,0,14,35,5,4,28,53,.261,.327,.458,.785,142,9,3,0,2,1,4,.273,101,108,seageky01
905,,Ryan Howard,Batting 4th,2006,76,351,704,49.9,76,273,55,89,14,0,27,76,0,0,69,91,.326,.470,.674,1.144,184,2,7,0,2,28,3,.395,113,161,howarry01
906,,Dustin Pedroia,Batting 2nd,2014,67,303,609,49.8,66,286,36,76,16,0,3,25,3,1,15,36,.266,.300,.353,.653,101,9,0,0,2,0,3,.293,83,83,pedrodu01
907,,Aramis Ramírez,Batting 3rd,2011,72,311,626,49.7,72,275,47,87,15,1,16,51,1,0,26,31,.316,.383,.553,.935,152,8,6,0,4,4,2,.306,115,131,ramirar01
908,,Brandon Phillips,Batting 4th,2012,73,309,623,49.6,73,287,45,87,13,1,10,50,5,0,16,34,.303,.344,.460,.804,132,14,3,1,2,2,5,.314,114,98,phillbr01
909,,Vladimir Guerrero,Batting 3rd,2006,76,329,665,49.5,76,310,39,90,13,0,16,53,6,0,15,33,.290,.325,.487,.812,151,9,2,0,2,9,0,.281,73,90,guerrvl01
910,,Adam LaRoche,Batting 4th,2007,72,312,632,49.4,72,277,43,75,18,0,12,42,0,0,32,63,.271,.349,.466,.815,129,8,2,0,1,4,1,.310,103,91,larocad01
911,,Nelson Cruz,Batting 4th,2015,77,323,655,49.3,77,290,40,87,13,1,20,50,2,1,32,75,.300,.372,.559,.930,162,1,1,0,0,4,3,.344,100,132,cruzne02
912,,Mike Trout,Batting 3rd,2015,77,336,682,49.3,77,276,51,86,19,3,21,46,4,2,50,80,.312,.426,.630,1.056,174,9,7,0,3,5,3,.365,113,158,troutmi01
913,,Brandon Phillips,Batting 1st,2010,72,338,687,49.2,72,315,41,79,11,5,8,33,5,4,18,42,.251,.302,.394,.695,124,4,5,0,0,0,3,.268,83,95,phillbr01
914,,Chad Tracy,Batting 3rd,2006,72,326,662,49.2,72,301,45,84,23,0,11,46,3,1,22,78,.279,.325,.465,.790,140,6,0,0,3,0,3,.340,98,85,tracych01
915,,Gerardo Parra,Batting 1st,2013,70,325,663,49.0,70,296,47,81,21,3,7,23,6,7,19,55,.274,.321,.436,.757,129,4,3,4,3,1,2,.312,108,109,parrage01
916,,Martín Prado,Batting 1st,2010,66,319,651,49.0,66,292,54,94,19,3,11,31,4,1,20,40,.322,.362,.521,.882,152,2,1,1,5,1,1,.337,117,146,pradoma01
917,,Adam Jones,Batting 3rd,2011,71,302,618,48.9,71,279,25,70,12,1,13,44,6,1,14,59,.251,.285,.441,.726,123,11,2,0,7,0,4,.266,84,78,jonesad01
918,,Nick Swisher,Batting 4th,2013,72,310,634,48.9,72,265,39,66,16,1,9,27,0,0,40,65,.249,.355,.419,.774,111,5,4,0,1,2,3,.297,103,98,swishni01
919,,Adam Lind,Batting 3rd,2009,71,319,654,48.8,71,289,47,85,23,0,20,62,0,0,24,56,.294,.348,.581,.929,168,7,2,0,4,1,3,.300,97,119,lindad01
920,,Ryan Ludwick,Batting 4th,2008,69,301,617,48.8,67,264,49,78,17,0,20,59,2,3,29,72,.295,.369,.587,.956,155,3,4,0,4,2,2,.330,98,125,ludwiry01
921,,Kole Calhoun,Batting 2nd,2015,75,334,686,48.7,75,308,39,77,13,1,16,42,0,0,22,83,.250,.305,.455,.760,140,3,3,0,1,0,1,.290,107,100,calhoko01
922,,AJ Pollock,Batting 2nd,2015,72,328,673,48.7,71,303,54,99,17,2,10,38,24,2,20,52,.327,.366,.495,.861,150,13,1,0,4,0,2,.363,99,128,polloaj01
923,,Alcides Escobar,Batting 2nd,2013,69,312,642,48.6,69,292,30,70,11,1,3,25,11,0,12,41,.240,.274,.315,.589,92,9,2,5,1,1,2,.269,111,64,escobal02
924,,Kevin Youkilis,Batting 2nd,2007,64,304,625,48.6,64,256,49,78,21,0,9,37,1,2,39,39,.305,.414,.492,.907,126,3,9,0,0,0,3,.332,115,139,youklke01
925,,Adrián González,Batting 4th,2014,75,320,660,48.5,74,288,37,74,18,0,13,50,1,1,26,57,.257,.316,.455,.770,131,7,1,0,5,3,1,.274,89,104,gonzaad01
926,,Jhonny Peralta,Batting 5th,2009,73,313,645,48.5,73,278,29,70,17,1,6,38,0,2,28,62,.252,.318,.385,.703,107,9,1,2,4,0,4,.299,103,81,peraljh01
927,,Billy Butler,Batting 3rd,2011,74,326,673,48.4,74,300,38,91,25,0,13,62,1,0,18,49,.303,.340,.517,.857,155,8,2,0,6,5,4,.320,106,111,butlebi03
928,,Justin Morneau,Batting 5th,2007,77,323,668,48.4,77,285,40,73,14,2,16,52,1,0,34,48,.256,.337,.488,.825,139,5,2,0,2,8,0,.256,97,110,morneju01
929,,Josh Hamilton,Batting 4th,2013,70,307,636,48.3,69,279,23,68,13,2,7,43,3,0,20,82,.244,.293,.380,.673,106,9,2,0,6,1,1,.311,83,71,hamiljo03
930,,Mike Lowell,Batting 6th,2006,71,305,631,48.3,71,270,38,74,20,0,7,28,1,0,29,32,.274,.348,.426,.773,115,9,3,0,3,3,6,.286,92,103,lowelmi01
931,,Adam Lind,Batting 5th,2009,74,315,654,48.2,72,279,43,88,20,0,15,52,1,1,33,52,.315,.394,.548,.942,153,7,3,0,0,5,3,.344,104,141,lindad01
932,,Troy Tulowitzki,Batting 2nd,2007,70,328,682,48.1,70,290,59,86,16,3,14,57,4,5,30,66,.297,.366,.517,.883,150,4,3,3,2,0,2,.340,110,130,tulowtr01
933,,J.D. Martinez,Batting 5th,2015,78,314,657,47.8,77,289,38,82,21,1,14,47,1,1,24,83,.284,.341,.509,.849,147,7,1,0,0,3,2,.354,94,128,martijd02
934,,Albert Pujols,Batting 4th,2015,73,314,661,47.5,73,285,41,65,10,0,19,47,4,1,28,36,.228,.299,.463,.763,132,5,1,0,0,8,4,.200,94,90,pujolal01
935,,Hunter Pence,Batting 3rd,2010,72,312,658,47.4,72,292,43,84,13,1,13,49,9,4,17,55,.288,.324,.473,.796,138,4,0,0,3,0,6,.313,102,93,pencehu01
936,,Aramis Ramírez,Batting 4th,2006,74,313,660,47.4,74,277,48,72,17,2,16,46,1,1,31,34,.260,.342,.509,.851,141,6,4,0,1,2,4,.246,88,94,ramirar01
937,,Johnny Damon,Batting 2nd,2011,68,306,647,47.3,68,278,36,64,14,3,9,40,9,1,23,47,.230,.293,.399,.692,111,2,2,2,1,1,6,.247,85,94,damonjo01
938,,Nick Markakis,Batting 2nd,2008,72,330,697,47.3,71,281,59,97,27,1,8,44,2,4,48,42,.345,.439,.534,.973,150,4,0,0,1,3,3,.384,117,162,markani01
939,,Gaby Sánchez,Batting 2nd,2010,68,304,643,47.3,68,279,38,84,15,2,10,35,3,0,20,46,.301,.349,.477,.826,133,9,1,3,1,0,2,.330,109,124,sanchga01
940,,Todd Frazier,Batting 3rd,2015,71,320,678,47.2,71,294,41,74,20,0,18,51,4,3,21,51,.252,.300,.503,.803,148,9,1,0,4,1,2,.245,98,94,frazito01
941,,Starlin Castro,Batting 1st,2011,72,335,715,46.9,72,312,50,102,15,3,8,31,15,5,21,45,.327,.370,.471,.841,147,5,1,0,1,1,3,.362,118,131,castrst01
942,,Carlos Delgado,Batting 5th,2008,74,322,686,46.9,74,288,46,71,13,0,17,57,1,0,25,57,.247,.311,.469,.779,135,4,4,0,5,5,0,.247,79,98,delgaca01
943,,Ian Desmond,Batting 5th,2013,74,307,655,46.9,74,291,38,89,23,2,9,40,7,1,11,65,.306,.333,.491,.825,143,5,2,1,2,1,1,.365,109,121,desmoia01
944,,Kris Bryant,Batting 3rd,2015,68,300,650,46.2,68,260,34,66,10,4,12,42,3,2,34,99,.254,.343,.462,.805,120,3,3,0,3,0,2,.355,88,98,bryankr01
945,,Kyle Seager,Batting 3rd,2012,70,301,651,46.2,69,272,23,68,16,0,8,31,5,1,23,54,.250,.312,.397,.709,108,6,3,0,3,1,0,.282,93,75,seageky01
946,,Brian Dozier,Batting 1st,2014,69,326,707,46.1,69,282,53,68,13,0,13,35,13,5,33,61,.241,.322,.426,.748,120,5,4,0,7,0,5,.256,96,108,doziebr01
947,,Jeff Francoeur,Batting 6th,2008,70,301,653,46.1,69,275,33,66,18,1,6,37,0,1,17,57,.240,.292,.378,.671,104,8,5,0,4,3,3,.278,105,76,francje02
948,,Jed Lowrie,Batting 3rd,2013,68,305,662,46.1,68,279,39,75,18,0,7,39,0,0,23,39,.269,.325,.409,.733,114,9,1,0,2,2,0,.289,86,84,lowrije01
949,,Dan Uggla,Batting 4th,2010,73,311,674,46.1,73,273,47,82,15,0,19,57,2,1,35,68,.300,.379,.564,.944,154,6,1,0,2,2,6,.335,114,132,ugglada01
950,,Joey Votto,Batting 2nd,2015,70,320,695,46.0,70,255,44,80,13,2,15,39,3,0,60,57,.314,.450,.557,1.007,142,2,4,0,1,5,2,.353,101,168,vottojo01
951,,Andrelton Simmons,Batting 1st,2013,64,302,658,45.9,64,283,38,62,10,2,6,18,5,1,14,22,.219,.256,.332,.588,94,9,1,1,3,0,7,.217,70,63,simmoan01
952,,Adrián González,Batting 3rd,2014,71,302,660,45.8,71,270,42,83,22,0,14,64,0,0,25,48,.307,.361,.544,.905,147,5,1,0,6,5,2,.322,121,124,gonzaad01
953,,Aaron Hill,Batting 7th,2007,74,300,657,45.7,73,280,38,86,22,0,7,37,1,0,16,50,.307,.341,.461,.802,129,8,0,1,3,1,2,.350,103,116,hillaa01
954,,Ian Kinsler,Batting 2nd,2014,73,330,726,45.5,73,306,46,81,21,1,5,40,9,0,16,38,.265,.302,.389,.691,119,9,2,2,4,0,3,.285,91,93,kinslia01
955,,Evan Longoria,Batting 3rd,2010,67,301,661,45.5,67,255,40,69,20,3,6,36,7,1,41,52,.271,.375,.443,.819,113,8,3,0,2,8,2,.317,88,101,longoev01
956,,Chase Utley,Batting 2nd,2006,71,335,739,45.3,71,300,65,102,24,2,14,46,8,3,27,55,.340,.403,.573,.976,172,3,6,0,2,0,3,.378,115,152,utleych01
957,,Miguel Tejada,Batting 2nd,2009,69,303,674,45.0,69,289,41,106,26,0,7,34,2,1,9,15,.367,.393,.529,.922,153,11,4,0,1,0,5,.369,132,144,tejadmi01
958,,Dan Uggla,Batting 4th,2011,70,302,672,44.9,70,261,49,80,8,1,21,46,0,1,35,68,.307,.394,.586,.980,153,3,4,0,2,2,3,.339,156,145,ugglada01
959,,Ben Zobrist,Batting 3rd,2013,70,312,698,44.7,70,272,31,65,13,1,5,39,6,1,28,47,.239,.318,.349,.668,95,7,6,1,5,0,0,.267,77,69,zobribe01
960,,Billy Butler,Batting 4th,2010,70,302,678,44.5,70,261,35,74,18,0,6,32,0,0,36,34,.284,.371,.421,.792,110,12,2,0,3,3,4,.304,85,99,butlebi03
961,,Chase Utley,Batting 3rd,2006,69,327,739,44.2,69,289,57,84,11,2,14,40,7,1,31,67,.291,.370,.488,.858,141,4,6,0,1,1,2,.335,90,103,utleych01
962,,Alex Ríos,Batting 3rd,2007,72,313,711,44.0,71,280,47,81,19,4,6,35,9,3,29,45,.289,.361,.450,.811,126,5,3,0,1,0,2,.326,92,92,riosal01
963,,Eric Byrnes,Batting 3rd,2007,70,302,699,43.2,70,264,49,69,13,3,7,34,31,1,28,40,.261,.349,.413,.762,109,11,8,1,1,3,4,.284,89,81,byrneer01